annotation_id,annotator,content,created_at,encounter_id,label_id,label,lead_time,section,id,updated_at,note
10326,3,"Andrew Campbell is a 59-year-old male with a past medical history significant for depression, type 2 diabetes, and hypertension. He presents today with an upper respiratory infection.

Upper respiratory infection.
- Medical Reasoning: I believe he has contracted a viral syndrome. His chest x-ray was unremarkable and he has received both doses of the COVID-19 vaccination.

Depression.
• Medical Reasoning: He has been practicing barre classes and is doing well overall.

Diabetes type 2.
• Medical Reasoning: His blood glucose levels have been well controlled based on home monitoring, but his recent hemoglobin A1c was elevated.

Hypertension.
• Medical Reasoning: He has been compliant with lisinopril and his blood pressures have been well controlled based on home monitoring.",2025-06-14T21:16:45.903931Z,D2N088,10912,"[{""start"":0,""end"":37,""text"":""Andrew Campbell is a 59-year-old male"",""labels"":[""Personal Information""]},{""start"":38,""end"":127,""text"":""with a past medical history significant for depression, type 2 diabetes, and hypertension"",""labels"":[""Personal History""]},{""start"":129,""end"":183,""text"":""He presents today with an upper respiratory infection.\\n"",""labels"":[""Acute Symptoms""]},{""start"":185,""end"":280,""text"":""\\nUpper respiratory infection.\\n- Medical Reasoning: I believe he has contracted a viral syndrome."",""labels"":[""Acute Assessment""]},{""start"":281,""end"":313,""text"":""His chest x-ray was unremarkable"",""labels"":[""Radiology Examination""]},{""start"":314,""end"":373,""text"":""and he has received both doses of the COVID-19 vaccination."",""labels"":[""Theraputic History""]},{""start"":375,""end"":471,""text"":""Depression.\\n• Medical Reasoning: He has been practicing barre classes and is doing well overall."",""labels"":[""Reassessment""]},{""start"":473,""end"":587,""text"":""Diabetes type 2.\\n• Medical Reasoning: His blood glucose levels have been well controlled based on home monitoring,"",""labels"":[""Reassessment""]},{""start"":647,""end"":705,""text"":""• Medical Reasoning: He has been compliant with lisinopril"",""labels"":[""Theraputic History""]},{""start"":706,""end"":781,""text"":""and his blood pressures have been well controlled based on home monitoring."",""labels"":[""Reassessment""]},{""start"":588,""end"":631,""text"":""but his recent hemoglobin A1c was elevated."",""labels"":[""Lab Examination""]},{""start"":633,""end"":646,""text"":""Hypertension."",""labels"":[""Reassessment""]}]",1580.917,ASSESSMENT,D2N088_2,2025-06-25T13:42:37.445744Z,"{""Intent"": ""<b>ASSESSMENT</b><br><span style='color:#D84315; font-size:15px; margin-right:10px;'>Acute Assessment</span><span style='color:#689F38; font-size:15px; margin-right:10px;'>Reassessment</span><span style='color:#1E88E5; font-size:15px; margin-right:10px;'>Medications</span><span style='color:#9C27B0; font-size:15px; margin-right:10px;'>Diagnostic Testing</span><span style='color:#F06292; font-size:15px; margin-right:10px;'>Other Treatments</span><span style='color:#00897B; font-size:15px; margin-right:10px;'>Follow-up</span><span style='color:#C62828; font-size:15px; margin-right:10px;'>Discussion</span><span style='color:#6A1B9A; font-size:15px; margin-right:10px;'>Referral</span><span style='color:#C2185B; font-size:15px; margin-right:10px;'>Acute Symptoms</span><span style='color:#0288D1; font-size:15px; margin-right:10px;'>Personal Information</span><span style='color:#673AB7; font-size:15px; margin-right:10px;'>Personal History</span><span style='color:#EF6C00; font-size:15px; margin-right:10px;'>Family History</span><span style='color:#009688; font-size:15px; margin-right:10px;'>Drug History</span><span style='color:#303F9F; font-size:15px; margin-right:10px;'>Theraputic History</span><span style='color:#E91E63; font-size:15px; margin-right:10px;'>Vegetative History</span><span style='color:#26C6DA; font-size:15px; margin-right:10px;'>Other Social</span><span style='color:#00796B; font-size:15px; margin-right:10px;'>Physical Examination</span><span style='color:#5D4037; font-size:15px; margin-right:10px;'>Radiology Examination</span><span style='color:#F44336; font-size:15px; margin-right:10px;'>Lab Examination</span>"", ""Note"": ""<ol><li><span style='color:#0288D1;' data-toggle='tooltip' data-html='true' title='Personal Information'>Andrew Campbell is a 59-year-old male</span> <span style='color:#0288D1; font-size:14px;'>(<b>Personal Information</b>)</span></li><li><span style='color:#673AB7;' data-toggle='tooltip' data-html='true' title='Personal History'>with a past medical history significant for depression, type 2 diabetes, and hypertension</span> <span style='color:#673AB7; font-size:14px;'>(<b>Personal History</b>)</span></li><li><span style='color:#C2185B;' data-toggle='tooltip' data-html='true' title='Acute Symptoms'>He presents today with an upper respiratory infection.</span> <span style='color:#C2185B; font-size:14px;'>(<b>Acute Symptoms</b>)</span></li><li><span style='color:#D84315;' data-toggle='tooltip' data-html='true' title='Acute Assessment'>Upper respiratory infection.\n- Medical Reasoning: I believe he has contracted a viral syndrome.</span> <span style='color:#D84315; font-size:14px;'>(<b>Acute Assessment</b>)</span></li><li><span style='color:#5D4037;' data-toggle='tooltip' data-html='true' title='Radiology Examination'>His chest x-ray was unremarkable</span> <span style='color:#5D4037; font-size:14px;'>(<b>Radiology Examination</b>)</span></li><li><span style='color:#303F9F;' data-toggle='tooltip' data-html='true' title='Theraputic History'>and he has received both doses of the COVID-19 vaccination.</span> <span style='color:#303F9F; font-size:14px;'>(<b>Theraputic History</b>)</span></li><li><span style='color:#689F38;' data-toggle='tooltip' data-html='true' title='Reassessment'>Depression.\n• Medical Reasoning: He has been practicing barre classes and is doing well overall.</span> <span style='color:#689F38; font-size:14px;'>(<b>Reassessment</b>)</span></li><li><span style='color:#689F38;' data-toggle='tooltip' data-html='true' title='Reassessment'>Diabetes type 2.\n• Medical Reasoning: His blood glucose levels have been well controlled based on home monitoring,</span> <span style='color:#689F38; font-size:14px;'>(<b>Reassessment</b>)</span></li><li><span style='color:#F44336;' data-toggle='tooltip' data-html='true' title='Lab Examination'>but his recent hemoglobin A1c was elevated.</span> <span style='color:#F44336; font-size:14px;'>(<b>Lab Examination</b>)</span></li><li><span style='color:#689F38;' data-toggle='tooltip' data-html='true' title='Reassessment'>Hypertension.</span> <span style='color:#689F38; font-size:14px;'>(<b>Reassessment</b>)</span></li><li><span style='color:#303F9F;' data-toggle='tooltip' data-html='true' title='Theraputic History'>• Medical Reasoning: He has been compliant with lisinopril</span> <span style='color:#303F9F; font-size:14px;'>(<b>Theraputic History</b>)</span></li><li><span style='color:#689F38;' data-toggle='tooltip' data-html='true' title='Reassessment'>and his blood pressures have been well controlled based on home monitoring.</span> <span style='color:#689F38; font-size:14px;'>(<b>Reassessment</b>)</span></li></ol>""}"
10327,3,"Andrea Roberts is a 52-year-old female with a past medical history significant for rheumatoid arthritis, atrial fibrillation, and reflux, who presents today for her annual exam. It has been a year since she was last seen.

Rheumatoid arthritis.
- Medical Reasoning: The patient has remained active and has been compliant with methotrexate once weekly. Her recent autoimmune panel was normal.

Atrial fibrillation.
• Medical Reasoning: She continues to experience episodes of palpitations. Her most recent episode was about 1 week ago. She is in normal sinus rhythm today, but her recent cardiac event monitor demonstrated a conversion pause.

GERD.
• Medical Reasoning: She has been compliant with dietary modifications and denies any episodes in approximately 5 months.",2025-06-14T21:18:28.609462Z,D2N089,10913,"[{""start"":0,""end"":38,""text"":""Andrea Roberts is a 52-year-old female"",""labels"":[""Personal Information""]},{""start"":39,""end"":137,""text"":""with a past medical history significant for rheumatoid arthritis, atrial fibrillation, and reflux,"",""labels"":[""Personal History""]},{""start"":138,""end"":176,""text"":""who presents today for her annual exam"",""labels"":[""Acute Symptoms""]},{""start"":178,""end"":221,""text"":""It has been a year since she was last seen."",""labels"":[""Personal Information""]},{""start"":223,""end"":244,""text"":""Rheumatoid arthritis."",""labels"":[""Reassessment""]},{""start"":245,""end"":351,""text"":""- Medical Reasoning: The patient has remained active and has been compliant with methotrexate once weekly."",""labels"":[""Theraputic History""]},{""start"":352,""end"":391,""text"":""Her recent autoimmune panel was normal."",""labels"":[""Lab Examination""]},{""start"":393,""end"":413,""text"":""Atrial fibrillation."",""labels"":[""Reassessment""]},{""start"":643,""end"":648,""text"":""GERD."",""labels"":[""Reassessment""]},{""start"":649,""end"":770,""text"":""• Medical Reasoning: She has been compliant with dietary modifications and denies any episodes in approximately 5 months."",""labels"":[""Theraputic History""]},{""start"":414,""end"":534,""text"":""• Medical Reasoning: She continues to experience episodes of palpitations. Her most recent episode was about 1 week ago."",""labels"":[""Personal History""]},{""start"":535,""end"":641,""text"":""She is in normal sinus rhythm today, but her recent cardiac event monitor demonstrated a conversion pause."",""labels"":[""Reassessment""]}]",279.531,ASSESSMENT,D2N089_2,2025-06-25T13:42:54.537434Z,"{""Intent"": ""<b>ASSESSMENT</b><br><span style='color:#D84315; font-size:15px; margin-right:10px;'>Acute Assessment</span><span style='color:#689F38; font-size:15px; margin-right:10px;'>Reassessment</span><span style='color:#1E88E5; font-size:15px; margin-right:10px;'>Medications</span><span style='color:#9C27B0; font-size:15px; margin-right:10px;'>Diagnostic Testing</span><span style='color:#F06292; font-size:15px; margin-right:10px;'>Other Treatments</span><span style='color:#00897B; font-size:15px; margin-right:10px;'>Follow-up</span><span style='color:#C62828; font-size:15px; margin-right:10px;'>Discussion</span><span style='color:#6A1B9A; font-size:15px; margin-right:10px;'>Referral</span><span style='color:#C2185B; font-size:15px; margin-right:10px;'>Acute Symptoms</span><span style='color:#0288D1; font-size:15px; margin-right:10px;'>Personal Information</span><span style='color:#673AB7; font-size:15px; margin-right:10px;'>Personal History</span><span style='color:#EF6C00; font-size:15px; margin-right:10px;'>Family History</span><span style='color:#009688; font-size:15px; margin-right:10px;'>Drug History</span><span style='color:#303F9F; font-size:15px; margin-right:10px;'>Theraputic History</span><span style='color:#E91E63; font-size:15px; margin-right:10px;'>Vegetative History</span><span style='color:#26C6DA; font-size:15px; margin-right:10px;'>Other Social</span><span style='color:#00796B; font-size:15px; margin-right:10px;'>Physical Examination</span><span style='color:#5D4037; font-size:15px; margin-right:10px;'>Radiology Examination</span><span style='color:#F44336; font-size:15px; margin-right:10px;'>Lab Examination</span>"", ""Note"": ""<ol><li><span style='color:#0288D1;' data-toggle='tooltip' data-html='true' title='Personal Information'>Andrea Roberts is a 52-year-old female</span> <span style='color:#0288D1; font-size:14px;'>(<b>Personal Information</b>)</span></li><li><span style='color:#673AB7;' data-toggle='tooltip' data-html='true' title='Personal History'>with a past medical history significant for rheumatoid arthritis, atrial fibrillation, and reflux,</span> <span style='color:#673AB7; font-size:14px;'>(<b>Personal History</b>)</span></li><li><span style='color:#C2185B;' data-toggle='tooltip' data-html='true' title='Acute Symptoms'>who presents today for her annual exam</span> <span style='color:#C2185B; font-size:14px;'>(<b>Acute Symptoms</b>)</span></li><li><span style='color:#0288D1;' data-toggle='tooltip' data-html='true' title='Personal Information'>It has been a year since she was last seen.</span> <span style='color:#0288D1; font-size:14px;'>(<b>Personal Information</b>)</span></li><li><span style='color:#689F38;' data-toggle='tooltip' data-html='true' title='Reassessment'>Rheumatoid arthritis.</span> <span style='color:#689F38; font-size:14px;'>(<b>Reassessment</b>)</span></li><li><span style='color:#303F9F;' data-toggle='tooltip' data-html='true' title='Theraputic History'>- Medical Reasoning: The patient has remained active and has been compliant with methotrexate once weekly.</span> <span style='color:#303F9F; font-size:14px;'>(<b>Theraputic History</b>)</span></li><li><span style='color:#F44336;' data-toggle='tooltip' data-html='true' title='Lab Examination'>Her recent autoimmune panel was normal.</span> <span style='color:#F44336; font-size:14px;'>(<b>Lab Examination</b>)</span></li><li><span style='color:#689F38;' data-toggle='tooltip' data-html='true' title='Reassessment'>Atrial fibrillation.</span> <span style='color:#689F38; font-size:14px;'>(<b>Reassessment</b>)</span></li><li><span style='color:#673AB7;' data-toggle='tooltip' data-html='true' title='Personal History'>• Medical Reasoning: She continues to experience episodes of palpitations. Her most recent episode was about 1 week ago.</span> <span style='color:#673AB7; font-size:14px;'>(<b>Personal History</b>)</span></li><li><span style='color:#689F38;' data-toggle='tooltip' data-html='true' title='Reassessment'>She is in normal sinus rhythm today, but her recent cardiac event monitor demonstrated a conversion pause.</span> <span style='color:#689F38; font-size:14px;'>(<b>Reassessment</b>)</span></li><li><span style='color:#689F38;' data-toggle='tooltip' data-html='true' title='Reassessment'>GERD.</span> <span style='color:#689F38; font-size:14px;'>(<b>Reassessment</b>)</span></li><li><span style='color:#303F9F;' data-toggle='tooltip' data-html='true' title='Theraputic History'>• Medical Reasoning: She has been compliant with dietary modifications and denies any episodes in approximately 5 months.</span> <span style='color:#303F9F; font-size:14px;'>(<b>Theraputic History</b>)</span></li></ol>""}"
10328,3,"Albert Powell is a 62-year-old male with a past medical history significant for depression, type 2 diabetes, and kidney transplant. He is here today for an emergency room follow-up.

Hyperglycemia.
- Medical Reasoning: He was recently seen in the emergency department with elevated blood glucose levels. He admits to dietary indiscretion prior to this, but has since improved his diet. His recent blood glucose level was 162, and his recent hemoglobin A1c was 8.

Depression.
• Medical Reasoning: He reports personal stressors over the past year and a half but is doing well overall. He recently started meditating.

Status post renal transplant.
• Medical Reasoning: His kidney function appears stable and he has been compliant with his immunotherapy medications.",2025-06-14T21:20:28.875818Z,D2N090,10914,"[{""start"":0,""end"":35,""text"":""Albert Powell is a 62-year-old male"",""labels"":[""Personal Information""]},{""start"":36,""end"":131,""text"":""with a past medical history significant for depression, type 2 diabetes, and kidney transplant."",""labels"":[""Personal History""]},{""start"":132,""end"":181,""text"":""He is here today for an emergency room follow-up."",""labels"":[""Acute Symptoms""]},{""start"":183,""end"":197,""text"":""Hyperglycemia."",""labels"":[""Reassessment""]},{""start"":303,""end"":384,""text"":"" He admits to dietary indiscretion prior to this, but has since improved his diet"",""labels"":[""Personal History""]},{""start"":386,""end"":462,""text"":""His recent blood glucose level was 162, and his recent hemoglobin A1c was 8."",""labels"":[""Lab Examination""]},{""start"":464,""end"":583,""text"":""Depression.\\n• Medical Reasoning: He reports personal stressors over the past year and a half but is doing well overall."",""labels"":[""Reassessment""]},{""start"":584,""end"":615,""text"":""He recently started meditating."",""labels"":[""Theraputic History""]},{""start"":617,""end"":702,""text"":""Status post renal transplant.\\n• Medical Reasoning: His kidney function appears stable"",""labels"":[""Reassessment""]},{""start"":703,""end"":764,""text"":""and he has been compliant with his immunotherapy medications."",""labels"":[""Theraputic History""]},{""start"":198,""end"":302,""text"":""- Medical Reasoning: He was recently seen in the emergency department with elevated blood glucose levels"",""labels"":[""Personal History""]}]",224.694,ASSESSMENT,D2N090_2,2025-06-25T13:43:13.261797Z,"{""Intent"": ""<b>ASSESSMENT</b><br><span style='color:#D84315; font-size:15px; margin-right:10px;'>Acute Assessment</span><span style='color:#689F38; font-size:15px; margin-right:10px;'>Reassessment</span><span style='color:#1E88E5; font-size:15px; margin-right:10px;'>Medications</span><span style='color:#9C27B0; font-size:15px; margin-right:10px;'>Diagnostic Testing</span><span style='color:#F06292; font-size:15px; margin-right:10px;'>Other Treatments</span><span style='color:#00897B; font-size:15px; margin-right:10px;'>Follow-up</span><span style='color:#C62828; font-size:15px; margin-right:10px;'>Discussion</span><span style='color:#6A1B9A; font-size:15px; margin-right:10px;'>Referral</span><span style='color:#C2185B; font-size:15px; margin-right:10px;'>Acute Symptoms</span><span style='color:#0288D1; font-size:15px; margin-right:10px;'>Personal Information</span><span style='color:#673AB7; font-size:15px; margin-right:10px;'>Personal History</span><span style='color:#EF6C00; font-size:15px; margin-right:10px;'>Family History</span><span style='color:#009688; font-size:15px; margin-right:10px;'>Drug History</span><span style='color:#303F9F; font-size:15px; margin-right:10px;'>Theraputic History</span><span style='color:#E91E63; font-size:15px; margin-right:10px;'>Vegetative History</span><span style='color:#26C6DA; font-size:15px; margin-right:10px;'>Other Social</span><span style='color:#00796B; font-size:15px; margin-right:10px;'>Physical Examination</span><span style='color:#5D4037; font-size:15px; margin-right:10px;'>Radiology Examination</span><span style='color:#F44336; font-size:15px; margin-right:10px;'>Lab Examination</span>"", ""Note"": ""<ol><li><span style='color:#0288D1;' data-toggle='tooltip' data-html='true' title='Personal Information'>Albert Powell is a 62-year-old male</span> <span style='color:#0288D1; font-size:14px;'>(<b>Personal Information</b>)</span></li><li><span style='color:#673AB7;' data-toggle='tooltip' data-html='true' title='Personal History'>with a past medical history significant for depression, type 2 diabetes, and kidney transplant.</span> <span style='color:#673AB7; font-size:14px;'>(<b>Personal History</b>)</span></li><li><span style='color:#C2185B;' data-toggle='tooltip' data-html='true' title='Acute Symptoms'>He is here today for an emergency room follow-up.</span> <span style='color:#C2185B; font-size:14px;'>(<b>Acute Symptoms</b>)</span></li><li><span style='color:#689F38;' data-toggle='tooltip' data-html='true' title='Reassessment'>Hyperglycemia.</span> <span style='color:#689F38; font-size:14px;'>(<b>Reassessment</b>)</span></li><li><span style='color:#673AB7;' data-toggle='tooltip' data-html='true' title='Personal History'>- Medical Reasoning: He was recently seen in the emergency department with elevated blood glucose levels</span> <span style='color:#673AB7; font-size:14px;'>(<b>Personal History</b>)</span></li><li><span style='color:#673AB7;' data-toggle='tooltip' data-html='true' title='Personal History'> He admits to dietary indiscretion prior to this, but has since improved his diet</span> <span style='color:#673AB7; font-size:14px;'>(<b>Personal History</b>)</span></li><li><span style='color:#F44336;' data-toggle='tooltip' data-html='true' title='Lab Examination'>His recent blood glucose level was 162, and his recent hemoglobin A1c was 8.</span> <span style='color:#F44336; font-size:14px;'>(<b>Lab Examination</b>)</span></li><li><span style='color:#689F38;' data-toggle='tooltip' data-html='true' title='Reassessment'>Depression.\n• Medical Reasoning: He reports personal stressors over the past year and a half but is doing well overall.</span> <span style='color:#689F38; font-size:14px;'>(<b>Reassessment</b>)</span></li><li><span style='color:#303F9F;' data-toggle='tooltip' data-html='true' title='Theraputic History'>He recently started meditating.</span> <span style='color:#303F9F; font-size:14px;'>(<b>Theraputic History</b>)</span></li><li><span style='color:#689F38;' data-toggle='tooltip' data-html='true' title='Reassessment'>Status post renal transplant.\n• Medical Reasoning: His kidney function appears stable</span> <span style='color:#689F38; font-size:14px;'>(<b>Reassessment</b>)</span></li><li><span style='color:#303F9F;' data-toggle='tooltip' data-html='true' title='Theraputic History'>and he has been compliant with his immunotherapy medications.</span> <span style='color:#303F9F; font-size:14px;'>(<b>Theraputic History</b>)</span></li></ol>""}"
10329,3,"ASSESSMENT

Jerry Nguyen a 54-year-old male with a past medical history significant for osteoporosis, and multiple sclerosis, who presents for an annual exam.",2025-06-14T21:21:01.117747Z,D2N091,10915,"[{""start"":12,""end"":43,""text"":""Jerry Nguyen a 54-year-old male"",""labels"":[""Personal Information""]},{""start"":44,""end"":124,""text"":""with a past medical history significant for osteoporosis, and multiple sclerosis"",""labels"":[""Personal History""]},{""start"":126,""end"":158,""text"":""who presents for an annual exam."",""labels"":[""Acute Symptoms""]}]",29.045,ASSESSMENT,D2N091_2,2025-06-14T21:21:01.117796Z,"{""Intent"": ""<b>ASSESSMENT</b><br><span style='color:#D84315; font-size:15px; margin-right:10px;'>Acute Assessment</span><span style='color:#689F38; font-size:15px; margin-right:10px;'>Reassessment</span><span style='color:#1E88E5; font-size:15px; margin-right:10px;'>Medications</span><span style='color:#9C27B0; font-size:15px; margin-right:10px;'>Diagnostic Testing</span><span style='color:#F06292; font-size:15px; margin-right:10px;'>Other Treatments</span><span style='color:#00897B; font-size:15px; margin-right:10px;'>Follow-up</span><span style='color:#C62828; font-size:15px; margin-right:10px;'>Discussion</span><span style='color:#6A1B9A; font-size:15px; margin-right:10px;'>Referral</span><span style='color:#C2185B; font-size:15px; margin-right:10px;'>Acute Symptoms</span><span style='color:#0288D1; font-size:15px; margin-right:10px;'>Personal Information</span><span style='color:#673AB7; font-size:15px; margin-right:10px;'>Personal History</span><span style='color:#EF6C00; font-size:15px; margin-right:10px;'>Family History</span><span style='color:#009688; font-size:15px; margin-right:10px;'>Drug History</span><span style='color:#303F9F; font-size:15px; margin-right:10px;'>Theraputic History</span><span style='color:#E91E63; font-size:15px; margin-right:10px;'>Vegetative History</span><span style='color:#26C6DA; font-size:15px; margin-right:10px;'>Other Social</span><span style='color:#00796B; font-size:15px; margin-right:10px;'>Physical Examination</span><span style='color:#5D4037; font-size:15px; margin-right:10px;'>Radiology Examination</span><span style='color:#F44336; font-size:15px; margin-right:10px;'>Lab Examination</span>"", ""Note"": ""<ol><li><span style='color:#0288D1;' data-toggle='tooltip' data-html='true' title='Personal Information'>Jerry Nguyen a 54-year-old male</span> <span style='color:#0288D1; font-size:14px;'>(<b>Personal Information</b>)</span></li><li><span style='color:#673AB7;' data-toggle='tooltip' data-html='true' title='Personal History'>with a past medical history significant for osteoporosis, and multiple sclerosis</span> <span style='color:#673AB7; font-size:14px;'>(<b>Personal History</b>)</span></li><li><span style='color:#C2185B;' data-toggle='tooltip' data-html='true' title='Acute Symptoms'>who presents for an annual exam.</span> <span style='color:#C2185B; font-size:14px;'>(<b>Acute Symptoms</b>)</span></li></ol>""}"
10330,3,"IMPRESSION

Right wrist sprain.",2025-06-14T21:21:09.747665Z,D2N092,10916,"[{""start"":12,""end"":31,""text"":""Right wrist sprain."",""labels"":[""Acute Assessment""]}]",5.99,ASSESSMENT,D2N092_2,2025-06-14T21:21:09.747709Z,"{""Intent"": ""<b>ASSESSMENT</b><br><span style='color:#D84315; font-size:15px; margin-right:10px;'>Acute Assessment</span><span style='color:#689F38; font-size:15px; margin-right:10px;'>Reassessment</span><span style='color:#1E88E5; font-size:15px; margin-right:10px;'>Medications</span><span style='color:#9C27B0; font-size:15px; margin-right:10px;'>Diagnostic Testing</span><span style='color:#F06292; font-size:15px; margin-right:10px;'>Other Treatments</span><span style='color:#00897B; font-size:15px; margin-right:10px;'>Follow-up</span><span style='color:#C62828; font-size:15px; margin-right:10px;'>Discussion</span><span style='color:#6A1B9A; font-size:15px; margin-right:10px;'>Referral</span><span style='color:#C2185B; font-size:15px; margin-right:10px;'>Acute Symptoms</span><span style='color:#0288D1; font-size:15px; margin-right:10px;'>Personal Information</span><span style='color:#673AB7; font-size:15px; margin-right:10px;'>Personal History</span><span style='color:#EF6C00; font-size:15px; margin-right:10px;'>Family History</span><span style='color:#009688; font-size:15px; margin-right:10px;'>Drug History</span><span style='color:#303F9F; font-size:15px; margin-right:10px;'>Theraputic History</span><span style='color:#E91E63; font-size:15px; margin-right:10px;'>Vegetative History</span><span style='color:#26C6DA; font-size:15px; margin-right:10px;'>Other Social</span><span style='color:#00796B; font-size:15px; margin-right:10px;'>Physical Examination</span><span style='color:#5D4037; font-size:15px; margin-right:10px;'>Radiology Examination</span><span style='color:#F44336; font-size:15px; margin-right:10px;'>Lab Examination</span>"", ""Note"": ""<ol><li><span style='color:#D84315;' data-toggle='tooltip' data-html='true' title='Acute Assessment'>Right wrist sprain.</span> <span style='color:#D84315; font-size:14px;'>(<b>Acute Assessment</b>)</span></li></ol>""}"
10331,3,"ASSESSMENT

Lawrence Walker is a 62-year-old male with a past medical history significant for type 1 diabetes, congestive heart failure, depression, and reflux, who presents with complaints of shortness of breath.",2025-06-14T21:21:30.534077Z,D2N093,10917,"[{""start"":12,""end"":49,""text"":""Lawrence Walker is a 62-year-old male"",""labels"":[""Personal Information""]},{""start"":50,""end"":159,""text"":""with a past medical history significant for type 1 diabetes, congestive heart failure, depression, and reflux"",""labels"":[""Personal History""]},{""start"":161,""end"":213,""text"":""who presents with complaints of shortness of breath."",""labels"":[""Acute Symptoms""]}]",18.852,ASSESSMENT,D2N093_2,2025-06-14T21:21:30.534119Z,"{""Intent"": ""<b>ASSESSMENT</b><br><span style='color:#D84315; font-size:15px; margin-right:10px;'>Acute Assessment</span><span style='color:#689F38; font-size:15px; margin-right:10px;'>Reassessment</span><span style='color:#1E88E5; font-size:15px; margin-right:10px;'>Medications</span><span style='color:#9C27B0; font-size:15px; margin-right:10px;'>Diagnostic Testing</span><span style='color:#F06292; font-size:15px; margin-right:10px;'>Other Treatments</span><span style='color:#00897B; font-size:15px; margin-right:10px;'>Follow-up</span><span style='color:#C62828; font-size:15px; margin-right:10px;'>Discussion</span><span style='color:#6A1B9A; font-size:15px; margin-right:10px;'>Referral</span><span style='color:#C2185B; font-size:15px; margin-right:10px;'>Acute Symptoms</span><span style='color:#0288D1; font-size:15px; margin-right:10px;'>Personal Information</span><span style='color:#673AB7; font-size:15px; margin-right:10px;'>Personal History</span><span style='color:#EF6C00; font-size:15px; margin-right:10px;'>Family History</span><span style='color:#009688; font-size:15px; margin-right:10px;'>Drug History</span><span style='color:#303F9F; font-size:15px; margin-right:10px;'>Theraputic History</span><span style='color:#E91E63; font-size:15px; margin-right:10px;'>Vegetative History</span><span style='color:#26C6DA; font-size:15px; margin-right:10px;'>Other Social</span><span style='color:#00796B; font-size:15px; margin-right:10px;'>Physical Examination</span><span style='color:#5D4037; font-size:15px; margin-right:10px;'>Radiology Examination</span><span style='color:#F44336; font-size:15px; margin-right:10px;'>Lab Examination</span>"", ""Note"": ""<ol><li><span style='color:#0288D1;' data-toggle='tooltip' data-html='true' title='Personal Information'>Lawrence Walker is a 62-year-old male</span> <span style='color:#0288D1; font-size:14px;'>(<b>Personal Information</b>)</span></li><li><span style='color:#673AB7;' data-toggle='tooltip' data-html='true' title='Personal History'>with a past medical history significant for type 1 diabetes, congestive heart failure, depression, and reflux</span> <span style='color:#673AB7; font-size:14px;'>(<b>Personal History</b>)</span></li><li><span style='color:#C2185B;' data-toggle='tooltip' data-html='true' title='Acute Symptoms'>who presents with complaints of shortness of breath.</span> <span style='color:#C2185B; font-size:14px;'>(<b>Acute Symptoms</b>)</span></li></ol>""}"
10332,3,"IMPRESSION

Right index finger DIP joint sprain.",2025-06-14T21:21:49.114929Z,D2N094,10918,"[{""start"":12,""end"":48,""text"":""Right index finger DIP joint sprain."",""labels"":[""Acute Assessment""]}]",6.563,ASSESSMENT,D2N094_2,2025-06-14T21:21:49.114975Z,"{""Intent"": ""<b>ASSESSMENT</b><br><span style='color:#D84315; font-size:15px; margin-right:10px;'>Acute Assessment</span><span style='color:#689F38; font-size:15px; margin-right:10px;'>Reassessment</span><span style='color:#1E88E5; font-size:15px; margin-right:10px;'>Medications</span><span style='color:#9C27B0; font-size:15px; margin-right:10px;'>Diagnostic Testing</span><span style='color:#F06292; font-size:15px; margin-right:10px;'>Other Treatments</span><span style='color:#00897B; font-size:15px; margin-right:10px;'>Follow-up</span><span style='color:#C62828; font-size:15px; margin-right:10px;'>Discussion</span><span style='color:#6A1B9A; font-size:15px; margin-right:10px;'>Referral</span><span style='color:#C2185B; font-size:15px; margin-right:10px;'>Acute Symptoms</span><span style='color:#0288D1; font-size:15px; margin-right:10px;'>Personal Information</span><span style='color:#673AB7; font-size:15px; margin-right:10px;'>Personal History</span><span style='color:#EF6C00; font-size:15px; margin-right:10px;'>Family History</span><span style='color:#009688; font-size:15px; margin-right:10px;'>Drug History</span><span style='color:#303F9F; font-size:15px; margin-right:10px;'>Theraputic History</span><span style='color:#E91E63; font-size:15px; margin-right:10px;'>Vegetative History</span><span style='color:#26C6DA; font-size:15px; margin-right:10px;'>Other Social</span><span style='color:#00796B; font-size:15px; margin-right:10px;'>Physical Examination</span><span style='color:#5D4037; font-size:15px; margin-right:10px;'>Radiology Examination</span><span style='color:#F44336; font-size:15px; margin-right:10px;'>Lab Examination</span>"", ""Note"": ""<ol><li><span style='color:#D84315;' data-toggle='tooltip' data-html='true' title='Acute Assessment'>Right index finger DIP joint sprain.</span> <span style='color:#D84315; font-size:14px;'>(<b>Acute Assessment</b>)</span></li></ol>""}"
10333,3,"Ms. Ramirez is a 34-year-old female with a past medical history significant for hypertension, who presents today with back pain.

Back pain.
- Medical Reasoning: She experienced a spasm-like pain in her back while walking approximately 6 days ago. She has also been lifting weights recently. Her lumbar spine x-ray was unremarkable and her recent labs were normal. I believe she has a lumbar strain.

Hypertension.
• Medical Reasoning: This is well controlled with lisinopril and dietary modifications based on home monitoring.",2025-06-14T21:23:07.553093Z,D2N095,10919,"[{""start"":0,""end"":35,""text"":""Ms. Ramirez is a 34-year-old female"",""labels"":[""Personal Information""]},{""start"":36,""end"":92,""text"":""with a past medical history significant for hypertension"",""labels"":[""Personal History""]},{""start"":94,""end"":128,""text"":""who presents today with back pain."",""labels"":[""Acute Symptoms""]},{""start"":130,""end"":140,""text"":""Back pain."",""labels"":[""Acute Assessment""]},{""start"":141,""end"":246,""text"":""- Medical Reasoning: She experienced a spasm-like pain in her back while walking approximately 6 days ago"",""labels"":[""Acute Symptoms""]},{""start"":248,""end"":290,""text"":""She has also been lifting weights recently"",""labels"":[""Other Social""]},{""start"":365,""end"":399,""text"":""I believe she has a lumbar strain."",""labels"":[""Acute Assessment""]},{""start"":401,""end"":459,""text"":""Hypertension.\\n• Medical Reasoning: This is well controlled"",""labels"":[""Reassessment""]},{""start"":460,""end"":527,""text"":""with lisinopril and dietary modifications based on home monitoring."",""labels"":[""Theraputic History""]},{""start"":292,""end"":331,""text"":""Her lumbar spine x-ray was unremarkable"",""labels"":[""Radiology Examination""]},{""start"":332,""end"":363,""text"":""and her recent labs were normal"",""labels"":[""Lab Examination""]}]",112.936,ASSESSMENT,D2N095_2,2025-06-25T13:43:42.537281Z,"{""Intent"": ""<b>ASSESSMENT</b><br><span style='color:#D84315; font-size:15px; margin-right:10px;'>Acute Assessment</span><span style='color:#689F38; font-size:15px; margin-right:10px;'>Reassessment</span><span style='color:#1E88E5; font-size:15px; margin-right:10px;'>Medications</span><span style='color:#9C27B0; font-size:15px; margin-right:10px;'>Diagnostic Testing</span><span style='color:#F06292; font-size:15px; margin-right:10px;'>Other Treatments</span><span style='color:#00897B; font-size:15px; margin-right:10px;'>Follow-up</span><span style='color:#C62828; font-size:15px; margin-right:10px;'>Discussion</span><span style='color:#6A1B9A; font-size:15px; margin-right:10px;'>Referral</span><span style='color:#C2185B; font-size:15px; margin-right:10px;'>Acute Symptoms</span><span style='color:#0288D1; font-size:15px; margin-right:10px;'>Personal Information</span><span style='color:#673AB7; font-size:15px; margin-right:10px;'>Personal History</span><span style='color:#EF6C00; font-size:15px; margin-right:10px;'>Family History</span><span style='color:#009688; font-size:15px; margin-right:10px;'>Drug History</span><span style='color:#303F9F; font-size:15px; margin-right:10px;'>Theraputic History</span><span style='color:#E91E63; font-size:15px; margin-right:10px;'>Vegetative History</span><span style='color:#26C6DA; font-size:15px; margin-right:10px;'>Other Social</span><span style='color:#00796B; font-size:15px; margin-right:10px;'>Physical Examination</span><span style='color:#5D4037; font-size:15px; margin-right:10px;'>Radiology Examination</span><span style='color:#F44336; font-size:15px; margin-right:10px;'>Lab Examination</span>"", ""Note"": ""<ol><li><span style='color:#0288D1;' data-toggle='tooltip' data-html='true' title='Personal Information'>Ms. Ramirez is a 34-year-old female</span> <span style='color:#0288D1; font-size:14px;'>(<b>Personal Information</b>)</span></li><li><span style='color:#673AB7;' data-toggle='tooltip' data-html='true' title='Personal History'>with a past medical history significant for hypertension</span> <span style='color:#673AB7; font-size:14px;'>(<b>Personal History</b>)</span></li><li><span style='color:#C2185B;' data-toggle='tooltip' data-html='true' title='Acute Symptoms'>who presents today with back pain.</span> <span style='color:#C2185B; font-size:14px;'>(<b>Acute Symptoms</b>)</span></li><li><span style='color:#D84315;' data-toggle='tooltip' data-html='true' title='Acute Assessment'>Back pain.</span> <span style='color:#D84315; font-size:14px;'>(<b>Acute Assessment</b>)</span></li><li><span style='color:#C2185B;' data-toggle='tooltip' data-html='true' title='Acute Symptoms'>- Medical Reasoning: She experienced a spasm-like pain in her back while walking approximately 6 days ago</span> <span style='color:#C2185B; font-size:14px;'>(<b>Acute Symptoms</b>)</span></li><li><span style='color:#26C6DA;' data-toggle='tooltip' data-html='true' title='Other Social'>She has also been lifting weights recently</span> <span style='color:#26C6DA; font-size:14px;'>(<b>Other Social</b>)</span></li><li><span style='color:#5D4037;' data-toggle='tooltip' data-html='true' title='Radiology Examination'>Her lumbar spine x-ray was unremarkable</span> <span style='color:#5D4037; font-size:14px;'>(<b>Radiology Examination</b>)</span></li><li><span style='color:#F44336;' data-toggle='tooltip' data-html='true' title='Lab Examination'>and her recent labs were normal</span> <span style='color:#F44336; font-size:14px;'>(<b>Lab Examination</b>)</span></li><li><span style='color:#D84315;' data-toggle='tooltip' data-html='true' title='Acute Assessment'>I believe she has a lumbar strain.</span> <span style='color:#D84315; font-size:14px;'>(<b>Acute Assessment</b>)</span></li><li><span style='color:#689F38;' data-toggle='tooltip' data-html='true' title='Reassessment'>Hypertension.\n• Medical Reasoning: This is well controlled</span> <span style='color:#689F38; font-size:14px;'>(<b>Reassessment</b>)</span></li><li><span style='color:#303F9F;' data-toggle='tooltip' data-html='true' title='Theraputic History'>with lisinopril and dietary modifications based on home monitoring.</span> <span style='color:#303F9F; font-size:14px;'>(<b>Theraputic History</b>)</span></li></ol>""}"
10334,3,,2025-06-14T21:23:12.114850Z,D2N096,10920,,2.949,ASSESSMENT,D2N096_2,2025-06-14T21:23:12.114892Z,"{""Intent"": ""<b>ASSESSMENT</b><br><span style='color:#D84315; font-size:15px; margin-right:10px;'>Acute Assessment</span><span style='color:#689F38; font-size:15px; margin-right:10px;'>Reassessment</span><span style='color:#1E88E5; font-size:15px; margin-right:10px;'>Medications</span><span style='color:#9C27B0; font-size:15px; margin-right:10px;'>Diagnostic Testing</span><span style='color:#F06292; font-size:15px; margin-right:10px;'>Other Treatments</span><span style='color:#00897B; font-size:15px; margin-right:10px;'>Follow-up</span><span style='color:#C62828; font-size:15px; margin-right:10px;'>Discussion</span><span style='color:#6A1B9A; font-size:15px; margin-right:10px;'>Referral</span><span style='color:#C2185B; font-size:15px; margin-right:10px;'>Acute Symptoms</span><span style='color:#0288D1; font-size:15px; margin-right:10px;'>Personal Information</span><span style='color:#673AB7; font-size:15px; margin-right:10px;'>Personal History</span><span style='color:#EF6C00; font-size:15px; margin-right:10px;'>Family History</span><span style='color:#009688; font-size:15px; margin-right:10px;'>Drug History</span><span style='color:#303F9F; font-size:15px; margin-right:10px;'>Theraputic History</span><span style='color:#E91E63; font-size:15px; margin-right:10px;'>Vegetative History</span><span style='color:#26C6DA; font-size:15px; margin-right:10px;'>Other Social</span><span style='color:#00796B; font-size:15px; margin-right:10px;'>Physical Examination</span><span style='color:#5D4037; font-size:15px; margin-right:10px;'>Radiology Examination</span><span style='color:#F44336; font-size:15px; margin-right:10px;'>Lab Examination</span>"", ""Note"": ""<ol></ol>""}"
10335,3,"Elizabeth Peterson is a 66-year-old female with a past medical history significant for depression and hypertension. She presents today for her annual exam.

Depression.
- Medical Reasoning: She is doing well with weekly therapy. She also has a solid support system at home.

Hypertension.
• Medical Reasoning: This is well controlled based on daily home monitoring. She has been compliant with lisinopril.

Healthcare maintenance.
• Medical Reasoning: She is due for her annual mammogram.",2025-06-14T21:24:52.452132Z,D2N097,10921,"[{""start"":0,""end"":42,""text"":""Elizabeth Peterson is a 66-year-old female"",""labels"":[""Personal Information""]},{""start"":43,""end"":114,""text"":""with a past medical history significant for depression and hypertension"",""labels"":[""Personal History""]},{""start"":116,""end"":155,""text"":""She presents today for her annual exam."",""labels"":[""Acute Symptoms""]},{""start"":157,""end"":207,""text"":""Depression.\\n- Medical Reasoning: She is doing well"",""labels"":[""Reassessment""]},{""start"":208,""end"":227,""text"":""with weekly therapy"",""labels"":[""Theraputic History""]},{""start"":229,""end"":273,""text"":""She also has a solid support system at home."",""labels"":[""Other Social""]},{""start"":275,""end"":365,""text"":""Hypertension.\\n• Medical Reasoning: This is well controlled based on daily home monitoring."",""labels"":[""Reassessment""]},{""start"":366,""end"":405,""text"":""She has been compliant with lisinopril.\\n"",""labels"":[""Theraputic History""]},{""start"":407,""end"":488,""text"":""Healthcare maintenance.\\n• Medical Reasoning: She is due for her annual mammogram."",""labels"":[""Personal History""]}]",98.651,ASSESSMENT,D2N097_2,2025-06-14T21:24:52.452180Z,"{""Intent"": ""<b>ASSESSMENT</b><br><span style='color:#D84315; font-size:15px; margin-right:10px;'>Acute Assessment</span><span style='color:#689F38; font-size:15px; margin-right:10px;'>Reassessment</span><span style='color:#1E88E5; font-size:15px; margin-right:10px;'>Medications</span><span style='color:#9C27B0; font-size:15px; margin-right:10px;'>Diagnostic Testing</span><span style='color:#F06292; font-size:15px; margin-right:10px;'>Other Treatments</span><span style='color:#00897B; font-size:15px; margin-right:10px;'>Follow-up</span><span style='color:#C62828; font-size:15px; margin-right:10px;'>Discussion</span><span style='color:#6A1B9A; font-size:15px; margin-right:10px;'>Referral</span><span style='color:#C2185B; font-size:15px; margin-right:10px;'>Acute Symptoms</span><span style='color:#0288D1; font-size:15px; margin-right:10px;'>Personal Information</span><span style='color:#673AB7; font-size:15px; margin-right:10px;'>Personal History</span><span style='color:#EF6C00; font-size:15px; margin-right:10px;'>Family History</span><span style='color:#009688; font-size:15px; margin-right:10px;'>Drug History</span><span style='color:#303F9F; font-size:15px; margin-right:10px;'>Theraputic History</span><span style='color:#E91E63; font-size:15px; margin-right:10px;'>Vegetative History</span><span style='color:#26C6DA; font-size:15px; margin-right:10px;'>Other Social</span><span style='color:#00796B; font-size:15px; margin-right:10px;'>Physical Examination</span><span style='color:#5D4037; font-size:15px; margin-right:10px;'>Radiology Examination</span><span style='color:#F44336; font-size:15px; margin-right:10px;'>Lab Examination</span>"", ""Note"": ""<ol><li><span style='color:#0288D1;' data-toggle='tooltip' data-html='true' title='Personal Information'>Elizabeth Peterson is a 66-year-old female</span> <span style='color:#0288D1; font-size:14px;'>(<b>Personal Information</b>)</span></li><li><span style='color:#673AB7;' data-toggle='tooltip' data-html='true' title='Personal History'>with a past medical history significant for depression and hypertension</span> <span style='color:#673AB7; font-size:14px;'>(<b>Personal History</b>)</span></li><li><span style='color:#C2185B;' data-toggle='tooltip' data-html='true' title='Acute Symptoms'>She presents today for her annual exam.</span> <span style='color:#C2185B; font-size:14px;'>(<b>Acute Symptoms</b>)</span></li><li><span style='color:#689F38;' data-toggle='tooltip' data-html='true' title='Reassessment'>Depression.\n- Medical Reasoning: She is doing well</span> <span style='color:#689F38; font-size:14px;'>(<b>Reassessment</b>)</span></li><li><span style='color:#303F9F;' data-toggle='tooltip' data-html='true' title='Theraputic History'>with weekly therapy</span> <span style='color:#303F9F; font-size:14px;'>(<b>Theraputic History</b>)</span></li><li><span style='color:#26C6DA;' data-toggle='tooltip' data-html='true' title='Other Social'>She also has a solid support system at home.</span> <span style='color:#26C6DA; font-size:14px;'>(<b>Other Social</b>)</span></li><li><span style='color:#689F38;' data-toggle='tooltip' data-html='true' title='Reassessment'>Hypertension.\n• Medical Reasoning: This is well controlled based on daily home monitoring.</span> <span style='color:#689F38; font-size:14px;'>(<b>Reassessment</b>)</span></li><li><span style='color:#303F9F;' data-toggle='tooltip' data-html='true' title='Theraputic History'>She has been compliant with lisinopril.</span> <span style='color:#303F9F; font-size:14px;'>(<b>Theraputic History</b>)</span></li><li><span style='color:#673AB7;' data-toggle='tooltip' data-html='true' title='Personal History'>Healthcare maintenance.\n• Medical Reasoning: She is due for her annual mammogram.</span> <span style='color:#673AB7; font-size:14px;'>(<b>Personal History</b>)</span></li></ol>""}"
10336,3,"ASSESSMENT

• Impingement syndrome of left shoulder

Jose is a 64-year-old male who was seen today for impingement syndrome of his left shoulder, likely related to a fall he incurred 5 months ago.",2025-06-14T21:25:20.965544Z,D2N098,10922,"[{""start"":12,""end"":51,""text"":""• Impingement syndrome of left shoulder"",""labels"":[""Acute Assessment""]},{""start"":53,""end"":79,""text"":""Jose is a 64-year-old male"",""labels"":[""Personal Information""]},{""start"":80,""end"":196,""text"":""who was seen today for impingement syndrome of his left shoulder, likely related to a fall he incurred 5 months ago."",""labels"":[""Acute Symptoms""]}]",26.017,ASSESSMENT,D2N098_2,2025-06-14T21:25:20.965590Z,"{""Intent"": ""<b>ASSESSMENT</b><br><span style='color:#D84315; font-size:15px; margin-right:10px;'>Acute Assessment</span><span style='color:#689F38; font-size:15px; margin-right:10px;'>Reassessment</span><span style='color:#1E88E5; font-size:15px; margin-right:10px;'>Medications</span><span style='color:#9C27B0; font-size:15px; margin-right:10px;'>Diagnostic Testing</span><span style='color:#F06292; font-size:15px; margin-right:10px;'>Other Treatments</span><span style='color:#00897B; font-size:15px; margin-right:10px;'>Follow-up</span><span style='color:#C62828; font-size:15px; margin-right:10px;'>Discussion</span><span style='color:#6A1B9A; font-size:15px; margin-right:10px;'>Referral</span><span style='color:#C2185B; font-size:15px; margin-right:10px;'>Acute Symptoms</span><span style='color:#0288D1; font-size:15px; margin-right:10px;'>Personal Information</span><span style='color:#673AB7; font-size:15px; margin-right:10px;'>Personal History</span><span style='color:#EF6C00; font-size:15px; margin-right:10px;'>Family History</span><span style='color:#009688; font-size:15px; margin-right:10px;'>Drug History</span><span style='color:#303F9F; font-size:15px; margin-right:10px;'>Theraputic History</span><span style='color:#E91E63; font-size:15px; margin-right:10px;'>Vegetative History</span><span style='color:#26C6DA; font-size:15px; margin-right:10px;'>Other Social</span><span style='color:#00796B; font-size:15px; margin-right:10px;'>Physical Examination</span><span style='color:#5D4037; font-size:15px; margin-right:10px;'>Radiology Examination</span><span style='color:#F44336; font-size:15px; margin-right:10px;'>Lab Examination</span>"", ""Note"": ""<ol><li><span style='color:#D84315;' data-toggle='tooltip' data-html='true' title='Acute Assessment'>• Impingement syndrome of left shoulder</span> <span style='color:#D84315; font-size:14px;'>(<b>Acute Assessment</b>)</span></li><li><span style='color:#0288D1;' data-toggle='tooltip' data-html='true' title='Personal Information'>Jose is a 64-year-old male</span> <span style='color:#0288D1; font-size:14px;'>(<b>Personal Information</b>)</span></li><li><span style='color:#C2185B;' data-toggle='tooltip' data-html='true' title='Acute Symptoms'>who was seen today for impingement syndrome of his left shoulder, likely related to a fall he incurred 5 months ago.</span> <span style='color:#C2185B; font-size:14px;'>(<b>Acute Symptoms</b>)</span></li></ol>""}"
10337,3,"ASSESSMENT

• Viral infection
• Dandruff",2025-06-14T21:25:30.980530Z,D2N099,10923,"[{""start"":12,""end"":40,""text"":""\\n• Viral infection\\n• Dandruff"",""labels"":[""Acute Assessment""]}]",7.86,ASSESSMENT,D2N099_2,2025-06-14T21:25:30.980577Z,"{""Intent"": ""<b>ASSESSMENT</b><br><span style='color:#D84315; font-size:15px; margin-right:10px;'>Acute Assessment</span><span style='color:#689F38; font-size:15px; margin-right:10px;'>Reassessment</span><span style='color:#1E88E5; font-size:15px; margin-right:10px;'>Medications</span><span style='color:#9C27B0; font-size:15px; margin-right:10px;'>Diagnostic Testing</span><span style='color:#F06292; font-size:15px; margin-right:10px;'>Other Treatments</span><span style='color:#00897B; font-size:15px; margin-right:10px;'>Follow-up</span><span style='color:#C62828; font-size:15px; margin-right:10px;'>Discussion</span><span style='color:#6A1B9A; font-size:15px; margin-right:10px;'>Referral</span><span style='color:#C2185B; font-size:15px; margin-right:10px;'>Acute Symptoms</span><span style='color:#0288D1; font-size:15px; margin-right:10px;'>Personal Information</span><span style='color:#673AB7; font-size:15px; margin-right:10px;'>Personal History</span><span style='color:#EF6C00; font-size:15px; margin-right:10px;'>Family History</span><span style='color:#009688; font-size:15px; margin-right:10px;'>Drug History</span><span style='color:#303F9F; font-size:15px; margin-right:10px;'>Theraputic History</span><span style='color:#E91E63; font-size:15px; margin-right:10px;'>Vegetative History</span><span style='color:#26C6DA; font-size:15px; margin-right:10px;'>Other Social</span><span style='color:#00796B; font-size:15px; margin-right:10px;'>Physical Examination</span><span style='color:#5D4037; font-size:15px; margin-right:10px;'>Radiology Examination</span><span style='color:#F44336; font-size:15px; margin-right:10px;'>Lab Examination</span>"", ""Note"": ""<ol><li><span style='color:#D84315;' data-toggle='tooltip' data-html='true' title='Acute Assessment'>• Viral infection\n• Dandruff</span> <span style='color:#D84315; font-size:14px;'>(<b>Acute Assessment</b>)</span></li></ol>""}"
10355,3,"ASSESSMENT

• Comedonal acne.
• Multiple benign melanocytic nevi of upper and lower extremities and trunk.

Kayla Ward is a 15-year-old female seen today for new acne evaluation. Full skin examination revealed mild to moderate comedonal acne with a small inflammatory component and multiple benign melanocytic nevi of upper and lower extremities and trunk.",2025-06-17T07:50:39.555968Z,D2N100,10924,"[{""start"":12,""end"":29,""text"":""\\n• Comedonal acne."",""labels"":[""Acute Assessment""]},{""start"":30,""end"":106,""text"":""• Multiple benign melanocytic nevi of upper and lower extremities and trunk."",""labels"":[""Acute Assessment""]},{""start"":108,""end"":142,""text"":""Kayla Ward is a 15-year-old female"",""labels"":[""Personal Information""]},{""start"":143,""end"":177,""text"":""seen today for new acne evaluation"",""labels"":[""Acute Symptoms""]},{""start"":179,""end"":356,""text"":""Full skin examination revealed mild to moderate comedonal acne with a small inflammatory component and multiple benign melanocytic nevi of upper and lower extremities and trunk."",""labels"":[""Acute Assessment""]}]",95.525,ASSESSMENT,D2N100_2,2025-06-17T07:50:39.556032Z,"{""Intent"": ""<b>ASSESSMENT</b><br><span style='color:#D84315; font-size:15px; margin-right:10px;'>Acute Assessment</span><span style='color:#689F38; font-size:15px; margin-right:10px;'>Reassessment</span><span style='color:#1E88E5; font-size:15px; margin-right:10px;'>Medications</span><span style='color:#9C27B0; font-size:15px; margin-right:10px;'>Diagnostic Testing</span><span style='color:#F06292; font-size:15px; margin-right:10px;'>Other Treatments</span><span style='color:#00897B; font-size:15px; margin-right:10px;'>Follow-up</span><span style='color:#C62828; font-size:15px; margin-right:10px;'>Discussion</span><span style='color:#6A1B9A; font-size:15px; margin-right:10px;'>Referral</span><span style='color:#C2185B; font-size:15px; margin-right:10px;'>Acute Symptoms</span><span style='color:#0288D1; font-size:15px; margin-right:10px;'>Personal Information</span><span style='color:#673AB7; font-size:15px; margin-right:10px;'>Personal History</span><span style='color:#EF6C00; font-size:15px; margin-right:10px;'>Family History</span><span style='color:#009688; font-size:15px; margin-right:10px;'>Drug History</span><span style='color:#303F9F; font-size:15px; margin-right:10px;'>Theraputic History</span><span style='color:#E91E63; font-size:15px; margin-right:10px;'>Vegetative History</span><span style='color:#26C6DA; font-size:15px; margin-right:10px;'>Other Social</span><span style='color:#00796B; font-size:15px; margin-right:10px;'>Physical Examination</span><span style='color:#5D4037; font-size:15px; margin-right:10px;'>Radiology Examination</span><span style='color:#F44336; font-size:15px; margin-right:10px;'>Lab Examination</span>"", ""Note"": ""<ol><li><span style='color:#D84315;' data-toggle='tooltip' data-html='true' title='Acute Assessment'>• Comedonal acne.</span> <span style='color:#D84315; font-size:14px;'>(<b>Acute Assessment</b>)</span></li><li><span style='color:#D84315;' data-toggle='tooltip' data-html='true' title='Acute Assessment'>• Multiple benign melanocytic nevi of upper and lower extremities and trunk.</span> <span style='color:#D84315; font-size:14px;'>(<b>Acute Assessment</b>)</span></li><li><span style='color:#0288D1;' data-toggle='tooltip' data-html='true' title='Personal Information'>Kayla Ward is a 15-year-old female</span> <span style='color:#0288D1; font-size:14px;'>(<b>Personal Information</b>)</span></li><li><span style='color:#C2185B;' data-toggle='tooltip' data-html='true' title='Acute Symptoms'>seen today for new acne evaluation</span> <span style='color:#C2185B; font-size:14px;'>(<b>Acute Symptoms</b>)</span></li><li><span style='color:#D84315;' data-toggle='tooltip' data-html='true' title='Acute Assessment'>Full skin examination revealed mild to moderate comedonal acne with a small inflammatory component and multiple benign melanocytic nevi of upper and lower extremities and trunk.</span> <span style='color:#D84315; font-size:14px;'>(<b>Acute Assessment</b>)</span></li></ol>""}"
10356,3,"ASSESSMENT

• Macromastia.

Julia Jones is a 25-year-old female with symptomatic macromastia presenting for evaluation of breast reduction. The patient has attempted non-surgical treatments with minimal relief and is an ideal candidate for bilateral reduction mammoplasty. Her minimum required resection based on a BSA of 2.65 with the Schnur scale is 1792 g, which should be attainable. Given her extremely large breasts and the measurements above, there is potential for using a free nipple graft.",2025-06-17T08:37:22.582944Z,D2N101,10925,"[{""start"":12,""end"":26,""text"":""• Macromastia."",""labels"":[""Acute Assessment""]},{""start"":28,""end"":63,""text"":""Julia Jones is a 25-year-old female"",""labels"":[""Personal Information""]},{""start"":64,""end"":138,""text"":""with symptomatic macromastia presenting for evaluation of breast reduction"",""labels"":[""Acute Symptoms""]},{""start"":140,""end"":209,""text"":""The patient has attempted non-surgical treatments with minimal relief"",""labels"":[""Radiology Examination""]},{""start"":273,""end"":386,""text"":""Her minimum required resection based on a BSA of 2.65 with the Schnur scale is 1792 g, which should be attainable"",""labels"":[""Radiology Examination""]},{""start"":210,""end"":271,""text"":""and is an ideal candidate for bilateral reduction mammoplasty"",""labels"":[""Acute Assessment""]},{""start"":388,""end"":499,""text"":""Given her extremely large breasts and the measurements above, there is potential for using a free nipple graft."",""labels"":[""Acute Assessment""]}]",1041.998,ASSESSMENT,D2N101_2,2025-06-17T08:37:22.582993Z,"{""Intent"": ""<b>ASSESSMENT</b><br><span style='color:#D84315; font-size:15px; margin-right:10px;'>Acute Assessment</span><span style='color:#689F38; font-size:15px; margin-right:10px;'>Reassessment</span><span style='color:#1E88E5; font-size:15px; margin-right:10px;'>Medications</span><span style='color:#9C27B0; font-size:15px; margin-right:10px;'>Diagnostic Testing</span><span style='color:#F06292; font-size:15px; margin-right:10px;'>Other Treatments</span><span style='color:#00897B; font-size:15px; margin-right:10px;'>Follow-up</span><span style='color:#C62828; font-size:15px; margin-right:10px;'>Discussion</span><span style='color:#6A1B9A; font-size:15px; margin-right:10px;'>Referral</span><span style='color:#C2185B; font-size:15px; margin-right:10px;'>Acute Symptoms</span><span style='color:#0288D1; font-size:15px; margin-right:10px;'>Personal Information</span><span style='color:#673AB7; font-size:15px; margin-right:10px;'>Personal History</span><span style='color:#EF6C00; font-size:15px; margin-right:10px;'>Family History</span><span style='color:#009688; font-size:15px; margin-right:10px;'>Drug History</span><span style='color:#303F9F; font-size:15px; margin-right:10px;'>Theraputic History</span><span style='color:#E91E63; font-size:15px; margin-right:10px;'>Vegetative History</span><span style='color:#26C6DA; font-size:15px; margin-right:10px;'>Other Social</span><span style='color:#00796B; font-size:15px; margin-right:10px;'>Physical Examination</span><span style='color:#5D4037; font-size:15px; margin-right:10px;'>Radiology Examination</span><span style='color:#F44336; font-size:15px; margin-right:10px;'>Lab Examination</span>"", ""Note"": ""<ol><li><span style='color:#D84315;' data-toggle='tooltip' data-html='true' title='Acute Assessment'>• Macromastia.</span> <span style='color:#D84315; font-size:14px;'>(<b>Acute Assessment</b>)</span></li><li><span style='color:#0288D1;' data-toggle='tooltip' data-html='true' title='Personal Information'>Julia Jones is a 25-year-old female</span> <span style='color:#0288D1; font-size:14px;'>(<b>Personal Information</b>)</span></li><li><span style='color:#C2185B;' data-toggle='tooltip' data-html='true' title='Acute Symptoms'>with symptomatic macromastia presenting for evaluation of breast reduction</span> <span style='color:#C2185B; font-size:14px;'>(<b>Acute Symptoms</b>)</span></li><li><span style='color:#5D4037;' data-toggle='tooltip' data-html='true' title='Radiology Examination'>The patient has attempted non-surgical treatments with minimal relief</span> <span style='color:#5D4037; font-size:14px;'>(<b>Radiology Examination</b>)</span></li><li><span style='color:#D84315;' data-toggle='tooltip' data-html='true' title='Acute Assessment'>and is an ideal candidate for bilateral reduction mammoplasty</span> <span style='color:#D84315; font-size:14px;'>(<b>Acute Assessment</b>)</span></li><li><span style='color:#5D4037;' data-toggle='tooltip' data-html='true' title='Radiology Examination'>Her minimum required resection based on a BSA of 2.65 with the Schnur scale is 1792 g, which should be attainable</span> <span style='color:#5D4037; font-size:14px;'>(<b>Radiology Examination</b>)</span></li><li><span style='color:#D84315;' data-toggle='tooltip' data-html='true' title='Acute Assessment'>Given her extremely large breasts and the measurements above, there is potential for using a free nipple graft.</span> <span style='color:#D84315; font-size:14px;'>(<b>Acute Assessment</b>)</span></li></ol>""}"
10357,3,"ASSESSMENT

• Hematuria.
• Chronic urolithiasis.

Mrs. Wood presents today for renal ultrasound. The patient has had recurrent episodes of hematuria over the past few months secondary to chronic urolithiasis. Mrs. Wood reports passing two small stone like structures last week. Urinalysis today was notable for only a trace amount of blood and the renal ultrasound revealed a 6 mm non-obstructing renal stone in the left kidney.",2025-06-17T08:43:59.294850Z,D2N102,10926,"[{""start"":12,""end"":24,""text"":""• Hematuria."",""labels"":[""Acute Assessment""]},{""start"":25,""end"":48,""text"":""• Chronic urolithiasis."",""labels"":[""Reassessment""]},{""start"":50,""end"":95,""text"":""Mrs. Wood presents today for renal ultrasound"",""labels"":[""Acute Symptoms""]},{""start"":97,""end"":207,""text"":""The patient has had recurrent episodes of hematuria over the past few months secondary to chronic urolithiasis"",""labels"":[""Personal History""]},{""start"":209,""end"":277,""text"":""Mrs. Wood reports passing two small stone like structures last week."",""labels"":[""Acute Symptoms""]},{""start"":278,""end"":428,""text"":""Urinalysis today was notable for only a trace amount of blood and the renal ultrasound revealed a 6 mm non-obstructing renal stone in the left kidney."",""labels"":[""Acute Assessment""]}]",341.049,ASSESSMENT,D2N102_2,2025-06-17T08:43:59.294898Z,"{""Intent"": ""<b>ASSESSMENT</b><br><span style='color:#D84315; font-size:15px; margin-right:10px;'>Acute Assessment</span><span style='color:#689F38; font-size:15px; margin-right:10px;'>Reassessment</span><span style='color:#1E88E5; font-size:15px; margin-right:10px;'>Medications</span><span style='color:#9C27B0; font-size:15px; margin-right:10px;'>Diagnostic Testing</span><span style='color:#F06292; font-size:15px; margin-right:10px;'>Other Treatments</span><span style='color:#00897B; font-size:15px; margin-right:10px;'>Follow-up</span><span style='color:#C62828; font-size:15px; margin-right:10px;'>Discussion</span><span style='color:#6A1B9A; font-size:15px; margin-right:10px;'>Referral</span><span style='color:#C2185B; font-size:15px; margin-right:10px;'>Acute Symptoms</span><span style='color:#0288D1; font-size:15px; margin-right:10px;'>Personal Information</span><span style='color:#673AB7; font-size:15px; margin-right:10px;'>Personal History</span><span style='color:#EF6C00; font-size:15px; margin-right:10px;'>Family History</span><span style='color:#009688; font-size:15px; margin-right:10px;'>Drug History</span><span style='color:#303F9F; font-size:15px; margin-right:10px;'>Theraputic History</span><span style='color:#E91E63; font-size:15px; margin-right:10px;'>Vegetative History</span><span style='color:#26C6DA; font-size:15px; margin-right:10px;'>Other Social</span><span style='color:#00796B; font-size:15px; margin-right:10px;'>Physical Examination</span><span style='color:#5D4037; font-size:15px; margin-right:10px;'>Radiology Examination</span><span style='color:#F44336; font-size:15px; margin-right:10px;'>Lab Examination</span>"", ""Note"": ""<ol><li><span style='color:#D84315;' data-toggle='tooltip' data-html='true' title='Acute Assessment'>• Hematuria.</span> <span style='color:#D84315; font-size:14px;'>(<b>Acute Assessment</b>)</span></li><li><span style='color:#689F38;' data-toggle='tooltip' data-html='true' title='Reassessment'>• Chronic urolithiasis.</span> <span style='color:#689F38; font-size:14px;'>(<b>Reassessment</b>)</span></li><li><span style='color:#C2185B;' data-toggle='tooltip' data-html='true' title='Acute Symptoms'>Mrs. Wood presents today for renal ultrasound</span> <span style='color:#C2185B; font-size:14px;'>(<b>Acute Symptoms</b>)</span></li><li><span style='color:#673AB7;' data-toggle='tooltip' data-html='true' title='Personal History'>The patient has had recurrent episodes of hematuria over the past few months secondary to chronic urolithiasis</span> <span style='color:#673AB7; font-size:14px;'>(<b>Personal History</b>)</span></li><li><span style='color:#C2185B;' data-toggle='tooltip' data-html='true' title='Acute Symptoms'>Mrs. Wood reports passing two small stone like structures last week.</span> <span style='color:#C2185B; font-size:14px;'>(<b>Acute Symptoms</b>)</span></li><li><span style='color:#D84315;' data-toggle='tooltip' data-html='true' title='Acute Assessment'>Urinalysis today was notable for only a trace amount of blood and the renal ultrasound revealed a 6 mm non-obstructing renal stone in the left kidney.</span> <span style='color:#D84315; font-size:14px;'>(<b>Acute Assessment</b>)</span></li></ol>""}"
10358,3,"ASSESSMENT

• Status post mitral valve repair

Mrs. Melissa Sanchez is a 58-year-old female being seen today for a status post mitral valve repair, completed on 08/03/2020.",2025-06-17T08:45:54.953747Z,D2N103,10927,"[{""start"":12,""end"":45,""text"":""• Status post mitral valve repair"",""labels"":[""Reassessment""]},{""start"":47,""end"":91,""text"":""Mrs. Melissa Sanchez is a 58-year-old female"",""labels"":[""Personal Information""]},{""start"":92,""end"":172,""text"":""being seen today for a status post mitral valve repair, completed on 08\/03\/2020."",""labels"":[""Personal History""]}]",113.213,ASSESSMENT,D2N103_2,2025-06-17T08:45:54.953800Z,"{""Intent"": ""<b>ASSESSMENT</b><br><span style='color:#D84315; font-size:15px; margin-right:10px;'>Acute Assessment</span><span style='color:#689F38; font-size:15px; margin-right:10px;'>Reassessment</span><span style='color:#1E88E5; font-size:15px; margin-right:10px;'>Medications</span><span style='color:#9C27B0; font-size:15px; margin-right:10px;'>Diagnostic Testing</span><span style='color:#F06292; font-size:15px; margin-right:10px;'>Other Treatments</span><span style='color:#00897B; font-size:15px; margin-right:10px;'>Follow-up</span><span style='color:#C62828; font-size:15px; margin-right:10px;'>Discussion</span><span style='color:#6A1B9A; font-size:15px; margin-right:10px;'>Referral</span><span style='color:#C2185B; font-size:15px; margin-right:10px;'>Acute Symptoms</span><span style='color:#0288D1; font-size:15px; margin-right:10px;'>Personal Information</span><span style='color:#673AB7; font-size:15px; margin-right:10px;'>Personal History</span><span style='color:#EF6C00; font-size:15px; margin-right:10px;'>Family History</span><span style='color:#009688; font-size:15px; margin-right:10px;'>Drug History</span><span style='color:#303F9F; font-size:15px; margin-right:10px;'>Theraputic History</span><span style='color:#E91E63; font-size:15px; margin-right:10px;'>Vegetative History</span><span style='color:#26C6DA; font-size:15px; margin-right:10px;'>Other Social</span><span style='color:#00796B; font-size:15px; margin-right:10px;'>Physical Examination</span><span style='color:#5D4037; font-size:15px; margin-right:10px;'>Radiology Examination</span><span style='color:#F44336; font-size:15px; margin-right:10px;'>Lab Examination</span>"", ""Note"": ""<ol><li><span style='color:#689F38;' data-toggle='tooltip' data-html='true' title='Reassessment'>• Status post mitral valve repair</span> <span style='color:#689F38; font-size:14px;'>(<b>Reassessment</b>)</span></li><li><span style='color:#0288D1;' data-toggle='tooltip' data-html='true' title='Personal Information'>Mrs. Melissa Sanchez is a 58-year-old female</span> <span style='color:#0288D1; font-size:14px;'>(<b>Personal Information</b>)</span></li><li><span style='color:#673AB7;' data-toggle='tooltip' data-html='true' title='Personal History'>being seen today for a status post mitral valve repair, completed on 08/03/2020.</span> <span style='color:#673AB7; font-size:14px;'>(<b>Personal History</b>)</span></li></ol>""}"
10359,3,"ASSESSMENT

• Psoriatic arthritis.
• High risk medication use.",2025-06-17T08:46:41.590217Z,D2N104,10928,"[{""start"":12,""end"":34,""text"":""\\n• Psoriatic arthritis."",""labels"":[""Acute Assessment""]},{""start"":35,""end"":62,""text"":""• High risk medication use."",""labels"":[""Acute Assessment""]}]",44.016,ASSESSMENT,D2N104_2,2025-06-17T08:46:41.590262Z,"{""Intent"": ""<b>ASSESSMENT</b><br><span style='color:#D84315; font-size:15px; margin-right:10px;'>Acute Assessment</span><span style='color:#689F38; font-size:15px; margin-right:10px;'>Reassessment</span><span style='color:#1E88E5; font-size:15px; margin-right:10px;'>Medications</span><span style='color:#9C27B0; font-size:15px; margin-right:10px;'>Diagnostic Testing</span><span style='color:#F06292; font-size:15px; margin-right:10px;'>Other Treatments</span><span style='color:#00897B; font-size:15px; margin-right:10px;'>Follow-up</span><span style='color:#C62828; font-size:15px; margin-right:10px;'>Discussion</span><span style='color:#6A1B9A; font-size:15px; margin-right:10px;'>Referral</span><span style='color:#C2185B; font-size:15px; margin-right:10px;'>Acute Symptoms</span><span style='color:#0288D1; font-size:15px; margin-right:10px;'>Personal Information</span><span style='color:#673AB7; font-size:15px; margin-right:10px;'>Personal History</span><span style='color:#EF6C00; font-size:15px; margin-right:10px;'>Family History</span><span style='color:#009688; font-size:15px; margin-right:10px;'>Drug History</span><span style='color:#303F9F; font-size:15px; margin-right:10px;'>Theraputic History</span><span style='color:#E91E63; font-size:15px; margin-right:10px;'>Vegetative History</span><span style='color:#26C6DA; font-size:15px; margin-right:10px;'>Other Social</span><span style='color:#00796B; font-size:15px; margin-right:10px;'>Physical Examination</span><span style='color:#5D4037; font-size:15px; margin-right:10px;'>Radiology Examination</span><span style='color:#F44336; font-size:15px; margin-right:10px;'>Lab Examination</span>"", ""Note"": ""<ol><li><span style='color:#D84315;' data-toggle='tooltip' data-html='true' title='Acute Assessment'>• Psoriatic arthritis.</span> <span style='color:#D84315; font-size:14px;'>(<b>Acute Assessment</b>)</span></li><li><span style='color:#D84315;' data-toggle='tooltip' data-html='true' title='Acute Assessment'>• High risk medication use.</span> <span style='color:#D84315; font-size:14px;'>(<b>Acute Assessment</b>)</span></li></ol>""}"
10360,3,"ASSESSMENT

• Cardiac murmur.
• PVCs.
• Hypertension.
• Hyperlipidemia.
• Hypothyroid.
• Lightheadedness/dizziness.",2025-06-17T08:47:43.045327Z,D2N105,10929,"[{""start"":12,""end"":29,""text"":""• Cardiac murmur."",""labels"":[""Acute Assessment""]},{""start"":30,""end"":37,""text"":""• PVCs."",""labels"":[""Acute Assessment""]},{""start"":38,""end"":53,""text"":""• Hypertension."",""labels"":[""Reassessment""]},{""start"":54,""end"":71,""text"":""• Hyperlipidemia."",""labels"":[""Reassessment""]},{""start"":72,""end"":86,""text"":""• Hypothyroid."",""labels"":[""Reassessment""]},{""start"":87,""end"":115,""text"":""• Lightheadedness\/dizziness."",""labels"":[""Acute Assessment""]}]",60.188,ASSESSMENT,D2N105_2,2025-06-17T08:47:43.045373Z,"{""Intent"": ""<b>ASSESSMENT</b><br><span style='color:#D84315; font-size:15px; margin-right:10px;'>Acute Assessment</span><span style='color:#689F38; font-size:15px; margin-right:10px;'>Reassessment</span><span style='color:#1E88E5; font-size:15px; margin-right:10px;'>Medications</span><span style='color:#9C27B0; font-size:15px; margin-right:10px;'>Diagnostic Testing</span><span style='color:#F06292; font-size:15px; margin-right:10px;'>Other Treatments</span><span style='color:#00897B; font-size:15px; margin-right:10px;'>Follow-up</span><span style='color:#C62828; font-size:15px; margin-right:10px;'>Discussion</span><span style='color:#6A1B9A; font-size:15px; margin-right:10px;'>Referral</span><span style='color:#C2185B; font-size:15px; margin-right:10px;'>Acute Symptoms</span><span style='color:#0288D1; font-size:15px; margin-right:10px;'>Personal Information</span><span style='color:#673AB7; font-size:15px; margin-right:10px;'>Personal History</span><span style='color:#EF6C00; font-size:15px; margin-right:10px;'>Family History</span><span style='color:#009688; font-size:15px; margin-right:10px;'>Drug History</span><span style='color:#303F9F; font-size:15px; margin-right:10px;'>Theraputic History</span><span style='color:#E91E63; font-size:15px; margin-right:10px;'>Vegetative History</span><span style='color:#26C6DA; font-size:15px; margin-right:10px;'>Other Social</span><span style='color:#00796B; font-size:15px; margin-right:10px;'>Physical Examination</span><span style='color:#5D4037; font-size:15px; margin-right:10px;'>Radiology Examination</span><span style='color:#F44336; font-size:15px; margin-right:10px;'>Lab Examination</span>"", ""Note"": ""<ol><li><span style='color:#D84315;' data-toggle='tooltip' data-html='true' title='Acute Assessment'>• Cardiac murmur.</span> <span style='color:#D84315; font-size:14px;'>(<b>Acute Assessment</b>)</span></li><li><span style='color:#D84315;' data-toggle='tooltip' data-html='true' title='Acute Assessment'>• PVCs.</span> <span style='color:#D84315; font-size:14px;'>(<b>Acute Assessment</b>)</span></li><li><span style='color:#689F38;' data-toggle='tooltip' data-html='true' title='Reassessment'>• Hypertension.</span> <span style='color:#689F38; font-size:14px;'>(<b>Reassessment</b>)</span></li><li><span style='color:#689F38;' data-toggle='tooltip' data-html='true' title='Reassessment'>• Hyperlipidemia.</span> <span style='color:#689F38; font-size:14px;'>(<b>Reassessment</b>)</span></li><li><span style='color:#689F38;' data-toggle='tooltip' data-html='true' title='Reassessment'>• Hypothyroid.</span> <span style='color:#689F38; font-size:14px;'>(<b>Reassessment</b>)</span></li><li><span style='color:#D84315;' data-toggle='tooltip' data-html='true' title='Acute Assessment'>• Lightheadedness/dizziness.</span> <span style='color:#D84315; font-size:14px;'>(<b>Acute Assessment</b>)</span></li></ol>""}"
10363,3,"ASSESSMENT

Newly diagnosed allergic asthma.",2025-06-17T09:12:32.218449Z,D2N106,10930,"[{""start"":12,""end"":44,""text"":""Newly diagnosed allergic asthma."",""labels"":[""Acute Assessment""]}]",100.759,ASSESSMENT,D2N106_2,2025-06-17T09:12:32.218498Z,"{""Intent"": ""<b>ASSESSMENT</b><br><span style='color:#D84315; font-size:15px; margin-right:10px;'>Acute Assessment</span><span style='color:#689F38; font-size:15px; margin-right:10px;'>Reassessment</span><span style='color:#1E88E5; font-size:15px; margin-right:10px;'>Medications</span><span style='color:#9C27B0; font-size:15px; margin-right:10px;'>Diagnostic Testing</span><span style='color:#F06292; font-size:15px; margin-right:10px;'>Other Treatments</span><span style='color:#00897B; font-size:15px; margin-right:10px;'>Follow-up</span><span style='color:#C62828; font-size:15px; margin-right:10px;'>Discussion</span><span style='color:#6A1B9A; font-size:15px; margin-right:10px;'>Referral</span><span style='color:#C2185B; font-size:15px; margin-right:10px;'>Acute Symptoms</span><span style='color:#0288D1; font-size:15px; margin-right:10px;'>Personal Information</span><span style='color:#673AB7; font-size:15px; margin-right:10px;'>Personal History</span><span style='color:#EF6C00; font-size:15px; margin-right:10px;'>Family History</span><span style='color:#009688; font-size:15px; margin-right:10px;'>Drug History</span><span style='color:#303F9F; font-size:15px; margin-right:10px;'>Theraputic History</span><span style='color:#E91E63; font-size:15px; margin-right:10px;'>Vegetative History</span><span style='color:#26C6DA; font-size:15px; margin-right:10px;'>Other Social</span><span style='color:#00796B; font-size:15px; margin-right:10px;'>Physical Examination</span><span style='color:#5D4037; font-size:15px; margin-right:10px;'>Radiology Examination</span><span style='color:#F44336; font-size:15px; margin-right:10px;'>Lab Examination</span>"", ""Note"": ""<ol><li><span style='color:#D84315;' data-toggle='tooltip' data-html='true' title='Acute Assessment'>Newly diagnosed allergic asthma.</span> <span style='color:#D84315; font-size:14px;'>(<b>Acute Assessment</b>)</span></li></ol>""}"
10364,3,"ASSESSMENT

Low back sprain.",2025-06-17T09:12:39.499062Z,D2N107,10931,"[{""start"":12,""end"":28,""text"":""Low back sprain."",""labels"":[""Acute Assessment""]}]",5.623,ASSESSMENT,D2N107_2,2025-06-17T09:12:39.499110Z,"{""Intent"": ""<b>ASSESSMENT</b><br><span style='color:#D84315; font-size:15px; margin-right:10px;'>Acute Assessment</span><span style='color:#689F38; font-size:15px; margin-right:10px;'>Reassessment</span><span style='color:#1E88E5; font-size:15px; margin-right:10px;'>Medications</span><span style='color:#9C27B0; font-size:15px; margin-right:10px;'>Diagnostic Testing</span><span style='color:#F06292; font-size:15px; margin-right:10px;'>Other Treatments</span><span style='color:#00897B; font-size:15px; margin-right:10px;'>Follow-up</span><span style='color:#C62828; font-size:15px; margin-right:10px;'>Discussion</span><span style='color:#6A1B9A; font-size:15px; margin-right:10px;'>Referral</span><span style='color:#C2185B; font-size:15px; margin-right:10px;'>Acute Symptoms</span><span style='color:#0288D1; font-size:15px; margin-right:10px;'>Personal Information</span><span style='color:#673AB7; font-size:15px; margin-right:10px;'>Personal History</span><span style='color:#EF6C00; font-size:15px; margin-right:10px;'>Family History</span><span style='color:#009688; font-size:15px; margin-right:10px;'>Drug History</span><span style='color:#303F9F; font-size:15px; margin-right:10px;'>Theraputic History</span><span style='color:#E91E63; font-size:15px; margin-right:10px;'>Vegetative History</span><span style='color:#26C6DA; font-size:15px; margin-right:10px;'>Other Social</span><span style='color:#00796B; font-size:15px; margin-right:10px;'>Physical Examination</span><span style='color:#5D4037; font-size:15px; margin-right:10px;'>Radiology Examination</span><span style='color:#F44336; font-size:15px; margin-right:10px;'>Lab Examination</span>"", ""Note"": ""<ol><li><span style='color:#D84315;' data-toggle='tooltip' data-html='true' title='Acute Assessment'>Low back sprain.</span> <span style='color:#D84315; font-size:14px;'>(<b>Acute Assessment</b>)</span></li></ol>""}"
10366,3,"ASSESSMENT

Right diabetic foot ulcer.",2025-06-18T07:36:03.447395Z,D2N108,10932,"[{""start"":12,""end"":38,""text"":""Right diabetic foot ulcer."",""labels"":[""Acute Assessment""]}]",80604.285,ASSESSMENT,D2N108_2,2025-06-18T07:36:03.447439Z,"{""Intent"": ""<b>ASSESSMENT</b><br><span style='color:#D84315; font-size:15px; margin-right:10px;'>Acute Assessment</span><span style='color:#689F38; font-size:15px; margin-right:10px;'>Reassessment</span><span style='color:#1E88E5; font-size:15px; margin-right:10px;'>Medications</span><span style='color:#9C27B0; font-size:15px; margin-right:10px;'>Diagnostic Testing</span><span style='color:#F06292; font-size:15px; margin-right:10px;'>Other Treatments</span><span style='color:#00897B; font-size:15px; margin-right:10px;'>Follow-up</span><span style='color:#C62828; font-size:15px; margin-right:10px;'>Discussion</span><span style='color:#6A1B9A; font-size:15px; margin-right:10px;'>Referral</span><span style='color:#C2185B; font-size:15px; margin-right:10px;'>Acute Symptoms</span><span style='color:#0288D1; font-size:15px; margin-right:10px;'>Personal Information</span><span style='color:#673AB7; font-size:15px; margin-right:10px;'>Personal History</span><span style='color:#EF6C00; font-size:15px; margin-right:10px;'>Family History</span><span style='color:#009688; font-size:15px; margin-right:10px;'>Drug History</span><span style='color:#303F9F; font-size:15px; margin-right:10px;'>Theraputic History</span><span style='color:#E91E63; font-size:15px; margin-right:10px;'>Vegetative History</span><span style='color:#26C6DA; font-size:15px; margin-right:10px;'>Other Social</span><span style='color:#00796B; font-size:15px; margin-right:10px;'>Physical Examination</span><span style='color:#5D4037; font-size:15px; margin-right:10px;'>Radiology Examination</span><span style='color:#F44336; font-size:15px; margin-right:10px;'>Lab Examination</span>"", ""Note"": ""<ol><li><span style='color:#D84315;' data-toggle='tooltip' data-html='true' title='Acute Assessment'>Right diabetic foot ulcer.</span> <span style='color:#D84315; font-size:14px;'>(<b>Acute Assessment</b>)</span></li></ol>""}"
10368,3,"1. Left ankle pain.
- Medical Reasoning: Given the nature of her injury, I believe this is an ankle sprain.

2. Diabetes type 2.
- Medical Reasoning: This appears to be well controlled with her current regimen.

3. Hypertension.
- Medical Reasoning: She is doing well with Norvasc.",2025-06-18T07:39:50.723114Z,D2N109,10933,"[{""start"":0,""end"":107,""text"":""1. Left ankle pain.\\n- Medical Reasoning: Given the nature of her injury, I believe this is an ankle sprain."",""labels"":[""Acute Assessment""]},{""start"":109,""end"":210,""text"":""\\n2. Diabetes type 2.\\n- Medical Reasoning: This appears to be well controlled with her current regimen."",""labels"":[""Reassessment""]},{""start"":212,""end"":228,""text"":""3. Hypertension."",""labels"":[""Reassessment""]},{""start"":229,""end"":281,""text"":""- Medical Reasoning: She is doing well with Norvasc."",""labels"":[""Theraputic History""]}]",225.1,ASSESSMENT,D2N109_2,2025-06-18T07:39:50.723159Z,"{""Intent"": ""<b>ASSESSMENT</b><br><span style='color:#D84315; font-size:15px; margin-right:10px;'>Acute Assessment</span><span style='color:#689F38; font-size:15px; margin-right:10px;'>Reassessment</span><span style='color:#1E88E5; font-size:15px; margin-right:10px;'>Medications</span><span style='color:#9C27B0; font-size:15px; margin-right:10px;'>Diagnostic Testing</span><span style='color:#F06292; font-size:15px; margin-right:10px;'>Other Treatments</span><span style='color:#00897B; font-size:15px; margin-right:10px;'>Follow-up</span><span style='color:#C62828; font-size:15px; margin-right:10px;'>Discussion</span><span style='color:#6A1B9A; font-size:15px; margin-right:10px;'>Referral</span><span style='color:#C2185B; font-size:15px; margin-right:10px;'>Acute Symptoms</span><span style='color:#0288D1; font-size:15px; margin-right:10px;'>Personal Information</span><span style='color:#673AB7; font-size:15px; margin-right:10px;'>Personal History</span><span style='color:#EF6C00; font-size:15px; margin-right:10px;'>Family History</span><span style='color:#009688; font-size:15px; margin-right:10px;'>Drug History</span><span style='color:#303F9F; font-size:15px; margin-right:10px;'>Theraputic History</span><span style='color:#E91E63; font-size:15px; margin-right:10px;'>Vegetative History</span><span style='color:#26C6DA; font-size:15px; margin-right:10px;'>Other Social</span><span style='color:#00796B; font-size:15px; margin-right:10px;'>Physical Examination</span><span style='color:#5D4037; font-size:15px; margin-right:10px;'>Radiology Examination</span><span style='color:#F44336; font-size:15px; margin-right:10px;'>Lab Examination</span>"", ""Note"": ""<ol><li><span style='color:#D84315;' data-toggle='tooltip' data-html='true' title='Acute Assessment'>1. Left ankle pain.\n- Medical Reasoning: Given the nature of her injury, I believe this is an ankle sprain.</span> <span style='color:#D84315; font-size:14px;'>(<b>Acute Assessment</b>)</span></li><li><span style='color:#689F38;' data-toggle='tooltip' data-html='true' title='Reassessment'>2. Diabetes type 2.\n- Medical Reasoning: This appears to be well controlled with her current regimen.</span> <span style='color:#689F38; font-size:14px;'>(<b>Reassessment</b>)</span></li><li><span style='color:#689F38;' data-toggle='tooltip' data-html='true' title='Reassessment'>3. Hypertension.</span> <span style='color:#689F38; font-size:14px;'>(<b>Reassessment</b>)</span></li><li><span style='color:#303F9F;' data-toggle='tooltip' data-html='true' title='Theraputic History'>- Medical Reasoning: She is doing well with Norvasc.</span> <span style='color:#303F9F; font-size:14px;'>(<b>Theraputic History</b>)</span></li></ol>""}"
10370,3,"ASSESSMENT

1. Right foot diabetic ulcer.
2. Diabetes.",2025-06-18T07:42:11.813557Z,D2N110,10934,"[{""start"":12,""end"":41,""text"":""1. Right foot diabetic ulcer."",""labels"":[""Acute Assessment""]},{""start"":42,""end"":54,""text"":""2. Diabetes."",""labels"":[""Reassessment""]}]",138.369,ASSESSMENT,D2N110_2,2025-06-18T07:42:11.813600Z,"{""Intent"": ""<b>ASSESSMENT</b><br><span style='color:#D84315; font-size:15px; margin-right:10px;'>Acute Assessment</span><span style='color:#689F38; font-size:15px; margin-right:10px;'>Reassessment</span><span style='color:#1E88E5; font-size:15px; margin-right:10px;'>Medications</span><span style='color:#9C27B0; font-size:15px; margin-right:10px;'>Diagnostic Testing</span><span style='color:#F06292; font-size:15px; margin-right:10px;'>Other Treatments</span><span style='color:#00897B; font-size:15px; margin-right:10px;'>Follow-up</span><span style='color:#C62828; font-size:15px; margin-right:10px;'>Discussion</span><span style='color:#6A1B9A; font-size:15px; margin-right:10px;'>Referral</span><span style='color:#C2185B; font-size:15px; margin-right:10px;'>Acute Symptoms</span><span style='color:#0288D1; font-size:15px; margin-right:10px;'>Personal Information</span><span style='color:#673AB7; font-size:15px; margin-right:10px;'>Personal History</span><span style='color:#EF6C00; font-size:15px; margin-right:10px;'>Family History</span><span style='color:#009688; font-size:15px; margin-right:10px;'>Drug History</span><span style='color:#303F9F; font-size:15px; margin-right:10px;'>Theraputic History</span><span style='color:#E91E63; font-size:15px; margin-right:10px;'>Vegetative History</span><span style='color:#26C6DA; font-size:15px; margin-right:10px;'>Other Social</span><span style='color:#00796B; font-size:15px; margin-right:10px;'>Physical Examination</span><span style='color:#5D4037; font-size:15px; margin-right:10px;'>Radiology Examination</span><span style='color:#F44336; font-size:15px; margin-right:10px;'>Lab Examination</span>"", ""Note"": ""<ol><li><span style='color:#D84315;' data-toggle='tooltip' data-html='true' title='Acute Assessment'>1. Right foot diabetic ulcer.</span> <span style='color:#D84315; font-size:14px;'>(<b>Acute Assessment</b>)</span></li><li><span style='color:#689F38;' data-toggle='tooltip' data-html='true' title='Reassessment'>2. Diabetes.</span> <span style='color:#689F38; font-size:14px;'>(<b>Reassessment</b>)</span></li></ol>""}"
10372,3,"ASSESSMENT

1. Right knee pain, lateral ligament strain.
2. Hypertension.
3. Diabetes type 2.",2025-06-18T09:30:28.736103Z,D2N111,10935,"[{""start"":12,""end"":55,""text"":""1. Right knee pain, lateral ligament strain"",""labels"":[""Acute Assessment""]},{""start"":57,""end"":73,""text"":""2. Hypertension."",""labels"":[""Reassessment""]},{""start"":74,""end"":93,""text"":""3. Diabetes type 2."",""labels"":[""Reassessment""]}]",5775.893,ASSESSMENT,D2N111_2,2025-06-18T09:30:28.736143Z,"{""Intent"": ""<b>ASSESSMENT</b><br><span style='color:#D84315; font-size:15px; margin-right:10px;'>Acute Assessment</span><span style='color:#689F38; font-size:15px; margin-right:10px;'>Reassessment</span><span style='color:#1E88E5; font-size:15px; margin-right:10px;'>Medications</span><span style='color:#9C27B0; font-size:15px; margin-right:10px;'>Diagnostic Testing</span><span style='color:#F06292; font-size:15px; margin-right:10px;'>Other Treatments</span><span style='color:#00897B; font-size:15px; margin-right:10px;'>Follow-up</span><span style='color:#C62828; font-size:15px; margin-right:10px;'>Discussion</span><span style='color:#6A1B9A; font-size:15px; margin-right:10px;'>Referral</span><span style='color:#C2185B; font-size:15px; margin-right:10px;'>Acute Symptoms</span><span style='color:#0288D1; font-size:15px; margin-right:10px;'>Personal Information</span><span style='color:#673AB7; font-size:15px; margin-right:10px;'>Personal History</span><span style='color:#EF6C00; font-size:15px; margin-right:10px;'>Family History</span><span style='color:#009688; font-size:15px; margin-right:10px;'>Drug History</span><span style='color:#303F9F; font-size:15px; margin-right:10px;'>Theraputic History</span><span style='color:#E91E63; font-size:15px; margin-right:10px;'>Vegetative History</span><span style='color:#26C6DA; font-size:15px; margin-right:10px;'>Other Social</span><span style='color:#00796B; font-size:15px; margin-right:10px;'>Physical Examination</span><span style='color:#5D4037; font-size:15px; margin-right:10px;'>Radiology Examination</span><span style='color:#F44336; font-size:15px; margin-right:10px;'>Lab Examination</span>"", ""Note"": ""<ol><li><span style='color:#D84315;' data-toggle='tooltip' data-html='true' title='Acute Assessment'>1. Right knee pain, lateral ligament strain</span> <span style='color:#D84315; font-size:14px;'>(<b>Acute Assessment</b>)</span></li><li><span style='color:#689F38;' data-toggle='tooltip' data-html='true' title='Reassessment'>2. Hypertension.</span> <span style='color:#689F38; font-size:14px;'>(<b>Reassessment</b>)</span></li><li><span style='color:#689F38;' data-toggle='tooltip' data-html='true' title='Reassessment'>3. Diabetes type 2.</span> <span style='color:#689F38; font-size:14px;'>(<b>Reassessment</b>)</span></li></ol>""}"
10374,3,"ASSESSMENT

Acute disc herniation at L4-5 with nerve root impingement.",2025-06-18T09:38:18.293915Z,D2N112,10936,"[{""start"":12,""end"":70,""text"":""Acute disc herniation at L4-5 with nerve root impingement."",""labels"":[""Acute Assessment""]}]",116.583,ASSESSMENT,D2N112_2,2025-06-18T09:38:18.293958Z,"{""Intent"": ""<b>ASSESSMENT</b><br><span style='color:#D84315; font-size:15px; margin-right:10px;'>Acute Assessment</span><span style='color:#689F38; font-size:15px; margin-right:10px;'>Reassessment</span><span style='color:#1E88E5; font-size:15px; margin-right:10px;'>Medications</span><span style='color:#9C27B0; font-size:15px; margin-right:10px;'>Diagnostic Testing</span><span style='color:#F06292; font-size:15px; margin-right:10px;'>Other Treatments</span><span style='color:#00897B; font-size:15px; margin-right:10px;'>Follow-up</span><span style='color:#C62828; font-size:15px; margin-right:10px;'>Discussion</span><span style='color:#6A1B9A; font-size:15px; margin-right:10px;'>Referral</span><span style='color:#C2185B; font-size:15px; margin-right:10px;'>Acute Symptoms</span><span style='color:#0288D1; font-size:15px; margin-right:10px;'>Personal Information</span><span style='color:#673AB7; font-size:15px; margin-right:10px;'>Personal History</span><span style='color:#EF6C00; font-size:15px; margin-right:10px;'>Family History</span><span style='color:#009688; font-size:15px; margin-right:10px;'>Drug History</span><span style='color:#303F9F; font-size:15px; margin-right:10px;'>Theraputic History</span><span style='color:#E91E63; font-size:15px; margin-right:10px;'>Vegetative History</span><span style='color:#26C6DA; font-size:15px; margin-right:10px;'>Other Social</span><span style='color:#00796B; font-size:15px; margin-right:10px;'>Physical Examination</span><span style='color:#5D4037; font-size:15px; margin-right:10px;'>Radiology Examination</span><span style='color:#F44336; font-size:15px; margin-right:10px;'>Lab Examination</span>"", ""Note"": ""<ol><li><span style='color:#D84315;' data-toggle='tooltip' data-html='true' title='Acute Assessment'>Acute disc herniation at L4-5 with nerve root impingement.</span> <span style='color:#D84315; font-size:14px;'>(<b>Acute Assessment</b>)</span></li></ol>""}"
10375,3,"1. Hepatitis C.
- Medical Reasoning: Her recent blood work revealed a positive HCV antibody. She does have a history of intravenous drug use, but she has not used drugs in over 15 years.",2025-06-18T09:38:47.783356Z,D2N113,10937,"[{""start"":0,""end"":91,""text"":""1. Hepatitis C.\\n- Medical Reasoning: Her recent blood work revealed a positive HCV antibody"",""labels"":[""Acute Assessment""]},{""start"":93,""end"":185,""text"":""She does have a history of intravenous drug use, but she has not used drugs in over 15 years"",""labels"":[""Drug History""]}]",26.906,ASSESSMENT,D2N113_2,2025-06-18T09:38:47.783401Z,"{""Intent"": ""<b>ASSESSMENT</b><br><span style='color:#D84315; font-size:15px; margin-right:10px;'>Acute Assessment</span><span style='color:#689F38; font-size:15px; margin-right:10px;'>Reassessment</span><span style='color:#1E88E5; font-size:15px; margin-right:10px;'>Medications</span><span style='color:#9C27B0; font-size:15px; margin-right:10px;'>Diagnostic Testing</span><span style='color:#F06292; font-size:15px; margin-right:10px;'>Other Treatments</span><span style='color:#00897B; font-size:15px; margin-right:10px;'>Follow-up</span><span style='color:#C62828; font-size:15px; margin-right:10px;'>Discussion</span><span style='color:#6A1B9A; font-size:15px; margin-right:10px;'>Referral</span><span style='color:#C2185B; font-size:15px; margin-right:10px;'>Acute Symptoms</span><span style='color:#0288D1; font-size:15px; margin-right:10px;'>Personal Information</span><span style='color:#673AB7; font-size:15px; margin-right:10px;'>Personal History</span><span style='color:#EF6C00; font-size:15px; margin-right:10px;'>Family History</span><span style='color:#009688; font-size:15px; margin-right:10px;'>Drug History</span><span style='color:#303F9F; font-size:15px; margin-right:10px;'>Theraputic History</span><span style='color:#E91E63; font-size:15px; margin-right:10px;'>Vegetative History</span><span style='color:#26C6DA; font-size:15px; margin-right:10px;'>Other Social</span><span style='color:#00796B; font-size:15px; margin-right:10px;'>Physical Examination</span><span style='color:#5D4037; font-size:15px; margin-right:10px;'>Radiology Examination</span><span style='color:#F44336; font-size:15px; margin-right:10px;'>Lab Examination</span>"", ""Note"": ""<ol><li><span style='color:#D84315;' data-toggle='tooltip' data-html='true' title='Acute Assessment'>1. Hepatitis C.\n- Medical Reasoning: Her recent blood work revealed a positive HCV antibody</span> <span style='color:#D84315; font-size:14px;'>(<b>Acute Assessment</b>)</span></li><li><span style='color:#009688;' data-toggle='tooltip' data-html='true' title='Drug History'>She does have a history of intravenous drug use, but she has not used drugs in over 15 years</span> <span style='color:#009688; font-size:14px;'>(<b>Drug History</b>)</span></li></ol>""}"
10377,3,"ASSESSMENT

Headaches, concern for idiopathic intracranial hypertension.",2025-06-18T09:39:32.766377Z,D2N114,10938,"[{""start"":12,""end"":71,""text"":""Headaches, concern for idiopathic intracranial hypertension"",""labels"":[""Acute Assessment""]}]",42.508,ASSESSMENT,D2N114_2,2025-06-18T09:39:32.766421Z,"{""Intent"": ""<b>ASSESSMENT</b><br><span style='color:#D84315; font-size:15px; margin-right:10px;'>Acute Assessment</span><span style='color:#689F38; font-size:15px; margin-right:10px;'>Reassessment</span><span style='color:#1E88E5; font-size:15px; margin-right:10px;'>Medications</span><span style='color:#9C27B0; font-size:15px; margin-right:10px;'>Diagnostic Testing</span><span style='color:#F06292; font-size:15px; margin-right:10px;'>Other Treatments</span><span style='color:#00897B; font-size:15px; margin-right:10px;'>Follow-up</span><span style='color:#C62828; font-size:15px; margin-right:10px;'>Discussion</span><span style='color:#6A1B9A; font-size:15px; margin-right:10px;'>Referral</span><span style='color:#C2185B; font-size:15px; margin-right:10px;'>Acute Symptoms</span><span style='color:#0288D1; font-size:15px; margin-right:10px;'>Personal Information</span><span style='color:#673AB7; font-size:15px; margin-right:10px;'>Personal History</span><span style='color:#EF6C00; font-size:15px; margin-right:10px;'>Family History</span><span style='color:#009688; font-size:15px; margin-right:10px;'>Drug History</span><span style='color:#303F9F; font-size:15px; margin-right:10px;'>Theraputic History</span><span style='color:#E91E63; font-size:15px; margin-right:10px;'>Vegetative History</span><span style='color:#26C6DA; font-size:15px; margin-right:10px;'>Other Social</span><span style='color:#00796B; font-size:15px; margin-right:10px;'>Physical Examination</span><span style='color:#5D4037; font-size:15px; margin-right:10px;'>Radiology Examination</span><span style='color:#F44336; font-size:15px; margin-right:10px;'>Lab Examination</span>"", ""Note"": ""<ol><li><span style='color:#D84315;' data-toggle='tooltip' data-html='true' title='Acute Assessment'>Headaches, concern for idiopathic intracranial hypertension</span> <span style='color:#D84315; font-size:14px;'>(<b>Acute Assessment</b>)</span></li></ol>""}"
10379,3,"ASSESSMENT

Neck strain.",2025-06-18T09:40:23.490825Z,D2N115,10939,"[{""start"":12,""end"":24,""text"":""Neck strain."",""labels"":[""Acute Assessment""]}]",48.848,ASSESSMENT,D2N115_2,2025-06-18T09:40:23.490872Z,"{""Intent"": ""<b>ASSESSMENT</b><br><span style='color:#D84315; font-size:15px; margin-right:10px;'>Acute Assessment</span><span style='color:#689F38; font-size:15px; margin-right:10px;'>Reassessment</span><span style='color:#1E88E5; font-size:15px; margin-right:10px;'>Medications</span><span style='color:#9C27B0; font-size:15px; margin-right:10px;'>Diagnostic Testing</span><span style='color:#F06292; font-size:15px; margin-right:10px;'>Other Treatments</span><span style='color:#00897B; font-size:15px; margin-right:10px;'>Follow-up</span><span style='color:#C62828; font-size:15px; margin-right:10px;'>Discussion</span><span style='color:#6A1B9A; font-size:15px; margin-right:10px;'>Referral</span><span style='color:#C2185B; font-size:15px; margin-right:10px;'>Acute Symptoms</span><span style='color:#0288D1; font-size:15px; margin-right:10px;'>Personal Information</span><span style='color:#673AB7; font-size:15px; margin-right:10px;'>Personal History</span><span style='color:#EF6C00; font-size:15px; margin-right:10px;'>Family History</span><span style='color:#009688; font-size:15px; margin-right:10px;'>Drug History</span><span style='color:#303F9F; font-size:15px; margin-right:10px;'>Theraputic History</span><span style='color:#E91E63; font-size:15px; margin-right:10px;'>Vegetative History</span><span style='color:#26C6DA; font-size:15px; margin-right:10px;'>Other Social</span><span style='color:#00796B; font-size:15px; margin-right:10px;'>Physical Examination</span><span style='color:#5D4037; font-size:15px; margin-right:10px;'>Radiology Examination</span><span style='color:#F44336; font-size:15px; margin-right:10px;'>Lab Examination</span>"", ""Note"": ""<ol><li><span style='color:#D84315;' data-toggle='tooltip' data-html='true' title='Acute Assessment'>Neck strain.</span> <span style='color:#D84315; font-size:14px;'>(<b>Acute Assessment</b>)</span></li></ol>""}"
10381,3,"ASSESSMENT

1. Right shoulder rotator cuff tendinopathy.
2. Bilateral foot pain.",2025-06-18T09:44:13.980103Z,D2N116,10940,"[{""start"":12,""end"":56,""text"":""1. Right shoulder rotator cuff tendinopathy."",""labels"":[""Acute Assessment""]},{""start"":57,""end"":80,""text"":""2. Bilateral foot pain."",""labels"":[""Acute Assessment""]}]",70.417,ASSESSMENT,D2N116_2,2025-06-18T09:44:13.980153Z,"{""Intent"": ""<b>ASSESSMENT</b><br><span style='color:#D84315; font-size:15px; margin-right:10px;'>Acute Assessment</span><span style='color:#689F38; font-size:15px; margin-right:10px;'>Reassessment</span><span style='color:#1E88E5; font-size:15px; margin-right:10px;'>Medications</span><span style='color:#9C27B0; font-size:15px; margin-right:10px;'>Diagnostic Testing</span><span style='color:#F06292; font-size:15px; margin-right:10px;'>Other Treatments</span><span style='color:#00897B; font-size:15px; margin-right:10px;'>Follow-up</span><span style='color:#C62828; font-size:15px; margin-right:10px;'>Discussion</span><span style='color:#6A1B9A; font-size:15px; margin-right:10px;'>Referral</span><span style='color:#C2185B; font-size:15px; margin-right:10px;'>Acute Symptoms</span><span style='color:#0288D1; font-size:15px; margin-right:10px;'>Personal Information</span><span style='color:#673AB7; font-size:15px; margin-right:10px;'>Personal History</span><span style='color:#EF6C00; font-size:15px; margin-right:10px;'>Family History</span><span style='color:#009688; font-size:15px; margin-right:10px;'>Drug History</span><span style='color:#303F9F; font-size:15px; margin-right:10px;'>Theraputic History</span><span style='color:#E91E63; font-size:15px; margin-right:10px;'>Vegetative History</span><span style='color:#26C6DA; font-size:15px; margin-right:10px;'>Other Social</span><span style='color:#00796B; font-size:15px; margin-right:10px;'>Physical Examination</span><span style='color:#5D4037; font-size:15px; margin-right:10px;'>Radiology Examination</span><span style='color:#F44336; font-size:15px; margin-right:10px;'>Lab Examination</span>"", ""Note"": ""<ol><li><span style='color:#D84315;' data-toggle='tooltip' data-html='true' title='Acute Assessment'>1. Right shoulder rotator cuff tendinopathy.</span> <span style='color:#D84315; font-size:14px;'>(<b>Acute Assessment</b>)</span></li><li><span style='color:#D84315;' data-toggle='tooltip' data-html='true' title='Acute Assessment'>2. Bilateral foot pain.</span> <span style='color:#D84315; font-size:14px;'>(<b>Acute Assessment</b>)</span></li></ol>""}"
10384,3,"1. Acute lateral epicondylitis of right elbow.
- Medical Reasoning: Patient presents today with symptoms consistent with lateral epicondylitis secondary to overuse.

2. Diabetes type 2.
- Medical Reasoning: His blood sugar today is not controlled.

3. Mild acute intermittent asthma.
- Medical Reasoning: This remains well-controlled.",2025-06-18T09:56:19.852212Z,D2N117,10941,"[{""start"":0,""end"":164,""text"":""1. Acute lateral epicondylitis of right elbow.\\n- Medical Reasoning: Patient presents today with symptoms consistent with lateral epicondylitis secondary to overuse."",""labels"":[""Acute Assessment""]},{""start"":166,""end"":247,""text"":""2. Diabetes type 2.\\n- Medical Reasoning: His blood sugar today is not controlled."",""labels"":[""Reassessment""]},{""start"":249,""end"":334,""text"":""3. Mild acute intermittent asthma.\\n- Medical Reasoning: This remains well-controlled."",""labels"":[""Reassessment""]}]",723.885,ASSESSMENT,D2N117_2,2025-06-18T09:56:19.852258Z,"{""Intent"": ""<b>ASSESSMENT</b><br><span style='color:#D84315; font-size:15px; margin-right:10px;'>Acute Assessment</span><span style='color:#689F38; font-size:15px; margin-right:10px;'>Reassessment</span><span style='color:#1E88E5; font-size:15px; margin-right:10px;'>Medications</span><span style='color:#9C27B0; font-size:15px; margin-right:10px;'>Diagnostic Testing</span><span style='color:#F06292; font-size:15px; margin-right:10px;'>Other Treatments</span><span style='color:#00897B; font-size:15px; margin-right:10px;'>Follow-up</span><span style='color:#C62828; font-size:15px; margin-right:10px;'>Discussion</span><span style='color:#6A1B9A; font-size:15px; margin-right:10px;'>Referral</span><span style='color:#C2185B; font-size:15px; margin-right:10px;'>Acute Symptoms</span><span style='color:#0288D1; font-size:15px; margin-right:10px;'>Personal Information</span><span style='color:#673AB7; font-size:15px; margin-right:10px;'>Personal History</span><span style='color:#EF6C00; font-size:15px; margin-right:10px;'>Family History</span><span style='color:#009688; font-size:15px; margin-right:10px;'>Drug History</span><span style='color:#303F9F; font-size:15px; margin-right:10px;'>Theraputic History</span><span style='color:#E91E63; font-size:15px; margin-right:10px;'>Vegetative History</span><span style='color:#26C6DA; font-size:15px; margin-right:10px;'>Other Social</span><span style='color:#00796B; font-size:15px; margin-right:10px;'>Physical Examination</span><span style='color:#5D4037; font-size:15px; margin-right:10px;'>Radiology Examination</span><span style='color:#F44336; font-size:15px; margin-right:10px;'>Lab Examination</span>"", ""Note"": ""<ol><li><span style='color:#D84315;' data-toggle='tooltip' data-html='true' title='Acute Assessment'>1. Acute lateral epicondylitis of right elbow.\n- Medical Reasoning: Patient presents today with symptoms consistent with lateral epicondylitis secondary to overuse.</span> <span style='color:#D84315; font-size:14px;'>(<b>Acute Assessment</b>)</span></li><li><span style='color:#689F38;' data-toggle='tooltip' data-html='true' title='Reassessment'>2. Diabetes type 2.\n- Medical Reasoning: His blood sugar today is not controlled.</span> <span style='color:#689F38; font-size:14px;'>(<b>Reassessment</b>)</span></li><li><span style='color:#689F38;' data-toggle='tooltip' data-html='true' title='Reassessment'>3. Mild acute intermittent asthma.\n- Medical Reasoning: This remains well-controlled.</span> <span style='color:#689F38; font-size:14px;'>(<b>Reassessment</b>)</span></li></ol>""}"
10386,3,"1. Kidney stones.
- Medical Reasoning: Patient recently experience an episode of kidney stones which is her 7th or 8th episode. Based on the patient's symptoms and exam today, I think she has likely passed her kidney stones.

2. Hypertension.
- Medical Reasoning: Patient is currently stable and doing well on Norvasc 2.5 mg.

3. Diabetes.
- Medical Reasoning: Patient is currently stable and compliant with her metformin.

4. Insomnia.
- Medical Reasoning: The patient has a history of insomnia.",2025-06-18T10:00:15.601569Z,D2N118,10942,"[{""start"":0,""end"":224,""text"":""1. Kidney stones.\\n- Medical Reasoning: Patient recently experience an episode of kidney stones which is her 7th or 8th episode. Based on the patient's symptoms and exam today, I think she has likely passed her kidney stones."",""labels"":[""Acute Assessment""]},{""start"":226,""end"":325,""text"":""2. Hypertension.\\n- Medical Reasoning: Patient is currently stable and doing well on Norvasc 2.5 mg."",""labels"":[""Reassessment""]},{""start"":424,""end"":436,""text"":""4. Insomnia."",""labels"":[""Reassessment""]},{""start"":437,""end"":496,""text"":""- Medical Reasoning: The patient has a history of insomnia."",""labels"":[""Personal History""]},{""start"":327,""end"":422,""text"":""3. Diabetes.\\n- Medical Reasoning: Patient is currently stable and compliant with her metformin."",""labels"":[""Reassessment""]}]",233.533,ASSESSMENT,D2N118_2,2025-06-18T10:00:15.601619Z,"{""Intent"": ""<b>ASSESSMENT</b><br><span style='color:#D84315; font-size:15px; margin-right:10px;'>Acute Assessment</span><span style='color:#689F38; font-size:15px; margin-right:10px;'>Reassessment</span><span style='color:#1E88E5; font-size:15px; margin-right:10px;'>Medications</span><span style='color:#9C27B0; font-size:15px; margin-right:10px;'>Diagnostic Testing</span><span style='color:#F06292; font-size:15px; margin-right:10px;'>Other Treatments</span><span style='color:#00897B; font-size:15px; margin-right:10px;'>Follow-up</span><span style='color:#C62828; font-size:15px; margin-right:10px;'>Discussion</span><span style='color:#6A1B9A; font-size:15px; margin-right:10px;'>Referral</span><span style='color:#C2185B; font-size:15px; margin-right:10px;'>Acute Symptoms</span><span style='color:#0288D1; font-size:15px; margin-right:10px;'>Personal Information</span><span style='color:#673AB7; font-size:15px; margin-right:10px;'>Personal History</span><span style='color:#EF6C00; font-size:15px; margin-right:10px;'>Family History</span><span style='color:#009688; font-size:15px; margin-right:10px;'>Drug History</span><span style='color:#303F9F; font-size:15px; margin-right:10px;'>Theraputic History</span><span style='color:#E91E63; font-size:15px; margin-right:10px;'>Vegetative History</span><span style='color:#26C6DA; font-size:15px; margin-right:10px;'>Other Social</span><span style='color:#00796B; font-size:15px; margin-right:10px;'>Physical Examination</span><span style='color:#5D4037; font-size:15px; margin-right:10px;'>Radiology Examination</span><span style='color:#F44336; font-size:15px; margin-right:10px;'>Lab Examination</span>"", ""Note"": ""<ol><li><span style='color:#D84315;' data-toggle='tooltip' data-html='true' title='Acute Assessment'>1. Kidney stones.\n- Medical Reasoning: Patient recently experience an episode of kidney stones which is her 7th or 8th episode. Based on the patient's symptoms and exam today, I think she has likely passed her kidney stones.</span> <span style='color:#D84315; font-size:14px;'>(<b>Acute Assessment</b>)</span></li><li><span style='color:#689F38;' data-toggle='tooltip' data-html='true' title='Reassessment'>2. Hypertension.\n- Medical Reasoning: Patient is currently stable and doing well on Norvasc 2.5 mg.</span> <span style='color:#689F38; font-size:14px;'>(<b>Reassessment</b>)</span></li><li><span style='color:#689F38;' data-toggle='tooltip' data-html='true' title='Reassessment'>3. Diabetes.\n- Medical Reasoning: Patient is currently stable and compliant with her metformin.</span> <span style='color:#689F38; font-size:14px;'>(<b>Reassessment</b>)</span></li><li><span style='color:#689F38;' data-toggle='tooltip' data-html='true' title='Reassessment'>4. Insomnia.</span> <span style='color:#689F38; font-size:14px;'>(<b>Reassessment</b>)</span></li><li><span style='color:#673AB7;' data-toggle='tooltip' data-html='true' title='Personal History'>- Medical Reasoning: The patient has a history of insomnia.</span> <span style='color:#673AB7; font-size:14px;'>(<b>Personal History</b>)</span></li></ol>""}"
10388,3,"1. Moderate intermittent asthma.
- Medical Reasoning: The patient's symptoms and results of her PFT are consistent with moderate intermittent asthma.",2025-06-18T10:50:45.842398Z,D2N119,10943,"[{""start"":0,""end"":149,""text"":""1. Moderate intermittent asthma.\\n- Medical Reasoning: The patient's symptoms and results of her PFT are consistent with moderate intermittent asthma."",""labels"":[""Acute Assessment""]}]",3028.271,ASSESSMENT,D2N119_2,2025-06-18T10:50:45.842441Z,"{""Intent"": ""<b>ASSESSMENT</b><br><span style='color:#D84315; font-size:15px; margin-right:10px;'>Acute Assessment</span><span style='color:#689F38; font-size:15px; margin-right:10px;'>Reassessment</span><span style='color:#1E88E5; font-size:15px; margin-right:10px;'>Medications</span><span style='color:#9C27B0; font-size:15px; margin-right:10px;'>Diagnostic Testing</span><span style='color:#F06292; font-size:15px; margin-right:10px;'>Other Treatments</span><span style='color:#00897B; font-size:15px; margin-right:10px;'>Follow-up</span><span style='color:#C62828; font-size:15px; margin-right:10px;'>Discussion</span><span style='color:#6A1B9A; font-size:15px; margin-right:10px;'>Referral</span><span style='color:#C2185B; font-size:15px; margin-right:10px;'>Acute Symptoms</span><span style='color:#0288D1; font-size:15px; margin-right:10px;'>Personal Information</span><span style='color:#673AB7; font-size:15px; margin-right:10px;'>Personal History</span><span style='color:#EF6C00; font-size:15px; margin-right:10px;'>Family History</span><span style='color:#009688; font-size:15px; margin-right:10px;'>Drug History</span><span style='color:#303F9F; font-size:15px; margin-right:10px;'>Theraputic History</span><span style='color:#E91E63; font-size:15px; margin-right:10px;'>Vegetative History</span><span style='color:#26C6DA; font-size:15px; margin-right:10px;'>Other Social</span><span style='color:#00796B; font-size:15px; margin-right:10px;'>Physical Examination</span><span style='color:#5D4037; font-size:15px; margin-right:10px;'>Radiology Examination</span><span style='color:#F44336; font-size:15px; margin-right:10px;'>Lab Examination</span>"", ""Note"": ""<ol><li><span style='color:#D84315;' data-toggle='tooltip' data-html='true' title='Acute Assessment'>1. Moderate intermittent asthma.\n- Medical Reasoning: The patient's symptoms and results of her PFT are consistent with moderate intermittent asthma.</span> <span style='color:#D84315; font-size:14px;'>(<b>Acute Assessment</b>)</span></li></ol>""}"
10390,3,"ASSESSMENT

L4-5 herniated disc with radiculopathy.",2025-06-18T10:52:37.727960Z,D2N120,10944,"[{""start"":12,""end"":51,""text"":""L4-5 herniated disc with radiculopathy."",""labels"":[""Acute Assessment""]}]",109.167,ASSESSMENT,D2N120_2,2025-06-18T10:52:37.728010Z,"{""Intent"": ""<b>ASSESSMENT</b><br><span style='color:#D84315; font-size:15px; margin-right:10px;'>Acute Assessment</span><span style='color:#689F38; font-size:15px; margin-right:10px;'>Reassessment</span><span style='color:#1E88E5; font-size:15px; margin-right:10px;'>Medications</span><span style='color:#9C27B0; font-size:15px; margin-right:10px;'>Diagnostic Testing</span><span style='color:#F06292; font-size:15px; margin-right:10px;'>Other Treatments</span><span style='color:#00897B; font-size:15px; margin-right:10px;'>Follow-up</span><span style='color:#C62828; font-size:15px; margin-right:10px;'>Discussion</span><span style='color:#6A1B9A; font-size:15px; margin-right:10px;'>Referral</span><span style='color:#C2185B; font-size:15px; margin-right:10px;'>Acute Symptoms</span><span style='color:#0288D1; font-size:15px; margin-right:10px;'>Personal Information</span><span style='color:#673AB7; font-size:15px; margin-right:10px;'>Personal History</span><span style='color:#EF6C00; font-size:15px; margin-right:10px;'>Family History</span><span style='color:#009688; font-size:15px; margin-right:10px;'>Drug History</span><span style='color:#303F9F; font-size:15px; margin-right:10px;'>Theraputic History</span><span style='color:#E91E63; font-size:15px; margin-right:10px;'>Vegetative History</span><span style='color:#26C6DA; font-size:15px; margin-right:10px;'>Other Social</span><span style='color:#00796B; font-size:15px; margin-right:10px;'>Physical Examination</span><span style='color:#5D4037; font-size:15px; margin-right:10px;'>Radiology Examination</span><span style='color:#F44336; font-size:15px; margin-right:10px;'>Lab Examination</span>"", ""Note"": ""<ol><li><span style='color:#D84315;' data-toggle='tooltip' data-html='true' title='Acute Assessment'>L4-5 herniated disc with radiculopathy.</span> <span style='color:#D84315; font-size:14px;'>(<b>Acute Assessment</b>)</span></li></ol>""}"
10391,3,"1. Right knee pain.
- Medical Reasoning: Based on the patient's symptoms and exam, I believe he has a medial collateral ligament strain.

2. Hypertension.
- Medical Reasoning: The patient is doing well on his current medication regimen. He is monitoring his blood pressure at home and has not had any elevated readings.",2025-06-19T08:36:57.473819Z,D2N121,10945,"[{""start"":0,""end"":136,""text"":""1. Right knee pain.\\n- Medical Reasoning: Based on the patient's symptoms and exam, I believe he has a medial collateral ligament strain."",""labels"":[""Acute Assessment""]},{""start"":138,""end"":319,""text"":""2. Hypertension.\\n- Medical Reasoning: The patient is doing well on his current medication regimen. He is monitoring his blood pressure at home and has not had any elevated readings."",""labels"":[""Reassessment""]}]",78257.373,ASSESSMENT,D2N121_2,2025-06-19T08:36:57.473866Z,"{""Intent"": ""<b>ASSESSMENT</b><br><span style='color:#D84315; font-size:15px; margin-right:10px;'>Acute Assessment</span><span style='color:#689F38; font-size:15px; margin-right:10px;'>Reassessment</span><span style='color:#1E88E5; font-size:15px; margin-right:10px;'>Medications</span><span style='color:#9C27B0; font-size:15px; margin-right:10px;'>Diagnostic Testing</span><span style='color:#F06292; font-size:15px; margin-right:10px;'>Other Treatments</span><span style='color:#00897B; font-size:15px; margin-right:10px;'>Follow-up</span><span style='color:#C62828; font-size:15px; margin-right:10px;'>Discussion</span><span style='color:#6A1B9A; font-size:15px; margin-right:10px;'>Referral</span><span style='color:#C2185B; font-size:15px; margin-right:10px;'>Acute Symptoms</span><span style='color:#0288D1; font-size:15px; margin-right:10px;'>Personal Information</span><span style='color:#673AB7; font-size:15px; margin-right:10px;'>Personal History</span><span style='color:#EF6C00; font-size:15px; margin-right:10px;'>Family History</span><span style='color:#009688; font-size:15px; margin-right:10px;'>Drug History</span><span style='color:#303F9F; font-size:15px; margin-right:10px;'>Theraputic History</span><span style='color:#E91E63; font-size:15px; margin-right:10px;'>Vegetative History</span><span style='color:#26C6DA; font-size:15px; margin-right:10px;'>Other Social</span><span style='color:#00796B; font-size:15px; margin-right:10px;'>Physical Examination</span><span style='color:#5D4037; font-size:15px; margin-right:10px;'>Radiology Examination</span><span style='color:#F44336; font-size:15px; margin-right:10px;'>Lab Examination</span>"", ""Note"": ""<ol><li><span style='color:#D84315;' data-toggle='tooltip' data-html='true' title='Acute Assessment'>1. Right knee pain.\n- Medical Reasoning: Based on the patient's symptoms and exam, I believe he has a medial collateral ligament strain.</span> <span style='color:#D84315; font-size:14px;'>(<b>Acute Assessment</b>)</span></li><li><span style='color:#689F38;' data-toggle='tooltip' data-html='true' title='Reassessment'>2. Hypertension.\n- Medical Reasoning: The patient is doing well on his current medication regimen. He is monitoring his blood pressure at home and has not had any elevated readings.</span> <span style='color:#689F38; font-size:14px;'>(<b>Reassessment</b>)</span></li></ol>""}"
10393,3,"1. Right upper lobe lung nodule.
- Medical Reasoning: The patient has incidentally found right upper lobe lung nodule visible on his chest CT. It could be a benign nodule, but because of his smoking history, I think it is best that he has it surgically removed.

2. Rheumatoid arthritis.
- Medical Reasoning: Stable.",2025-06-19T08:38:58.280914Z,D2N122,10946,"[{""start"":0,""end"":141,""text"":""1. Right upper lobe lung nodule.\\n- Medical Reasoning: The patient has incidentally found right upper lobe lung nodule visible on his chest CT"",""labels"":[""Acute Assessment""]},{""start"":143,""end"":170,""text"":""It could be a benign nodule"",""labels"":[""Acute Assessment""]},{""start"":172,""end"":206,""text"":""but because of his smoking history"",""labels"":[""Drug History""]},{""start"":208,""end"":261,""text"":""I think it is best that he has it surgically removed."",""labels"":[""Other Treatments""]},{""start"":263,""end"":316,""text"":""2. Rheumatoid arthritis.\\n- Medical Reasoning: Stable."",""labels"":[""Reassessment""]}]",127.64,ASSESSMENT,D2N122_2,2025-06-19T08:40:09.068670Z,"{""Intent"": ""<b>ASSESSMENT</b><br><span style='color:#D84315; font-size:15px; margin-right:10px;'>Acute Assessment</span><span style='color:#689F38; font-size:15px; margin-right:10px;'>Reassessment</span><span style='color:#1E88E5; font-size:15px; margin-right:10px;'>Medications</span><span style='color:#9C27B0; font-size:15px; margin-right:10px;'>Diagnostic Testing</span><span style='color:#F06292; font-size:15px; margin-right:10px;'>Other Treatments</span><span style='color:#00897B; font-size:15px; margin-right:10px;'>Follow-up</span><span style='color:#C62828; font-size:15px; margin-right:10px;'>Discussion</span><span style='color:#6A1B9A; font-size:15px; margin-right:10px;'>Referral</span><span style='color:#C2185B; font-size:15px; margin-right:10px;'>Acute Symptoms</span><span style='color:#0288D1; font-size:15px; margin-right:10px;'>Personal Information</span><span style='color:#673AB7; font-size:15px; margin-right:10px;'>Personal History</span><span style='color:#EF6C00; font-size:15px; margin-right:10px;'>Family History</span><span style='color:#009688; font-size:15px; margin-right:10px;'>Drug History</span><span style='color:#303F9F; font-size:15px; margin-right:10px;'>Theraputic History</span><span style='color:#E91E63; font-size:15px; margin-right:10px;'>Vegetative History</span><span style='color:#26C6DA; font-size:15px; margin-right:10px;'>Other Social</span><span style='color:#00796B; font-size:15px; margin-right:10px;'>Physical Examination</span><span style='color:#5D4037; font-size:15px; margin-right:10px;'>Radiology Examination</span><span style='color:#F44336; font-size:15px; margin-right:10px;'>Lab Examination</span>"", ""Note"": ""<ol><li><span style='color:#D84315;' data-toggle='tooltip' data-html='true' title='Acute Assessment'>1. Right upper lobe lung nodule.\n- Medical Reasoning: The patient has incidentally found right upper lobe lung nodule visible on his chest CT</span> <span style='color:#D84315; font-size:14px;'>(<b>Acute Assessment</b>)</span></li><li><span style='color:#D84315;' data-toggle='tooltip' data-html='true' title='Acute Assessment'>It could be a benign nodule</span> <span style='color:#D84315; font-size:14px;'>(<b>Acute Assessment</b>)</span></li><li><span style='color:#009688;' data-toggle='tooltip' data-html='true' title='Drug History'>but because of his smoking history</span> <span style='color:#009688; font-size:14px;'>(<b>Drug History</b>)</span></li><li><span style='color:#F06292;' data-toggle='tooltip' data-html='true' title='Other Treatments'>I think it is best that he has it surgically removed.</span> <span style='color:#F06292; font-size:14px;'>(<b>Other Treatments</b>)</span></li><li><span style='color:#689F38;' data-toggle='tooltip' data-html='true' title='Reassessment'>2. Rheumatoid arthritis.\n- Medical Reasoning: Stable.</span> <span style='color:#689F38; font-size:14px;'>(<b>Reassessment</b>)</span></li></ol>""}"
10394,3,"1. Difficulty swallowing.
- Medical Reasoning: The patient describes difficulty swallowing when he eats solid foods.

2. Diabetes.
- Medical Reasoning: This seems well-controlled.

3. High blood pressure.
- Medical Reasoning: This seems well-controlled.",2025-06-19T08:40:51.998344Z,D2N123,10947,"[{""start"":0,""end"":25,""text"":""1. Difficulty swallowing."",""labels"":[""Acute Assessment""]},{""start"":26,""end"":116,""text"":""- Medical Reasoning: The patient describes difficulty swallowing when he eats solid foods."",""labels"":[""Acute Symptoms""]},{""start"":118,""end"":179,""text"":""2. Diabetes.\\n- Medical Reasoning: This seems well-controlled."",""labels"":[""Reassessment""]},{""start"":181,""end"":253,""text"":""3. High blood pressure.\\n- Medical Reasoning: This seems well-controlled."",""labels"":[""Reassessment""]}]",35.413,ASSESSMENT,D2N123_2,2025-06-19T08:40:51.998388Z,"{""Intent"": ""<b>ASSESSMENT</b><br><span style='color:#D84315; font-size:15px; margin-right:10px;'>Acute Assessment</span><span style='color:#689F38; font-size:15px; margin-right:10px;'>Reassessment</span><span style='color:#1E88E5; font-size:15px; margin-right:10px;'>Medications</span><span style='color:#9C27B0; font-size:15px; margin-right:10px;'>Diagnostic Testing</span><span style='color:#F06292; font-size:15px; margin-right:10px;'>Other Treatments</span><span style='color:#00897B; font-size:15px; margin-right:10px;'>Follow-up</span><span style='color:#C62828; font-size:15px; margin-right:10px;'>Discussion</span><span style='color:#6A1B9A; font-size:15px; margin-right:10px;'>Referral</span><span style='color:#C2185B; font-size:15px; margin-right:10px;'>Acute Symptoms</span><span style='color:#0288D1; font-size:15px; margin-right:10px;'>Personal Information</span><span style='color:#673AB7; font-size:15px; margin-right:10px;'>Personal History</span><span style='color:#EF6C00; font-size:15px; margin-right:10px;'>Family History</span><span style='color:#009688; font-size:15px; margin-right:10px;'>Drug History</span><span style='color:#303F9F; font-size:15px; margin-right:10px;'>Theraputic History</span><span style='color:#E91E63; font-size:15px; margin-right:10px;'>Vegetative History</span><span style='color:#26C6DA; font-size:15px; margin-right:10px;'>Other Social</span><span style='color:#00796B; font-size:15px; margin-right:10px;'>Physical Examination</span><span style='color:#5D4037; font-size:15px; margin-right:10px;'>Radiology Examination</span><span style='color:#F44336; font-size:15px; margin-right:10px;'>Lab Examination</span>"", ""Note"": ""<ol><li><span style='color:#D84315;' data-toggle='tooltip' data-html='true' title='Acute Assessment'>1. Difficulty swallowing.</span> <span style='color:#D84315; font-size:14px;'>(<b>Acute Assessment</b>)</span></li><li><span style='color:#C2185B;' data-toggle='tooltip' data-html='true' title='Acute Symptoms'>- Medical Reasoning: The patient describes difficulty swallowing when he eats solid foods.</span> <span style='color:#C2185B; font-size:14px;'>(<b>Acute Symptoms</b>)</span></li><li><span style='color:#689F38;' data-toggle='tooltip' data-html='true' title='Reassessment'>2. Diabetes.\n- Medical Reasoning: This seems well-controlled.</span> <span style='color:#689F38; font-size:14px;'>(<b>Reassessment</b>)</span></li><li><span style='color:#689F38;' data-toggle='tooltip' data-html='true' title='Reassessment'>3. High blood pressure.\n- Medical Reasoning: This seems well-controlled.</span> <span style='color:#689F38; font-size:14px;'>(<b>Reassessment</b>)</span></li></ol>""}"
10396,3,"ASSESSMENT

Right lateral malleolar fracture.",2025-06-19T08:43:05.871362Z,D2N124,10948,"[{""start"":12,""end"":45,""text"":""Right lateral malleolar fracture."",""labels"":[""Acute Assessment""]}]",130.984,ASSESSMENT,D2N124_2,2025-06-19T08:43:05.871407Z,"{""Intent"": ""<b>ASSESSMENT</b><br><span style='color:#D84315; font-size:15px; margin-right:10px;'>Acute Assessment</span><span style='color:#689F38; font-size:15px; margin-right:10px;'>Reassessment</span><span style='color:#1E88E5; font-size:15px; margin-right:10px;'>Medications</span><span style='color:#9C27B0; font-size:15px; margin-right:10px;'>Diagnostic Testing</span><span style='color:#F06292; font-size:15px; margin-right:10px;'>Other Treatments</span><span style='color:#00897B; font-size:15px; margin-right:10px;'>Follow-up</span><span style='color:#C62828; font-size:15px; margin-right:10px;'>Discussion</span><span style='color:#6A1B9A; font-size:15px; margin-right:10px;'>Referral</span><span style='color:#C2185B; font-size:15px; margin-right:10px;'>Acute Symptoms</span><span style='color:#0288D1; font-size:15px; margin-right:10px;'>Personal Information</span><span style='color:#673AB7; font-size:15px; margin-right:10px;'>Personal History</span><span style='color:#EF6C00; font-size:15px; margin-right:10px;'>Family History</span><span style='color:#009688; font-size:15px; margin-right:10px;'>Drug History</span><span style='color:#303F9F; font-size:15px; margin-right:10px;'>Theraputic History</span><span style='color:#E91E63; font-size:15px; margin-right:10px;'>Vegetative History</span><span style='color:#26C6DA; font-size:15px; margin-right:10px;'>Other Social</span><span style='color:#00796B; font-size:15px; margin-right:10px;'>Physical Examination</span><span style='color:#5D4037; font-size:15px; margin-right:10px;'>Radiology Examination</span><span style='color:#F44336; font-size:15px; margin-right:10px;'>Lab Examination</span>"", ""Note"": ""<ol><li><span style='color:#D84315;' data-toggle='tooltip' data-html='true' title='Acute Assessment'>Right lateral malleolar fracture.</span> <span style='color:#D84315; font-size:14px;'>(<b>Acute Assessment</b>)</span></li></ol>""}"
10398,3,"1. Trigeminal neuralgia.
- Medical Reasoning: The patient has been experiencing facial pain for 2 to 3 months. A recent MRI revealed a small blood vessel abutting, or perhaps even pinching, the right trigeminal nerve. The root cause of his facial pain is the compression of the blood vessel against this nerve.",2025-06-19T08:48:00.770985Z,D2N125,10949,"[{""start"":0,""end"":24,""text"":""1. Trigeminal neuralgia."",""labels"":[""Acute Assessment""]},{""start"":25,""end"":110,""text"":""- Medical Reasoning: The patient has been experiencing facial pain for 2 to 3 months."",""labels"":[""Acute Symptoms""]},{""start"":111,""end"":217,""text"":""A recent MRI revealed a small blood vessel abutting, or perhaps even pinching, the right trigeminal nerve."",""labels"":[""Acute Assessment""]},{""start"":218,""end"":310,""text"":""The root cause of his facial pain is the compression of the blood vessel against this nerve."",""labels"":[""Acute Assessment""]}]",293.019,ASSESSMENT,D2N125_2,2025-06-19T08:48:00.771027Z,"{""Intent"": ""<b>ASSESSMENT</b><br><span style='color:#D84315; font-size:15px; margin-right:10px;'>Acute Assessment</span><span style='color:#689F38; font-size:15px; margin-right:10px;'>Reassessment</span><span style='color:#1E88E5; font-size:15px; margin-right:10px;'>Medications</span><span style='color:#9C27B0; font-size:15px; margin-right:10px;'>Diagnostic Testing</span><span style='color:#F06292; font-size:15px; margin-right:10px;'>Other Treatments</span><span style='color:#00897B; font-size:15px; margin-right:10px;'>Follow-up</span><span style='color:#C62828; font-size:15px; margin-right:10px;'>Discussion</span><span style='color:#6A1B9A; font-size:15px; margin-right:10px;'>Referral</span><span style='color:#C2185B; font-size:15px; margin-right:10px;'>Acute Symptoms</span><span style='color:#0288D1; font-size:15px; margin-right:10px;'>Personal Information</span><span style='color:#673AB7; font-size:15px; margin-right:10px;'>Personal History</span><span style='color:#EF6C00; font-size:15px; margin-right:10px;'>Family History</span><span style='color:#009688; font-size:15px; margin-right:10px;'>Drug History</span><span style='color:#303F9F; font-size:15px; margin-right:10px;'>Theraputic History</span><span style='color:#E91E63; font-size:15px; margin-right:10px;'>Vegetative History</span><span style='color:#26C6DA; font-size:15px; margin-right:10px;'>Other Social</span><span style='color:#00796B; font-size:15px; margin-right:10px;'>Physical Examination</span><span style='color:#5D4037; font-size:15px; margin-right:10px;'>Radiology Examination</span><span style='color:#F44336; font-size:15px; margin-right:10px;'>Lab Examination</span>"", ""Note"": ""<ol><li><span style='color:#D84315;' data-toggle='tooltip' data-html='true' title='Acute Assessment'>1. Trigeminal neuralgia.</span> <span style='color:#D84315; font-size:14px;'>(<b>Acute Assessment</b>)</span></li><li><span style='color:#C2185B;' data-toggle='tooltip' data-html='true' title='Acute Symptoms'>- Medical Reasoning: The patient has been experiencing facial pain for 2 to 3 months.</span> <span style='color:#C2185B; font-size:14px;'>(<b>Acute Symptoms</b>)</span></li><li><span style='color:#D84315;' data-toggle='tooltip' data-html='true' title='Acute Assessment'>A recent MRI revealed a small blood vessel abutting, or perhaps even pinching, the right trigeminal nerve.</span> <span style='color:#D84315; font-size:14px;'>(<b>Acute Assessment</b>)</span></li><li><span style='color:#D84315;' data-toggle='tooltip' data-html='true' title='Acute Assessment'>The root cause of his facial pain is the compression of the blood vessel against this nerve.</span> <span style='color:#D84315; font-size:14px;'>(<b>Acute Assessment</b>)</span></li></ol>""}"
10400,3,"ASSESSMENT

Right knee pain, possible ACL tear.",2025-06-19T08:52:12.657872Z,D2N126,10950,"[{""start"":12,""end"":47,""text"":""\\nRight knee pain, possible ACL tear."",""labels"":[""Acute Assessment""]}]",249.657,ASSESSMENT,D2N126_2,2025-06-19T08:52:12.657914Z,"{""Intent"": ""<b>ASSESSMENT</b><br><span style='color:#D84315; font-size:15px; margin-right:10px;'>Acute Assessment</span><span style='color:#689F38; font-size:15px; margin-right:10px;'>Reassessment</span><span style='color:#1E88E5; font-size:15px; margin-right:10px;'>Medications</span><span style='color:#9C27B0; font-size:15px; margin-right:10px;'>Diagnostic Testing</span><span style='color:#F06292; font-size:15px; margin-right:10px;'>Other Treatments</span><span style='color:#00897B; font-size:15px; margin-right:10px;'>Follow-up</span><span style='color:#C62828; font-size:15px; margin-right:10px;'>Discussion</span><span style='color:#6A1B9A; font-size:15px; margin-right:10px;'>Referral</span><span style='color:#C2185B; font-size:15px; margin-right:10px;'>Acute Symptoms</span><span style='color:#0288D1; font-size:15px; margin-right:10px;'>Personal Information</span><span style='color:#673AB7; font-size:15px; margin-right:10px;'>Personal History</span><span style='color:#EF6C00; font-size:15px; margin-right:10px;'>Family History</span><span style='color:#009688; font-size:15px; margin-right:10px;'>Drug History</span><span style='color:#303F9F; font-size:15px; margin-right:10px;'>Theraputic History</span><span style='color:#E91E63; font-size:15px; margin-right:10px;'>Vegetative History</span><span style='color:#26C6DA; font-size:15px; margin-right:10px;'>Other Social</span><span style='color:#00796B; font-size:15px; margin-right:10px;'>Physical Examination</span><span style='color:#5D4037; font-size:15px; margin-right:10px;'>Radiology Examination</span><span style='color:#F44336; font-size:15px; margin-right:10px;'>Lab Examination</span>"", ""Note"": ""<ol><li><span style='color:#D84315;' data-toggle='tooltip' data-html='true' title='Acute Assessment'>Right knee pain, possible ACL tear.</span> <span style='color:#D84315; font-size:14px;'>(<b>Acute Assessment</b>)</span></li></ol>""}"
10402,3,"ASSESSMENT

Neck sprain.",2025-06-19T08:53:51.543689Z,D2N127,10951,"[{""start"":12,""end"":24,""text"":""Neck sprain."",""labels"":[""Acute Assessment""]}]",96.682,ASSESSMENT,D2N127_2,2025-06-19T08:53:51.543738Z,"{""Intent"": ""<b>ASSESSMENT</b><br><span style='color:#D84315; font-size:15px; margin-right:10px;'>Acute Assessment</span><span style='color:#689F38; font-size:15px; margin-right:10px;'>Reassessment</span><span style='color:#1E88E5; font-size:15px; margin-right:10px;'>Medications</span><span style='color:#9C27B0; font-size:15px; margin-right:10px;'>Diagnostic Testing</span><span style='color:#F06292; font-size:15px; margin-right:10px;'>Other Treatments</span><span style='color:#00897B; font-size:15px; margin-right:10px;'>Follow-up</span><span style='color:#C62828; font-size:15px; margin-right:10px;'>Discussion</span><span style='color:#6A1B9A; font-size:15px; margin-right:10px;'>Referral</span><span style='color:#C2185B; font-size:15px; margin-right:10px;'>Acute Symptoms</span><span style='color:#0288D1; font-size:15px; margin-right:10px;'>Personal Information</span><span style='color:#673AB7; font-size:15px; margin-right:10px;'>Personal History</span><span style='color:#EF6C00; font-size:15px; margin-right:10px;'>Family History</span><span style='color:#009688; font-size:15px; margin-right:10px;'>Drug History</span><span style='color:#303F9F; font-size:15px; margin-right:10px;'>Theraputic History</span><span style='color:#E91E63; font-size:15px; margin-right:10px;'>Vegetative History</span><span style='color:#26C6DA; font-size:15px; margin-right:10px;'>Other Social</span><span style='color:#00796B; font-size:15px; margin-right:10px;'>Physical Examination</span><span style='color:#5D4037; font-size:15px; margin-right:10px;'>Radiology Examination</span><span style='color:#F44336; font-size:15px; margin-right:10px;'>Lab Examination</span>"", ""Note"": ""<ol><li><span style='color:#D84315;' data-toggle='tooltip' data-html='true' title='Acute Assessment'>Neck sprain.</span> <span style='color:#D84315; font-size:14px;'>(<b>Acute Assessment</b>)</span></li></ol>""}"
10404,3,"A 49-year-old female here today for followup of chronic problem.
1. Gout

2. Osteoarthritis

3. Psoriasis

",2025-06-19T08:55:12.856262Z,D2N128,10952,"[{""start"":0,""end"":20,""text"":""A 49-year-old female"",""labels"":[""Personal Information""]},{""start"":21,""end"":64,""text"":""here today for followup of chronic problem."",""labels"":[""Acute Symptoms""]},{""start"":65,""end"":72,""text"":""1. Gout"",""labels"":[""Reassessment""]},{""start"":74,""end"":91,""text"":""2. Osteoarthritis"",""labels"":[""Reassessment""]},{""start"":93,""end"":105,""text"":""3. Psoriasis"",""labels"":[""Reassessment""]}]",79.353,ASSESSMENT,D2N128_2,2025-06-19T08:55:12.856304Z,"{""Intent"": ""<b>ASSESSMENT</b><br><span style='color:#D84315; font-size:15px; margin-right:10px;'>Acute Assessment</span><span style='color:#689F38; font-size:15px; margin-right:10px;'>Reassessment</span><span style='color:#1E88E5; font-size:15px; margin-right:10px;'>Medications</span><span style='color:#9C27B0; font-size:15px; margin-right:10px;'>Diagnostic Testing</span><span style='color:#F06292; font-size:15px; margin-right:10px;'>Other Treatments</span><span style='color:#00897B; font-size:15px; margin-right:10px;'>Follow-up</span><span style='color:#C62828; font-size:15px; margin-right:10px;'>Discussion</span><span style='color:#6A1B9A; font-size:15px; margin-right:10px;'>Referral</span><span style='color:#C2185B; font-size:15px; margin-right:10px;'>Acute Symptoms</span><span style='color:#0288D1; font-size:15px; margin-right:10px;'>Personal Information</span><span style='color:#673AB7; font-size:15px; margin-right:10px;'>Personal History</span><span style='color:#EF6C00; font-size:15px; margin-right:10px;'>Family History</span><span style='color:#009688; font-size:15px; margin-right:10px;'>Drug History</span><span style='color:#303F9F; font-size:15px; margin-right:10px;'>Theraputic History</span><span style='color:#E91E63; font-size:15px; margin-right:10px;'>Vegetative History</span><span style='color:#26C6DA; font-size:15px; margin-right:10px;'>Other Social</span><span style='color:#00796B; font-size:15px; margin-right:10px;'>Physical Examination</span><span style='color:#5D4037; font-size:15px; margin-right:10px;'>Radiology Examination</span><span style='color:#F44336; font-size:15px; margin-right:10px;'>Lab Examination</span>"", ""Note"": ""<ol><li><span style='color:#0288D1;' data-toggle='tooltip' data-html='true' title='Personal Information'>A 49-year-old female</span> <span style='color:#0288D1; font-size:14px;'>(<b>Personal Information</b>)</span></li><li><span style='color:#C2185B;' data-toggle='tooltip' data-html='true' title='Acute Symptoms'>here today for followup of chronic problem.</span> <span style='color:#C2185B; font-size:14px;'>(<b>Acute Symptoms</b>)</span></li><li><span style='color:#689F38;' data-toggle='tooltip' data-html='true' title='Reassessment'>1. Gout</span> <span style='color:#689F38; font-size:14px;'>(<b>Reassessment</b>)</span></li><li><span style='color:#689F38;' data-toggle='tooltip' data-html='true' title='Reassessment'>2. Osteoarthritis</span> <span style='color:#689F38; font-size:14px;'>(<b>Reassessment</b>)</span></li><li><span style='color:#689F38;' data-toggle='tooltip' data-html='true' title='Reassessment'>3. Psoriasis</span> <span style='color:#689F38; font-size:14px;'>(<b>Reassessment</b>)</span></li></ol>""}"
10406,3,"Beverly Ortiz is a 24-year-old female patient with a history of type 2 diabetes and high blood pressure. She is here today for her yearly exam.

Diabetes mellitus type 2.
- Medical Reasoning: Her blood glucose levels have been uncontrolled. She is still taking metformin twice a day, but does admit to dietary indiscretion with an increase in her sweets intake.. Her most recent hemoglobin A1c was elevated.

Hypertension.
â¢ Medical Reasoning: Appears to be relatively stable.",2025-06-19T08:57:16.173536Z,D2N129,10953,"[{""start"":0,""end"":45,""text"":""Beverly Ortiz is a 24-year-old female patient"",""labels"":[""Personal Information""]},{""start"":46,""end"":103,""text"":""with a history of type 2 diabetes and high blood pressure"",""labels"":[""Personal History""]},{""start"":105,""end"":143,""text"":""She is here today for her yearly exam."",""labels"":[""Acute Symptoms""]},{""start"":145,""end"":240,""text"":""Diabetes mellitus type 2.\\n- Medical Reasoning: Her blood glucose levels have been uncontrolled."",""labels"":[""Reassessment""]},{""start"":240,""end"":283,""text"":"" She is still taking metformin twice a day,"",""labels"":[""Theraputic History""]},{""start"":284,""end"":360,""text"":""but does admit to dietary indiscretion with an increase in her sweets intake"",""labels"":[""Personal History""]},{""start"":363,""end"":407,""text"":""Her most recent hemoglobin A1c was elevated."",""labels"":[""Lab Examination""]},{""start"":409,""end"":478,""text"":""Hypertension.\\nâ¢ Medical Reasoning: Appears to be relatively stable."",""labels"":[""Reassessment""]}]",120.522,ASSESSMENT,D2N129_2,2025-06-19T08:57:16.173581Z,"{""Intent"": ""<b>ASSESSMENT</b><br><span style='color:#D84315; font-size:15px; margin-right:10px;'>Acute Assessment</span><span style='color:#689F38; font-size:15px; margin-right:10px;'>Reassessment</span><span style='color:#1E88E5; font-size:15px; margin-right:10px;'>Medications</span><span style='color:#9C27B0; font-size:15px; margin-right:10px;'>Diagnostic Testing</span><span style='color:#F06292; font-size:15px; margin-right:10px;'>Other Treatments</span><span style='color:#00897B; font-size:15px; margin-right:10px;'>Follow-up</span><span style='color:#C62828; font-size:15px; margin-right:10px;'>Discussion</span><span style='color:#6A1B9A; font-size:15px; margin-right:10px;'>Referral</span><span style='color:#C2185B; font-size:15px; margin-right:10px;'>Acute Symptoms</span><span style='color:#0288D1; font-size:15px; margin-right:10px;'>Personal Information</span><span style='color:#673AB7; font-size:15px; margin-right:10px;'>Personal History</span><span style='color:#EF6C00; font-size:15px; margin-right:10px;'>Family History</span><span style='color:#009688; font-size:15px; margin-right:10px;'>Drug History</span><span style='color:#303F9F; font-size:15px; margin-right:10px;'>Theraputic History</span><span style='color:#E91E63; font-size:15px; margin-right:10px;'>Vegetative History</span><span style='color:#26C6DA; font-size:15px; margin-right:10px;'>Other Social</span><span style='color:#00796B; font-size:15px; margin-right:10px;'>Physical Examination</span><span style='color:#5D4037; font-size:15px; margin-right:10px;'>Radiology Examination</span><span style='color:#F44336; font-size:15px; margin-right:10px;'>Lab Examination</span>"", ""Note"": ""<ol><li><span style='color:#0288D1;' data-toggle='tooltip' data-html='true' title='Personal Information'>Beverly Ortiz is a 24-year-old female patient</span> <span style='color:#0288D1; font-size:14px;'>(<b>Personal Information</b>)</span></li><li><span style='color:#673AB7;' data-toggle='tooltip' data-html='true' title='Personal History'>with a history of type 2 diabetes and high blood pressure</span> <span style='color:#673AB7; font-size:14px;'>(<b>Personal History</b>)</span></li><li><span style='color:#C2185B;' data-toggle='tooltip' data-html='true' title='Acute Symptoms'>She is here today for her yearly exam.</span> <span style='color:#C2185B; font-size:14px;'>(<b>Acute Symptoms</b>)</span></li><li><span style='color:#689F38;' data-toggle='tooltip' data-html='true' title='Reassessment'>Diabetes mellitus type 2.\n- Medical Reasoning: Her blood glucose levels have been uncontrolled.</span> <span style='color:#689F38; font-size:14px;'>(<b>Reassessment</b>)</span></li><li><span style='color:#303F9F;' data-toggle='tooltip' data-html='true' title='Theraputic History'> She is still taking metformin twice a day,</span> <span style='color:#303F9F; font-size:14px;'>(<b>Theraputic History</b>)</span></li><li><span style='color:#673AB7;' data-toggle='tooltip' data-html='true' title='Personal History'>but does admit to dietary indiscretion with an increase in her sweets intake</span> <span style='color:#673AB7; font-size:14px;'>(<b>Personal History</b>)</span></li><li><span style='color:#F44336;' data-toggle='tooltip' data-html='true' title='Lab Examination'>Her most recent hemoglobin A1c was elevated.</span> <span style='color:#F44336; font-size:14px;'>(<b>Lab Examination</b>)</span></li><li><span style='color:#689F38;' data-toggle='tooltip' data-html='true' title='Reassessment'>Hypertension.\nâ¢ Medical Reasoning: Appears to be relatively stable.</span> <span style='color:#689F38; font-size:14px;'>(<b>Reassessment</b>)</span></li></ol>""}"
10408,3,"ASSESSMENT

Anna Morris is a 26-year-old female with a past medical history significant for epilepsy, depression, and peptic ulcer disease who presents with some joint pain.",2025-06-19T08:58:35.392061Z,D2N130,10954,"[{""start"":12,""end"":47,""text"":""Anna Morris is a 26-year-old female"",""labels"":[""Personal Information""]},{""start"":48,""end"":138,""text"":""with a past medical history significant for epilepsy, depression, and peptic ulcer disease"",""labels"":[""Personal History""]},{""start"":139,""end"":173,""text"":""who presents with some joint pain."",""labels"":[""Acute Symptoms""]}]",76.757,ASSESSMENT,D2N130_2,2025-06-19T08:58:35.392111Z,"{""Intent"": ""<b>ASSESSMENT</b><br><span style='color:#D84315; font-size:15px; margin-right:10px;'>Acute Assessment</span><span style='color:#689F38; font-size:15px; margin-right:10px;'>Reassessment</span><span style='color:#1E88E5; font-size:15px; margin-right:10px;'>Medications</span><span style='color:#9C27B0; font-size:15px; margin-right:10px;'>Diagnostic Testing</span><span style='color:#F06292; font-size:15px; margin-right:10px;'>Other Treatments</span><span style='color:#00897B; font-size:15px; margin-right:10px;'>Follow-up</span><span style='color:#C62828; font-size:15px; margin-right:10px;'>Discussion</span><span style='color:#6A1B9A; font-size:15px; margin-right:10px;'>Referral</span><span style='color:#C2185B; font-size:15px; margin-right:10px;'>Acute Symptoms</span><span style='color:#0288D1; font-size:15px; margin-right:10px;'>Personal Information</span><span style='color:#673AB7; font-size:15px; margin-right:10px;'>Personal History</span><span style='color:#EF6C00; font-size:15px; margin-right:10px;'>Family History</span><span style='color:#009688; font-size:15px; margin-right:10px;'>Drug History</span><span style='color:#303F9F; font-size:15px; margin-right:10px;'>Theraputic History</span><span style='color:#E91E63; font-size:15px; margin-right:10px;'>Vegetative History</span><span style='color:#26C6DA; font-size:15px; margin-right:10px;'>Other Social</span><span style='color:#00796B; font-size:15px; margin-right:10px;'>Physical Examination</span><span style='color:#5D4037; font-size:15px; margin-right:10px;'>Radiology Examination</span><span style='color:#F44336; font-size:15px; margin-right:10px;'>Lab Examination</span>"", ""Note"": ""<ol><li><span style='color:#0288D1;' data-toggle='tooltip' data-html='true' title='Personal Information'>Anna Morris is a 26-year-old female</span> <span style='color:#0288D1; font-size:14px;'>(<b>Personal Information</b>)</span></li><li><span style='color:#673AB7;' data-toggle='tooltip' data-html='true' title='Personal History'>with a past medical history significant for epilepsy, depression, and peptic ulcer disease</span> <span style='color:#673AB7; font-size:14px;'>(<b>Personal History</b>)</span></li><li><span style='color:#C2185B;' data-toggle='tooltip' data-html='true' title='Acute Symptoms'>who presents with some joint pain.</span> <span style='color:#C2185B; font-size:14px;'>(<b>Acute Symptoms</b>)</span></li></ol>""}"
10410,3,"Ms. Susan Watson is a 26-year-old female who is here today for a high blood pressure check.

Hypertension.
- Medical Reasoning: Her blood pressure is elevated today and based on her recent home monitoring.

Status post kidney transplant.
â¢ Medical Reasoning: Doing well.
Kidney function stable.",2025-06-19T08:59:19.760243Z,D2N131,10955,"[{""start"":0,""end"":40,""text"":""Ms. Susan Watson is a 26-year-old female"",""labels"":[""Personal Information""]},{""start"":41,""end"":91,""text"":""who is here today for a high blood pressure check.\\n"",""labels"":[""Acute Symptoms""]},{""start"":93,""end"":205,""text"":""Hypertension.\\n- Medical Reasoning: Her blood pressure is elevated today and based on her recent home monitoring."",""labels"":[""Reassessment""]},{""start"":207,""end"":296,""text"":""\\nStatus post kidney transplant.\\nâ¢ Medical Reasoning: Doing well.\\nKidney function stable."",""labels"":[""Reassessment""]}]",42.664,ASSESSMENT,D2N131_2,2025-06-19T08:59:19.760286Z,"{""Intent"": ""<b>ASSESSMENT</b><br><span style='color:#D84315; font-size:15px; margin-right:10px;'>Acute Assessment</span><span style='color:#689F38; font-size:15px; margin-right:10px;'>Reassessment</span><span style='color:#1E88E5; font-size:15px; margin-right:10px;'>Medications</span><span style='color:#9C27B0; font-size:15px; margin-right:10px;'>Diagnostic Testing</span><span style='color:#F06292; font-size:15px; margin-right:10px;'>Other Treatments</span><span style='color:#00897B; font-size:15px; margin-right:10px;'>Follow-up</span><span style='color:#C62828; font-size:15px; margin-right:10px;'>Discussion</span><span style='color:#6A1B9A; font-size:15px; margin-right:10px;'>Referral</span><span style='color:#C2185B; font-size:15px; margin-right:10px;'>Acute Symptoms</span><span style='color:#0288D1; font-size:15px; margin-right:10px;'>Personal Information</span><span style='color:#673AB7; font-size:15px; margin-right:10px;'>Personal History</span><span style='color:#EF6C00; font-size:15px; margin-right:10px;'>Family History</span><span style='color:#009688; font-size:15px; margin-right:10px;'>Drug History</span><span style='color:#303F9F; font-size:15px; margin-right:10px;'>Theraputic History</span><span style='color:#E91E63; font-size:15px; margin-right:10px;'>Vegetative History</span><span style='color:#26C6DA; font-size:15px; margin-right:10px;'>Other Social</span><span style='color:#00796B; font-size:15px; margin-right:10px;'>Physical Examination</span><span style='color:#5D4037; font-size:15px; margin-right:10px;'>Radiology Examination</span><span style='color:#F44336; font-size:15px; margin-right:10px;'>Lab Examination</span>"", ""Note"": ""<ol><li><span style='color:#0288D1;' data-toggle='tooltip' data-html='true' title='Personal Information'>Ms. Susan Watson is a 26-year-old female</span> <span style='color:#0288D1; font-size:14px;'>(<b>Personal Information</b>)</span></li><li><span style='color:#C2185B;' data-toggle='tooltip' data-html='true' title='Acute Symptoms'>who is here today for a high blood pressure check.</span> <span style='color:#C2185B; font-size:14px;'>(<b>Acute Symptoms</b>)</span></li><li><span style='color:#689F38;' data-toggle='tooltip' data-html='true' title='Reassessment'>Hypertension.\n- Medical Reasoning: Her blood pressure is elevated today and based on her recent home monitoring.</span> <span style='color:#689F38; font-size:14px;'>(<b>Reassessment</b>)</span></li><li><span style='color:#689F38;' data-toggle='tooltip' data-html='true' title='Reassessment'>Status post kidney transplant.\nâ¢ Medical Reasoning: Doing well.\nKidney function stable.</span> <span style='color:#689F38; font-size:14px;'>(<b>Reassessment</b>)</span></li></ol>""}"
10413,3,"IMPRESSION

Lumbar spine strain.",2025-06-19T09:00:41.591178Z,D2N132,10956,"[{""start"":12,""end"":32,""text"":""Lumbar spine strain."",""labels"":[""Acute Assessment""]}]",80.206,ASSESSMENT,D2N132_2,2025-06-19T09:00:41.591227Z,"{""Intent"": ""<b>ASSESSMENT</b><br><span style='color:#D84315; font-size:15px; margin-right:10px;'>Acute Assessment</span><span style='color:#689F38; font-size:15px; margin-right:10px;'>Reassessment</span><span style='color:#1E88E5; font-size:15px; margin-right:10px;'>Medications</span><span style='color:#9C27B0; font-size:15px; margin-right:10px;'>Diagnostic Testing</span><span style='color:#F06292; font-size:15px; margin-right:10px;'>Other Treatments</span><span style='color:#00897B; font-size:15px; margin-right:10px;'>Follow-up</span><span style='color:#C62828; font-size:15px; margin-right:10px;'>Discussion</span><span style='color:#6A1B9A; font-size:15px; margin-right:10px;'>Referral</span><span style='color:#C2185B; font-size:15px; margin-right:10px;'>Acute Symptoms</span><span style='color:#0288D1; font-size:15px; margin-right:10px;'>Personal Information</span><span style='color:#673AB7; font-size:15px; margin-right:10px;'>Personal History</span><span style='color:#EF6C00; font-size:15px; margin-right:10px;'>Family History</span><span style='color:#009688; font-size:15px; margin-right:10px;'>Drug History</span><span style='color:#303F9F; font-size:15px; margin-right:10px;'>Theraputic History</span><span style='color:#E91E63; font-size:15px; margin-right:10px;'>Vegetative History</span><span style='color:#26C6DA; font-size:15px; margin-right:10px;'>Other Social</span><span style='color:#00796B; font-size:15px; margin-right:10px;'>Physical Examination</span><span style='color:#5D4037; font-size:15px; margin-right:10px;'>Radiology Examination</span><span style='color:#F44336; font-size:15px; margin-right:10px;'>Lab Examination</span>"", ""Note"": ""<ol><li><span style='color:#D84315;' data-toggle='tooltip' data-html='true' title='Acute Assessment'>Lumbar spine strain.</span> <span style='color:#D84315; font-size:14px;'>(<b>Acute Assessment</b>)</span></li></ol>""}"
10415,3,"Ms. Thompson is a 27 y.o. female who presents today for evaluation of right knee pain.

Chondromalacia of right patella.
- Medical Reasoning: She has been more active lately but is unaware of any injury to the knee. Her recent x-rays were normal but she did have some discomfort on exam.

Chronic back pain.
â¢ Medical Reasoning: This is stable and well-controlled at this time.

Depression.
â¢ Medical Reasoning: She is doing well with her current regimen.

Carpal tunnel syndrome.
â¢ Medical Reasoning: Relatively stable status post carpal tunnel release.",2025-06-19T09:02:14.617200Z,D2N133,10957,"[{""start"":0,""end"":32,""text"":""Ms. Thompson is a 27 y.o. female"",""labels"":[""Personal Information""]},{""start"":33,""end"":86,""text"":""who presents today for evaluation of right knee pain."",""labels"":[""Acute Symptoms""]},{""start"":88,""end"":214,""text"":""Chondromalacia of right patella.\\n- Medical Reasoning: She has been more active lately but is unaware of any injury to the knee"",""labels"":[""Acute Symptoms""]},{""start"":215,""end"":287,""text"":"" Her recent x-rays were normal but she did have some discomfort on exam.\\n"",""labels"":[""Reassessment""]},{""start"":289,""end"":379,""text"":""Chronic back pain.\\nâ¢ Medical Reasoning: This is stable and well-controlled at this time.\\n"",""labels"":[""Reassessment""]},{""start"":381,""end"":459,""text"":""Depression.\\nâ¢ Medical Reasoning: She is doing well with her current regimen.\\n"",""labels"":[""Reassessment""]},{""start"":461,""end"":560,""text"":""Carpal tunnel syndrome.\\nâ¢ Medical Reasoning: Relatively stable status post carpal tunnel release."",""labels"":[""Reassessment""]}]",90.152,ASSESSMENT,D2N133_2,2025-06-19T09:02:14.617248Z,"{""Intent"": ""<b>ASSESSMENT</b><br><span style='color:#D84315; font-size:15px; margin-right:10px;'>Acute Assessment</span><span style='color:#689F38; font-size:15px; margin-right:10px;'>Reassessment</span><span style='color:#1E88E5; font-size:15px; margin-right:10px;'>Medications</span><span style='color:#9C27B0; font-size:15px; margin-right:10px;'>Diagnostic Testing</span><span style='color:#F06292; font-size:15px; margin-right:10px;'>Other Treatments</span><span style='color:#00897B; font-size:15px; margin-right:10px;'>Follow-up</span><span style='color:#C62828; font-size:15px; margin-right:10px;'>Discussion</span><span style='color:#6A1B9A; font-size:15px; margin-right:10px;'>Referral</span><span style='color:#C2185B; font-size:15px; margin-right:10px;'>Acute Symptoms</span><span style='color:#0288D1; font-size:15px; margin-right:10px;'>Personal Information</span><span style='color:#673AB7; font-size:15px; margin-right:10px;'>Personal History</span><span style='color:#EF6C00; font-size:15px; margin-right:10px;'>Family History</span><span style='color:#009688; font-size:15px; margin-right:10px;'>Drug History</span><span style='color:#303F9F; font-size:15px; margin-right:10px;'>Theraputic History</span><span style='color:#E91E63; font-size:15px; margin-right:10px;'>Vegetative History</span><span style='color:#26C6DA; font-size:15px; margin-right:10px;'>Other Social</span><span style='color:#00796B; font-size:15px; margin-right:10px;'>Physical Examination</span><span style='color:#5D4037; font-size:15px; margin-right:10px;'>Radiology Examination</span><span style='color:#F44336; font-size:15px; margin-right:10px;'>Lab Examination</span>"", ""Note"": ""<ol><li><span style='color:#0288D1;' data-toggle='tooltip' data-html='true' title='Personal Information'>Ms. Thompson is a 27 y.o. female</span> <span style='color:#0288D1; font-size:14px;'>(<b>Personal Information</b>)</span></li><li><span style='color:#C2185B;' data-toggle='tooltip' data-html='true' title='Acute Symptoms'>who presents today for evaluation of right knee pain.</span> <span style='color:#C2185B; font-size:14px;'>(<b>Acute Symptoms</b>)</span></li><li><span style='color:#C2185B;' data-toggle='tooltip' data-html='true' title='Acute Symptoms'>Chondromalacia of right patella.\n- Medical Reasoning: She has been more active lately but is unaware of any injury to the knee</span> <span style='color:#C2185B; font-size:14px;'>(<b>Acute Symptoms</b>)</span></li><li><span style='color:#689F38;' data-toggle='tooltip' data-html='true' title='Reassessment'> Her recent x-rays were normal but she did have some discomfort on exam.</span> <span style='color:#689F38; font-size:14px;'>(<b>Reassessment</b>)</span></li><li><span style='color:#689F38;' data-toggle='tooltip' data-html='true' title='Reassessment'>Chronic back pain.\nâ¢ Medical Reasoning: This is stable and well-controlled at this time.</span> <span style='color:#689F38; font-size:14px;'>(<b>Reassessment</b>)</span></li><li><span style='color:#689F38;' data-toggle='tooltip' data-html='true' title='Reassessment'>Depression.\nâ¢ Medical Reasoning: She is doing well with her current regimen.</span> <span style='color:#689F38; font-size:14px;'>(<b>Reassessment</b>)</span></li><li><span style='color:#689F38;' data-toggle='tooltip' data-html='true' title='Reassessment'>Carpal tunnel syndrome.\nâ¢ Medical Reasoning: Relatively stable status post carpal tunnel release.</span> <span style='color:#689F38; font-size:14px;'>(<b>Reassessment</b>)</span></li></ol>""}"
10417,3,"The patient is a 31-year-old female with a past medical history significant for type 2 diabetes, and hypertension who presents with abnormal labs.

Newly diagnosed Lyme disease.
- Medical Reasoning: This is a new issue for her. She presented with an insect bite at her last visit, and her subsequent lyme titer was elevated.

Hypertension.
â¢ Medical Reasoning: This has been well-controlled based on home monitoring. She has been compliant with dietary modifications including limiting her sodium intake.

Diabetes type 2.
â¢ Medical Reasoning: She has noticed intermittent elevations of her blood glucose levels but has been compliant with the use of metformin. Her diet has been limited due to nausea in the setting of Lyme disease.",2025-06-19T09:03:54.492061Z,D2N134,10958,"[{""start"":0,""end"":35,""text"":""The patient is a 31-year-old female"",""labels"":[""Personal Information""]},{""start"":36,""end"":113,""text"":""with a past medical history significant for type 2 diabetes, and hypertension"",""labels"":[""Personal History""]},{""start"":114,""end"":146,""text"":""who presents with abnormal labs."",""labels"":[""Acute Symptoms""]},{""start"":148,""end"":324,""text"":""Newly diagnosed Lyme disease.\\n- Medical Reasoning: This is a new issue for her. She presented with an insect bite at her last visit, and her subsequent lyme titer was elevated.\\n"",""labels"":[""Acute Assessment""]},{""start"":326,""end"":417,""text"":""Hypertension.\\nâ¢ Medical Reasoning: This has been well-controlled based on home monitoring"",""labels"":[""Reassessment""]},{""start"":419,""end"":506,""text"":""She has been compliant with dietary modifications including limiting her sodium intake.\\n"",""labels"":[""Personal History""]},{""start"":508,""end"":615,""text"":""Diabetes type 2.\\nâ¢ Medical Reasoning: She has noticed intermittent elevations of her blood glucose levels"",""labels"":[""Reassessment""]},{""start"":616,""end"":664,""text"":""but has been compliant with the use of metformin"",""labels"":[""Theraputic History""]},{""start"":666,""end"":737,""text"":""Her diet has been limited due to nausea in the setting of Lyme disease."",""labels"":[""Personal History""]}]",97.645,ASSESSMENT,D2N134_2,2025-06-19T09:03:54.492105Z,"{""Intent"": ""<b>ASSESSMENT</b><br><span style='color:#D84315; font-size:15px; margin-right:10px;'>Acute Assessment</span><span style='color:#689F38; font-size:15px; margin-right:10px;'>Reassessment</span><span style='color:#1E88E5; font-size:15px; margin-right:10px;'>Medications</span><span style='color:#9C27B0; font-size:15px; margin-right:10px;'>Diagnostic Testing</span><span style='color:#F06292; font-size:15px; margin-right:10px;'>Other Treatments</span><span style='color:#00897B; font-size:15px; margin-right:10px;'>Follow-up</span><span style='color:#C62828; font-size:15px; margin-right:10px;'>Discussion</span><span style='color:#6A1B9A; font-size:15px; margin-right:10px;'>Referral</span><span style='color:#C2185B; font-size:15px; margin-right:10px;'>Acute Symptoms</span><span style='color:#0288D1; font-size:15px; margin-right:10px;'>Personal Information</span><span style='color:#673AB7; font-size:15px; margin-right:10px;'>Personal History</span><span style='color:#EF6C00; font-size:15px; margin-right:10px;'>Family History</span><span style='color:#009688; font-size:15px; margin-right:10px;'>Drug History</span><span style='color:#303F9F; font-size:15px; margin-right:10px;'>Theraputic History</span><span style='color:#E91E63; font-size:15px; margin-right:10px;'>Vegetative History</span><span style='color:#26C6DA; font-size:15px; margin-right:10px;'>Other Social</span><span style='color:#00796B; font-size:15px; margin-right:10px;'>Physical Examination</span><span style='color:#5D4037; font-size:15px; margin-right:10px;'>Radiology Examination</span><span style='color:#F44336; font-size:15px; margin-right:10px;'>Lab Examination</span>"", ""Note"": ""<ol><li><span style='color:#0288D1;' data-toggle='tooltip' data-html='true' title='Personal Information'>The patient is a 31-year-old female</span> <span style='color:#0288D1; font-size:14px;'>(<b>Personal Information</b>)</span></li><li><span style='color:#673AB7;' data-toggle='tooltip' data-html='true' title='Personal History'>with a past medical history significant for type 2 diabetes, and hypertension</span> <span style='color:#673AB7; font-size:14px;'>(<b>Personal History</b>)</span></li><li><span style='color:#C2185B;' data-toggle='tooltip' data-html='true' title='Acute Symptoms'>who presents with abnormal labs.</span> <span style='color:#C2185B; font-size:14px;'>(<b>Acute Symptoms</b>)</span></li><li><span style='color:#D84315;' data-toggle='tooltip' data-html='true' title='Acute Assessment'>Newly diagnosed Lyme disease.\n- Medical Reasoning: This is a new issue for her. She presented with an insect bite at her last visit, and her subsequent lyme titer was elevated.</span> <span style='color:#D84315; font-size:14px;'>(<b>Acute Assessment</b>)</span></li><li><span style='color:#689F38;' data-toggle='tooltip' data-html='true' title='Reassessment'>Hypertension.\nâ¢ Medical Reasoning: This has been well-controlled based on home monitoring</span> <span style='color:#689F38; font-size:14px;'>(<b>Reassessment</b>)</span></li><li><span style='color:#673AB7;' data-toggle='tooltip' data-html='true' title='Personal History'>She has been compliant with dietary modifications including limiting her sodium intake.</span> <span style='color:#673AB7; font-size:14px;'>(<b>Personal History</b>)</span></li><li><span style='color:#689F38;' data-toggle='tooltip' data-html='true' title='Reassessment'>Diabetes type 2.\nâ¢ Medical Reasoning: She has noticed intermittent elevations of her blood glucose levels</span> <span style='color:#689F38; font-size:14px;'>(<b>Reassessment</b>)</span></li><li><span style='color:#303F9F;' data-toggle='tooltip' data-html='true' title='Theraputic History'>but has been compliant with the use of metformin</span> <span style='color:#303F9F; font-size:14px;'>(<b>Theraputic History</b>)</span></li><li><span style='color:#673AB7;' data-toggle='tooltip' data-html='true' title='Personal History'>Her diet has been limited due to nausea in the setting of Lyme disease.</span> <span style='color:#673AB7; font-size:14px;'>(<b>Personal History</b>)</span></li></ol>""}"
10420,3,"Ms. Hannah Phillips is a 52-year-old female who presents for evaluation of high blood sugar.

Diabetes.
- Medical Reasoning: Elevated blood glucose and hemoglobin A1c levels based on recent labs.

Atrial Fibrillation.

â¢ Medical Reasoning: Asymptomatic and well-controlled at this time.

History of Reflux.

â¢ Medical Reasoning: Well-controlled on current regimen.",2025-06-19T09:16:37.002078Z,D2N135,10959,"[{""start"":0,""end"":43,""text"":""Ms. Hannah Phillips is a 52-year-old female"",""labels"":[""Personal Information""]},{""start"":44,""end"":92,""text"":""who presents for evaluation of high blood sugar."",""labels"":[""Acute Symptoms""]},{""start"":94,""end"":195,""text"":""Diabetes.\\n- Medical Reasoning: Elevated blood glucose and hemoglobin A1c levels based on recent labs.\\n"",""labels"":[""Reassessment""]},{""start"":197,""end"":288,""text"":""Atrial Fibrillation.\\n\\nâ¢ Medical Reasoning: Asymptomatic and well-controlled at this time."",""labels"":[""Reassessment""]},{""start"":290,""end"":368,""text"":""History of Reflux.\\n\\nâ¢ Medical Reasoning: Well-controlled on current regimen."",""labels"":[""Reassessment""]}]",759.853,ASSESSMENT,D2N135_2,2025-06-19T09:16:37.002126Z,"{""Intent"": ""<b>ASSESSMENT</b><br><span style='color:#D84315; font-size:15px; margin-right:10px;'>Acute Assessment</span><span style='color:#689F38; font-size:15px; margin-right:10px;'>Reassessment</span><span style='color:#1E88E5; font-size:15px; margin-right:10px;'>Medications</span><span style='color:#9C27B0; font-size:15px; margin-right:10px;'>Diagnostic Testing</span><span style='color:#F06292; font-size:15px; margin-right:10px;'>Other Treatments</span><span style='color:#00897B; font-size:15px; margin-right:10px;'>Follow-up</span><span style='color:#C62828; font-size:15px; margin-right:10px;'>Discussion</span><span style='color:#6A1B9A; font-size:15px; margin-right:10px;'>Referral</span><span style='color:#C2185B; font-size:15px; margin-right:10px;'>Acute Symptoms</span><span style='color:#0288D1; font-size:15px; margin-right:10px;'>Personal Information</span><span style='color:#673AB7; font-size:15px; margin-right:10px;'>Personal History</span><span style='color:#EF6C00; font-size:15px; margin-right:10px;'>Family History</span><span style='color:#009688; font-size:15px; margin-right:10px;'>Drug History</span><span style='color:#303F9F; font-size:15px; margin-right:10px;'>Theraputic History</span><span style='color:#E91E63; font-size:15px; margin-right:10px;'>Vegetative History</span><span style='color:#26C6DA; font-size:15px; margin-right:10px;'>Other Social</span><span style='color:#00796B; font-size:15px; margin-right:10px;'>Physical Examination</span><span style='color:#5D4037; font-size:15px; margin-right:10px;'>Radiology Examination</span><span style='color:#F44336; font-size:15px; margin-right:10px;'>Lab Examination</span>"", ""Note"": ""<ol><li><span style='color:#0288D1;' data-toggle='tooltip' data-html='true' title='Personal Information'>Ms. Hannah Phillips is a 52-year-old female</span> <span style='color:#0288D1; font-size:14px;'>(<b>Personal Information</b>)</span></li><li><span style='color:#C2185B;' data-toggle='tooltip' data-html='true' title='Acute Symptoms'>who presents for evaluation of high blood sugar.</span> <span style='color:#C2185B; font-size:14px;'>(<b>Acute Symptoms</b>)</span></li><li><span style='color:#689F38;' data-toggle='tooltip' data-html='true' title='Reassessment'>Diabetes.\n- Medical Reasoning: Elevated blood glucose and hemoglobin A1c levels based on recent labs.</span> <span style='color:#689F38; font-size:14px;'>(<b>Reassessment</b>)</span></li><li><span style='color:#689F38;' data-toggle='tooltip' data-html='true' title='Reassessment'>Atrial Fibrillation.\n\nâ¢ Medical Reasoning: Asymptomatic and well-controlled at this time.</span> <span style='color:#689F38; font-size:14px;'>(<b>Reassessment</b>)</span></li><li><span style='color:#689F38;' data-toggle='tooltip' data-html='true' title='Reassessment'>History of Reflux.\n\nâ¢ Medical Reasoning: Well-controlled on current regimen.</span> <span style='color:#689F38; font-size:14px;'>(<b>Reassessment</b>)</span></li></ol>""}"
10421,3,"Ms. Janet Sullivan is a 33-year-old female who presents to the clinic today for evaluation of joint pain.

Left knee strain.

Hypertension.
 Medical Reasoning: Her blood pressure is elevated in office today, but has been well-controlled on Norvasc 5 mg daily based on home monitoring.


Diabetes type II.
 Medical Reasoning: Her hemoglobin a1C is slightly elevated, but her blood glucose levels have been well-controlled.",2025-06-19T09:17:15.472735Z,D2N136,10960,"[{""start"":0,""end"":42,""text"":""Ms. Janet Sullivan is a 33-year-old female"",""labels"":[""Personal Information""]},{""start"":43,""end"":105,""text"":""who presents to the clinic today for evaluation of joint pain."",""labels"":[""Acute Symptoms""]},{""start"":107,""end"":124,""text"":""Left knee strain."",""labels"":[""Acute Assessment""]},{""start"":126,""end"":208,""text"":""Hypertension.\\n Medical Reasoning: Her blood pressure is elevated in office today,"",""labels"":[""Reassessment""]},{""start"":209,""end"":285,""text"":""but has been well-controlled on Norvasc 5 mg daily based on home monitoring.\\n"",""labels"":[""Theraputic History""]},{""start"":288,""end"":423,""text"":""Diabetes type II.\\n Medical Reasoning: Her hemoglobin a1C is slightly elevated, but her blood glucose levels have been well-controlled."",""labels"":[""Reassessment""]}]",36.552,ASSESSMENT,D2N136_2,2025-06-19T09:17:15.472807Z,"{""Intent"": ""<b>ASSESSMENT</b><br><span style='color:#D84315; font-size:15px; margin-right:10px;'>Acute Assessment</span><span style='color:#689F38; font-size:15px; margin-right:10px;'>Reassessment</span><span style='color:#1E88E5; font-size:15px; margin-right:10px;'>Medications</span><span style='color:#9C27B0; font-size:15px; margin-right:10px;'>Diagnostic Testing</span><span style='color:#F06292; font-size:15px; margin-right:10px;'>Other Treatments</span><span style='color:#00897B; font-size:15px; margin-right:10px;'>Follow-up</span><span style='color:#C62828; font-size:15px; margin-right:10px;'>Discussion</span><span style='color:#6A1B9A; font-size:15px; margin-right:10px;'>Referral</span><span style='color:#C2185B; font-size:15px; margin-right:10px;'>Acute Symptoms</span><span style='color:#0288D1; font-size:15px; margin-right:10px;'>Personal Information</span><span style='color:#673AB7; font-size:15px; margin-right:10px;'>Personal History</span><span style='color:#EF6C00; font-size:15px; margin-right:10px;'>Family History</span><span style='color:#009688; font-size:15px; margin-right:10px;'>Drug History</span><span style='color:#303F9F; font-size:15px; margin-right:10px;'>Theraputic History</span><span style='color:#E91E63; font-size:15px; margin-right:10px;'>Vegetative History</span><span style='color:#26C6DA; font-size:15px; margin-right:10px;'>Other Social</span><span style='color:#00796B; font-size:15px; margin-right:10px;'>Physical Examination</span><span style='color:#5D4037; font-size:15px; margin-right:10px;'>Radiology Examination</span><span style='color:#F44336; font-size:15px; margin-right:10px;'>Lab Examination</span>"", ""Note"": ""<ol><li><span style='color:#0288D1;' data-toggle='tooltip' data-html='true' title='Personal Information'>Ms. Janet Sullivan is a 33-year-old female</span> <span style='color:#0288D1; font-size:14px;'>(<b>Personal Information</b>)</span></li><li><span style='color:#C2185B;' data-toggle='tooltip' data-html='true' title='Acute Symptoms'>who presents to the clinic today for evaluation of joint pain.</span> <span style='color:#C2185B; font-size:14px;'>(<b>Acute Symptoms</b>)</span></li><li><span style='color:#D84315;' data-toggle='tooltip' data-html='true' title='Acute Assessment'>Left knee strain.</span> <span style='color:#D84315; font-size:14px;'>(<b>Acute Assessment</b>)</span></li><li><span style='color:#689F38;' data-toggle='tooltip' data-html='true' title='Reassessment'>Hypertension.\n Medical Reasoning: Her blood pressure is elevated in office today,</span> <span style='color:#689F38; font-size:14px;'>(<b>Reassessment</b>)</span></li><li><span style='color:#303F9F;' data-toggle='tooltip' data-html='true' title='Theraputic History'>but has been well-controlled on Norvasc 5 mg daily based on home monitoring.</span> <span style='color:#303F9F; font-size:14px;'>(<b>Theraputic History</b>)</span></li><li><span style='color:#689F38;' data-toggle='tooltip' data-html='true' title='Reassessment'>Diabetes type II.\n Medical Reasoning: Her hemoglobin a1C is slightly elevated, but her blood glucose levels have been well-controlled.</span> <span style='color:#689F38; font-size:14px;'>(<b>Reassessment</b>)</span></li></ol>""}"
10423,3,"Christine Flores is a 63-year-old female presenting for her yearly exam.

Depression.
- Medical Reasoning: She is doing well and managing this with medication and weekly therapy.

Hypertension.
â¢ Medical Reasoning: Her blood pressures have been fluctuating lately. She does admit to dietary indiscretion due to her increased workload.

Carpal tunnel release.
â¢ Medical Reasoning: She is doing well 2 years postoperatively and is asymptomatic at this time.",2025-06-21T15:45:04.047787Z,D2N137,10961,"[{""start"":0,""end"":40,""text"":""Christine Flores is a 63-year-old female"",""labels"":[""Personal Information""]},{""start"":41,""end"":71,""text"":""presenting for her yearly exam"",""labels"":[""Acute Symptoms""]},{""start"":74,""end"":178,""text"":""Depression.\\n- Medical Reasoning: She is doing well and managing this with medication and weekly therapy.\\n"",""labels"":[""Reassessment""]},{""start"":180,""end"":265,""text"":""Hypertension.\\nâ¢ Medical Reasoning: Her blood pressures have been fluctuating lately"",""labels"":[""Reassessment""]},{""start"":267,""end"":336,""text"":""She does admit to dietary indiscretion due to her increased workload."",""labels"":[""Personal History""]},{""start"":338,""end"":459,""text"":""\\nCarpal tunnel release.\\nâ¢ Medical Reasoning: She is doing well 2 years postoperatively and is asymptomatic at this time."",""labels"":[""Reassessment""]}]",196066.723,ASSESSMENT,D2N137_2,2025-06-21T15:45:04.047832Z,"{""Intent"": ""<b>ASSESSMENT</b><br><span style='color:#D84315; font-size:15px; margin-right:10px;'>Acute Assessment</span><span style='color:#689F38; font-size:15px; margin-right:10px;'>Reassessment</span><span style='color:#1E88E5; font-size:15px; margin-right:10px;'>Medications</span><span style='color:#9C27B0; font-size:15px; margin-right:10px;'>Diagnostic Testing</span><span style='color:#F06292; font-size:15px; margin-right:10px;'>Other Treatments</span><span style='color:#00897B; font-size:15px; margin-right:10px;'>Follow-up</span><span style='color:#C62828; font-size:15px; margin-right:10px;'>Discussion</span><span style='color:#6A1B9A; font-size:15px; margin-right:10px;'>Referral</span><span style='color:#C2185B; font-size:15px; margin-right:10px;'>Acute Symptoms</span><span style='color:#0288D1; font-size:15px; margin-right:10px;'>Personal Information</span><span style='color:#673AB7; font-size:15px; margin-right:10px;'>Personal History</span><span style='color:#EF6C00; font-size:15px; margin-right:10px;'>Family History</span><span style='color:#009688; font-size:15px; margin-right:10px;'>Drug History</span><span style='color:#303F9F; font-size:15px; margin-right:10px;'>Theraputic History</span><span style='color:#E91E63; font-size:15px; margin-right:10px;'>Vegetative History</span><span style='color:#26C6DA; font-size:15px; margin-right:10px;'>Other Social</span><span style='color:#00796B; font-size:15px; margin-right:10px;'>Physical Examination</span><span style='color:#5D4037; font-size:15px; margin-right:10px;'>Radiology Examination</span><span style='color:#F44336; font-size:15px; margin-right:10px;'>Lab Examination</span>"", ""Note"": ""<ol><li><span style='color:#0288D1;' data-toggle='tooltip' data-html='true' title='Personal Information'>Christine Flores is a 63-year-old female</span> <span style='color:#0288D1; font-size:14px;'>(<b>Personal Information</b>)</span></li><li><span style='color:#C2185B;' data-toggle='tooltip' data-html='true' title='Acute Symptoms'>presenting for her yearly exam</span> <span style='color:#C2185B; font-size:14px;'>(<b>Acute Symptoms</b>)</span></li><li><span style='color:#689F38;' data-toggle='tooltip' data-html='true' title='Reassessment'>Depression.\n- Medical Reasoning: She is doing well and managing this with medication and weekly therapy.</span> <span style='color:#689F38; font-size:14px;'>(<b>Reassessment</b>)</span></li><li><span style='color:#689F38;' data-toggle='tooltip' data-html='true' title='Reassessment'>Hypertension.\nâ¢ Medical Reasoning: Her blood pressures have been fluctuating lately</span> <span style='color:#689F38; font-size:14px;'>(<b>Reassessment</b>)</span></li><li><span style='color:#673AB7;' data-toggle='tooltip' data-html='true' title='Personal History'>She does admit to dietary indiscretion due to her increased workload.</span> <span style='color:#673AB7; font-size:14px;'>(<b>Personal History</b>)</span></li><li><span style='color:#689F38;' data-toggle='tooltip' data-html='true' title='Reassessment'>Carpal tunnel release.\nâ¢ Medical Reasoning: She is doing well 2 years postoperatively and is asymptomatic at this time.</span> <span style='color:#689F38; font-size:14px;'>(<b>Reassessment</b>)</span></li></ol>""}"
10425,3,"ASSESSMENT

â¢ Moderate persistent asthma, uncomplicated.
â¢ Allergic rhinitis.
â¢ Anaphylactic reaction due to peanuts.

Emily Hernandez is a 20-year-old female who presented today for her yearly follow-up appointment for asthma, allergic rhinitis, and food allergy.",2025-06-21T15:50:29.252018Z,D2N138,10962,"[{""start"":12,""end"":58,""text"":""â¢ Moderate persistent asthma, uncomplicated."",""labels"":[""Reassessment""]},{""start"":59,""end"":80,""text"":""â¢ Allergic rhinitis"",""labels"":[""Reassessment""]},{""start"":82,""end"":123,""text"":""â¢ Anaphylactic reaction due to peanuts.\\n"",""labels"":[""Reassessment""]},{""start"":125,""end"":164,""text"":""Emily Hernandez is a 20-year-old female"",""labels"":[""Personal Information""]},{""start"":165,""end"":269,""text"":""who presented today for her yearly follow-up appointment for asthma, allergic rhinitis, and food allergy"",""labels"":[""Acute Symptoms""]}]",322.161,ASSESSMENT,D2N138_2,2025-06-21T15:50:29.252066Z,"{""Intent"": ""<b>ASSESSMENT</b><br><span style='color:#D84315; font-size:15px; margin-right:10px;'>Acute Assessment</span><span style='color:#689F38; font-size:15px; margin-right:10px;'>Reassessment</span><span style='color:#1E88E5; font-size:15px; margin-right:10px;'>Medications</span><span style='color:#9C27B0; font-size:15px; margin-right:10px;'>Diagnostic Testing</span><span style='color:#F06292; font-size:15px; margin-right:10px;'>Other Treatments</span><span style='color:#00897B; font-size:15px; margin-right:10px;'>Follow-up</span><span style='color:#C62828; font-size:15px; margin-right:10px;'>Discussion</span><span style='color:#6A1B9A; font-size:15px; margin-right:10px;'>Referral</span><span style='color:#C2185B; font-size:15px; margin-right:10px;'>Acute Symptoms</span><span style='color:#0288D1; font-size:15px; margin-right:10px;'>Personal Information</span><span style='color:#673AB7; font-size:15px; margin-right:10px;'>Personal History</span><span style='color:#EF6C00; font-size:15px; margin-right:10px;'>Family History</span><span style='color:#009688; font-size:15px; margin-right:10px;'>Drug History</span><span style='color:#303F9F; font-size:15px; margin-right:10px;'>Theraputic History</span><span style='color:#E91E63; font-size:15px; margin-right:10px;'>Vegetative History</span><span style='color:#26C6DA; font-size:15px; margin-right:10px;'>Other Social</span><span style='color:#00796B; font-size:15px; margin-right:10px;'>Physical Examination</span><span style='color:#5D4037; font-size:15px; margin-right:10px;'>Radiology Examination</span><span style='color:#F44336; font-size:15px; margin-right:10px;'>Lab Examination</span>"", ""Note"": ""<ol><li><span style='color:#689F38;' data-toggle='tooltip' data-html='true' title='Reassessment'>â¢ Moderate persistent asthma, uncomplicated.</span> <span style='color:#689F38; font-size:14px;'>(<b>Reassessment</b>)</span></li><li><span style='color:#689F38;' data-toggle='tooltip' data-html='true' title='Reassessment'>â¢ Allergic rhinitis</span> <span style='color:#689F38; font-size:14px;'>(<b>Reassessment</b>)</span></li><li><span style='color:#689F38;' data-toggle='tooltip' data-html='true' title='Reassessment'>â¢ Anaphylactic reaction due to peanuts.</span> <span style='color:#689F38; font-size:14px;'>(<b>Reassessment</b>)</span></li><li><span style='color:#0288D1;' data-toggle='tooltip' data-html='true' title='Personal Information'>Emily Hernandez is a 20-year-old female</span> <span style='color:#0288D1; font-size:14px;'>(<b>Personal Information</b>)</span></li><li><span style='color:#C2185B;' data-toggle='tooltip' data-html='true' title='Acute Symptoms'>who presented today for her yearly follow-up appointment for asthma, allergic rhinitis, and food allergy</span> <span style='color:#C2185B; font-size:14px;'>(<b>Acute Symptoms</b>)</span></li></ol>""}"
10427,3,"ASSESSMENT

â¢ Resistant hypertension.

Mr. Roberts presents with resistant hypertension, with systolic blood pressure readings between 146-155. He is currently on maximal doses for 3 medications.",2025-06-21T15:52:37.915573Z,D2N139,10963,"[{""start"":12,""end"":39,""text"":""â¢ Resistant hypertension."",""labels"":[""Acute Assessment""]},{""start"":41,""end"":144,""text"":""Mr. Roberts presents with resistant hypertension, with systolic blood pressure readings between 146-155"",""labels"":[""Acute Assessment""]},{""start"":146,""end"":197,""text"":""He is currently on maximal doses for 3 medications."",""labels"":[""Theraputic History""]}]",124.678,ASSESSMENT,D2N139_2,2025-06-21T15:52:37.915617Z,"{""Intent"": ""<b>ASSESSMENT</b><br><span style='color:#D84315; font-size:15px; margin-right:10px;'>Acute Assessment</span><span style='color:#689F38; font-size:15px; margin-right:10px;'>Reassessment</span><span style='color:#1E88E5; font-size:15px; margin-right:10px;'>Medications</span><span style='color:#9C27B0; font-size:15px; margin-right:10px;'>Diagnostic Testing</span><span style='color:#F06292; font-size:15px; margin-right:10px;'>Other Treatments</span><span style='color:#00897B; font-size:15px; margin-right:10px;'>Follow-up</span><span style='color:#C62828; font-size:15px; margin-right:10px;'>Discussion</span><span style='color:#6A1B9A; font-size:15px; margin-right:10px;'>Referral</span><span style='color:#C2185B; font-size:15px; margin-right:10px;'>Acute Symptoms</span><span style='color:#0288D1; font-size:15px; margin-right:10px;'>Personal Information</span><span style='color:#673AB7; font-size:15px; margin-right:10px;'>Personal History</span><span style='color:#EF6C00; font-size:15px; margin-right:10px;'>Family History</span><span style='color:#009688; font-size:15px; margin-right:10px;'>Drug History</span><span style='color:#303F9F; font-size:15px; margin-right:10px;'>Theraputic History</span><span style='color:#E91E63; font-size:15px; margin-right:10px;'>Vegetative History</span><span style='color:#26C6DA; font-size:15px; margin-right:10px;'>Other Social</span><span style='color:#00796B; font-size:15px; margin-right:10px;'>Physical Examination</span><span style='color:#5D4037; font-size:15px; margin-right:10px;'>Radiology Examination</span><span style='color:#F44336; font-size:15px; margin-right:10px;'>Lab Examination</span>"", ""Note"": ""<ol><li><span style='color:#D84315;' data-toggle='tooltip' data-html='true' title='Acute Assessment'>â¢ Resistant hypertension.</span> <span style='color:#D84315; font-size:14px;'>(<b>Acute Assessment</b>)</span></li><li><span style='color:#D84315;' data-toggle='tooltip' data-html='true' title='Acute Assessment'>Mr. Roberts presents with resistant hypertension, with systolic blood pressure readings between 146-155</span> <span style='color:#D84315; font-size:14px;'>(<b>Acute Assessment</b>)</span></li><li><span style='color:#303F9F;' data-toggle='tooltip' data-html='true' title='Theraputic History'>He is currently on maximal doses for 3 medications.</span> <span style='color:#303F9F; font-size:14px;'>(<b>Theraputic History</b>)</span></li></ol>""}"
10428,3,"ASSESSMENT

â¢ Irritable bowel syndrome

Brittany Edwards is a 32-year-old established patient who returned today to discuss management of IBS and functional abdominal pain made worse by high stress, poor eating habits, and poor sleeping habits.",2025-06-22T20:18:48.395422Z,D2N140,10964,"[{""start"":42,""end"":95,""text"":""Brittany Edwards is a 32-year-old established patient"",""labels"":[""Personal Information""]},{""start"":96,""end"":246,""text"":""who returned today to discuss management of IBS and functional abdominal pain made worse by high stress, poor eating habits, and poor sleeping habits."",""labels"":[""Reassessment""]}]",102368.711,ASSESSMENT,D2N140_2,2025-06-22T20:18:48.395516Z,"{""Intent"": ""<b>ASSESSMENT</b><br><span style='color:#D84315; font-size:15px; margin-right:10px;'>Acute Assessment</span><span style='color:#689F38; font-size:15px; margin-right:10px;'>Reassessment</span><span style='color:#1E88E5; font-size:15px; margin-right:10px;'>Medications</span><span style='color:#9C27B0; font-size:15px; margin-right:10px;'>Diagnostic Testing</span><span style='color:#F06292; font-size:15px; margin-right:10px;'>Other Treatments</span><span style='color:#00897B; font-size:15px; margin-right:10px;'>Follow-up</span><span style='color:#C62828; font-size:15px; margin-right:10px;'>Discussion</span><span style='color:#6A1B9A; font-size:15px; margin-right:10px;'>Referral</span><span style='color:#C2185B; font-size:15px; margin-right:10px;'>Acute Symptoms</span><span style='color:#0288D1; font-size:15px; margin-right:10px;'>Personal Information</span><span style='color:#673AB7; font-size:15px; margin-right:10px;'>Personal History</span><span style='color:#EF6C00; font-size:15px; margin-right:10px;'>Family History</span><span style='color:#009688; font-size:15px; margin-right:10px;'>Drug History</span><span style='color:#303F9F; font-size:15px; margin-right:10px;'>Theraputic History</span><span style='color:#E91E63; font-size:15px; margin-right:10px;'>Vegetative History</span><span style='color:#26C6DA; font-size:15px; margin-right:10px;'>Other Social</span><span style='color:#00796B; font-size:15px; margin-right:10px;'>Physical Examination</span><span style='color:#5D4037; font-size:15px; margin-right:10px;'>Radiology Examination</span><span style='color:#F44336; font-size:15px; margin-right:10px;'>Lab Examination</span>"", ""Note"": ""<ol><li><span style='color:#0288D1;' data-toggle='tooltip' data-html='true' title='Personal Information'>Brittany Edwards is a 32-year-old established patient</span> <span style='color:#0288D1; font-size:14px;'>(<b>Personal Information</b>)</span></li><li><span style='color:#689F38;' data-toggle='tooltip' data-html='true' title='Reassessment'>who returned today to discuss management of IBS and functional abdominal pain made worse by high stress, poor eating habits, and poor sleeping habits.</span> <span style='color:#689F38; font-size:14px;'>(<b>Reassessment</b>)</span></li></ol>""}"
10430,3,"ASSESSMENT

â¢ Adult hydrocephalus.
â¢ Gait impairment.
â¢ Urinary incontinence and urgency.
â¢ Cognitive impairment.

Mr. Watson has made some improvement with his hydrocephalus since shunt surgery. There is a tiny fluid collection in the right parietal region. I do not believe that this tiny amount of fluid is symptomatic, and it was not documented by the radiologist when he read the CT scan.

Mr. Watson asked me about whether he will be able to drive again. Unfortunately, I think it is unlikely that his speed of movement will improve to a level that he will be able to pass a driver's safety evaluation, however, occasionally patients surprise me by improving enough over 9 to 12 months that they are able to pass such a test. I would certainly be happy to recommend such a test if I believe he is likely to pass it and he is always welcome to enroll in a driver's safety program without my recommendation, however, I think it is exceeding unlikely that he has the capability of passing this rigorous test at this time. I also think it is quite likely he will not regain sufficient speed of motion to pass such a test.",2025-06-22T20:25:53.768116Z,D2N141,10965,"[{""start"":12,""end"":36,""text"":""â¢ Adult hydrocephalus."",""labels"":[""Reassessment""]},{""start"":37,""end"":57,""text"":""â¢ Gait impairment."",""labels"":[""Reassessment""]},{""start"":58,""end"":95,""text"":""â¢ Urinary incontinence and urgency."",""labels"":[""Reassessment""]},{""start"":96,""end"":121,""text"":""â¢ Cognitive impairment.\\n"",""labels"":[""Reassessment""]},{""start"":123,""end"":203,""text"":""Mr. Watson has made some improvement with his hydrocephalus since shunt surgery."",""labels"":[""Reassessment""]},{""start"":403,""end"":467,""text"":""Mr. Watson asked me about whether he will be able to drive again"",""labels"":[""Discussion""]},{""start"":469,""end"":739,""text"":""Unfortunately, I think it is unlikely that his speed of movement will improve to a level that he will be able to pass a driver's safety evaluation, however, occasionally patients surprise me by improving enough over 9 to 12 months that they are able to pass such a test."",""labels"":[""Discussion""]},{""start"":740,""end"":1032,""text"":""I would certainly be happy to recommend such a test if I believe he is likely to pass it and he is always welcome to enroll in a driver's safety program without my recommendation, however, I think it is exceeding unlikely that he has the capability of passing this rigorous test at this time."",""labels"":[""Discussion""]},{""start"":1033,""end"":1131,""text"":""I also think it is quite likely he will not regain sufficient speed of motion to pass such a test."",""labels"":[""Discussion""]},{""start"":204,""end"":265,""text"":""There is a tiny fluid collection in the right parietal region"",""labels"":[""Acute Assessment""]},{""start"":267,""end"":401,""text"":""I do not believe that this tiny amount of fluid is symptomatic, and it was not documented by the radiologist when he read the CT scan."",""labels"":[""Acute Assessment""]}]",420.633,ASSESSMENT,D2N141_2,2025-06-22T20:25:53.768185Z,"{""Intent"": ""<b>ASSESSMENT</b><br><span style='color:#D84315; font-size:15px; margin-right:10px;'>Acute Assessment</span><span style='color:#689F38; font-size:15px; margin-right:10px;'>Reassessment</span><span style='color:#1E88E5; font-size:15px; margin-right:10px;'>Medications</span><span style='color:#9C27B0; font-size:15px; margin-right:10px;'>Diagnostic Testing</span><span style='color:#F06292; font-size:15px; margin-right:10px;'>Other Treatments</span><span style='color:#00897B; font-size:15px; margin-right:10px;'>Follow-up</span><span style='color:#C62828; font-size:15px; margin-right:10px;'>Discussion</span><span style='color:#6A1B9A; font-size:15px; margin-right:10px;'>Referral</span><span style='color:#C2185B; font-size:15px; margin-right:10px;'>Acute Symptoms</span><span style='color:#0288D1; font-size:15px; margin-right:10px;'>Personal Information</span><span style='color:#673AB7; font-size:15px; margin-right:10px;'>Personal History</span><span style='color:#EF6C00; font-size:15px; margin-right:10px;'>Family History</span><span style='color:#009688; font-size:15px; margin-right:10px;'>Drug History</span><span style='color:#303F9F; font-size:15px; margin-right:10px;'>Theraputic History</span><span style='color:#E91E63; font-size:15px; margin-right:10px;'>Vegetative History</span><span style='color:#26C6DA; font-size:15px; margin-right:10px;'>Other Social</span><span style='color:#00796B; font-size:15px; margin-right:10px;'>Physical Examination</span><span style='color:#5D4037; font-size:15px; margin-right:10px;'>Radiology Examination</span><span style='color:#F44336; font-size:15px; margin-right:10px;'>Lab Examination</span>"", ""Note"": ""<ol><li><span style='color:#689F38;' data-toggle='tooltip' data-html='true' title='Reassessment'>â¢ Adult hydrocephalus.</span> <span style='color:#689F38; font-size:14px;'>(<b>Reassessment</b>)</span></li><li><span style='color:#689F38;' data-toggle='tooltip' data-html='true' title='Reassessment'>â¢ Gait impairment.</span> <span style='color:#689F38; font-size:14px;'>(<b>Reassessment</b>)</span></li><li><span style='color:#689F38;' data-toggle='tooltip' data-html='true' title='Reassessment'>â¢ Urinary incontinence and urgency.</span> <span style='color:#689F38; font-size:14px;'>(<b>Reassessment</b>)</span></li><li><span style='color:#689F38;' data-toggle='tooltip' data-html='true' title='Reassessment'>â¢ Cognitive impairment.</span> <span style='color:#689F38; font-size:14px;'>(<b>Reassessment</b>)</span></li><li><span style='color:#689F38;' data-toggle='tooltip' data-html='true' title='Reassessment'>Mr. Watson has made some improvement with his hydrocephalus since shunt surgery.</span> <span style='color:#689F38; font-size:14px;'>(<b>Reassessment</b>)</span></li><li><span style='color:#D84315;' data-toggle='tooltip' data-html='true' title='Acute Assessment'>There is a tiny fluid collection in the right parietal region</span> <span style='color:#D84315; font-size:14px;'>(<b>Acute Assessment</b>)</span></li><li><span style='color:#D84315;' data-toggle='tooltip' data-html='true' title='Acute Assessment'>I do not believe that this tiny amount of fluid is symptomatic, and it was not documented by the radiologist when he read the CT scan.</span> <span style='color:#D84315; font-size:14px;'>(<b>Acute Assessment</b>)</span></li><li><span style='color:#C62828;' data-toggle='tooltip' data-html='true' title='Discussion'>Mr. Watson asked me about whether he will be able to drive again</span> <span style='color:#C62828; font-size:14px;'>(<b>Discussion</b>)</span></li><li><span style='color:#C62828;' data-toggle='tooltip' data-html='true' title='Discussion'>Unfortunately, I think it is unlikely that his speed of movement will improve to a level that he will be able to pass a driver's safety evaluation, however, occasionally patients surprise me by improving enough over 9 to 12 months that they are able to pass such a test.</span> <span style='color:#C62828; font-size:14px;'>(<b>Discussion</b>)</span></li><li><span style='color:#C62828;' data-toggle='tooltip' data-html='true' title='Discussion'>I would certainly be happy to recommend such a test if I believe he is likely to pass it and he is always welcome to enroll in a driver's safety program without my recommendation, however, I think it is exceeding unlikely that he has the capability of passing this rigorous test at this time.</span> <span style='color:#C62828; font-size:14px;'>(<b>Discussion</b>)</span></li><li><span style='color:#C62828;' data-toggle='tooltip' data-html='true' title='Discussion'>I also think it is quite likely he will not regain sufficient speed of motion to pass such a test.</span> <span style='color:#C62828; font-size:14px;'>(<b>Discussion</b>)</span></li></ol>""}"
10432,3,"ASSESSMENT

â¢ Alcohol use disorder.
â¢ Hypertension.

Mrs. Taylor presents for a follow-up for hypertension. History includes significant alcohol use disorder and mild hypercholesterolemia. At last visit on April 16, BP was 130/90. After presenting at 150/100 she was prescribed hydrochlorothiazide 12.5 mg by mouth once daily and lisinopril 20 mg by mouth once daily. CMP and CBC were essentially unremarkable.",2025-06-22T20:33:34.490197Z,D2N142,10966,"[{""start"":12,""end"":37,""text"":""â¢ Alcohol use disorder."",""labels"":[""Reassessment""]},{""start"":38,""end"":55,""text"":""â¢ Hypertension."",""labels"":[""Reassessment""]},{""start"":57,""end"":110,""text"":""Mrs. Taylor presents for a follow-up for hypertension"",""labels"":[""Acute Symptoms""]},{""start"":112,""end"":191,""text"":""History includes significant alcohol use disorder and mild hypercholesterolemia"",""labels"":[""Personal History""]},{""start"":192,""end"":233,""text"":"" At last visit on April 16, BP was 130\/90"",""labels"":[""Personal History""]},{""start"":235,""end"":262,""text"":""After presenting at 150\/100"",""labels"":[""Acute Assessment""]},{""start"":263,""end"":370,""text"":""she was prescribed hydrochlorothiazide 12.5 mg by mouth once daily and lisinopril 20 mg by mouth once daily"",""labels"":[""Medications""]},{""start"":372,""end"":414,""text"":""CMP and CBC were essentially unremarkable."",""labels"":[""Lab Examination""]}]",458.67,ASSESSMENT,D2N142_2,2025-06-22T20:33:34.490239Z,"{""Intent"": ""<b>ASSESSMENT</b><br><span style='color:#D84315; font-size:15px; margin-right:10px;'>Acute Assessment</span><span style='color:#689F38; font-size:15px; margin-right:10px;'>Reassessment</span><span style='color:#1E88E5; font-size:15px; margin-right:10px;'>Medications</span><span style='color:#9C27B0; font-size:15px; margin-right:10px;'>Diagnostic Testing</span><span style='color:#F06292; font-size:15px; margin-right:10px;'>Other Treatments</span><span style='color:#00897B; font-size:15px; margin-right:10px;'>Follow-up</span><span style='color:#C62828; font-size:15px; margin-right:10px;'>Discussion</span><span style='color:#6A1B9A; font-size:15px; margin-right:10px;'>Referral</span><span style='color:#C2185B; font-size:15px; margin-right:10px;'>Acute Symptoms</span><span style='color:#0288D1; font-size:15px; margin-right:10px;'>Personal Information</span><span style='color:#673AB7; font-size:15px; margin-right:10px;'>Personal History</span><span style='color:#EF6C00; font-size:15px; margin-right:10px;'>Family History</span><span style='color:#009688; font-size:15px; margin-right:10px;'>Drug History</span><span style='color:#303F9F; font-size:15px; margin-right:10px;'>Theraputic History</span><span style='color:#E91E63; font-size:15px; margin-right:10px;'>Vegetative History</span><span style='color:#26C6DA; font-size:15px; margin-right:10px;'>Other Social</span><span style='color:#00796B; font-size:15px; margin-right:10px;'>Physical Examination</span><span style='color:#5D4037; font-size:15px; margin-right:10px;'>Radiology Examination</span><span style='color:#F44336; font-size:15px; margin-right:10px;'>Lab Examination</span>"", ""Note"": ""<ol><li><span style='color:#689F38;' data-toggle='tooltip' data-html='true' title='Reassessment'>â¢ Alcohol use disorder.</span> <span style='color:#689F38; font-size:14px;'>(<b>Reassessment</b>)</span></li><li><span style='color:#689F38;' data-toggle='tooltip' data-html='true' title='Reassessment'>â¢ Hypertension.</span> <span style='color:#689F38; font-size:14px;'>(<b>Reassessment</b>)</span></li><li><span style='color:#C2185B;' data-toggle='tooltip' data-html='true' title='Acute Symptoms'>Mrs. Taylor presents for a follow-up for hypertension</span> <span style='color:#C2185B; font-size:14px;'>(<b>Acute Symptoms</b>)</span></li><li><span style='color:#673AB7;' data-toggle='tooltip' data-html='true' title='Personal History'>History includes significant alcohol use disorder and mild hypercholesterolemia</span> <span style='color:#673AB7; font-size:14px;'>(<b>Personal History</b>)</span></li><li><span style='color:#673AB7;' data-toggle='tooltip' data-html='true' title='Personal History'> At last visit on April 16, BP was 130/90</span> <span style='color:#673AB7; font-size:14px;'>(<b>Personal History</b>)</span></li><li><span style='color:#D84315;' data-toggle='tooltip' data-html='true' title='Acute Assessment'>After presenting at 150/100</span> <span style='color:#D84315; font-size:14px;'>(<b>Acute Assessment</b>)</span></li><li><span style='color:#1E88E5;' data-toggle='tooltip' data-html='true' title='Medications'>she was prescribed hydrochlorothiazide 12.5 mg by mouth once daily and lisinopril 20 mg by mouth once daily</span> <span style='color:#1E88E5; font-size:14px;'>(<b>Medications</b>)</span></li><li><span style='color:#F44336;' data-toggle='tooltip' data-html='true' title='Lab Examination'>CMP and CBC were essentially unremarkable.</span> <span style='color:#F44336; font-size:14px;'>(<b>Lab Examination</b>)</span></li></ol>""}"
10433,3,"ASSESSMENT

â¢ Screening for sexually transmitted disease.",2025-06-22T20:35:17.988866Z,D2N143,10967,"[{""start"":12,""end"":59,""text"":""â¢ Screening for sexually transmitted disease."",""labels"":[""Acute Assessment""]}]",100.997,ASSESSMENT,D2N143_2,2025-06-22T20:35:17.988917Z,"{""Intent"": ""<b>ASSESSMENT</b><br><span style='color:#D84315; font-size:15px; margin-right:10px;'>Acute Assessment</span><span style='color:#689F38; font-size:15px; margin-right:10px;'>Reassessment</span><span style='color:#1E88E5; font-size:15px; margin-right:10px;'>Medications</span><span style='color:#9C27B0; font-size:15px; margin-right:10px;'>Diagnostic Testing</span><span style='color:#F06292; font-size:15px; margin-right:10px;'>Other Treatments</span><span style='color:#00897B; font-size:15px; margin-right:10px;'>Follow-up</span><span style='color:#C62828; font-size:15px; margin-right:10px;'>Discussion</span><span style='color:#6A1B9A; font-size:15px; margin-right:10px;'>Referral</span><span style='color:#C2185B; font-size:15px; margin-right:10px;'>Acute Symptoms</span><span style='color:#0288D1; font-size:15px; margin-right:10px;'>Personal Information</span><span style='color:#673AB7; font-size:15px; margin-right:10px;'>Personal History</span><span style='color:#EF6C00; font-size:15px; margin-right:10px;'>Family History</span><span style='color:#009688; font-size:15px; margin-right:10px;'>Drug History</span><span style='color:#303F9F; font-size:15px; margin-right:10px;'>Theraputic History</span><span style='color:#E91E63; font-size:15px; margin-right:10px;'>Vegetative History</span><span style='color:#26C6DA; font-size:15px; margin-right:10px;'>Other Social</span><span style='color:#00796B; font-size:15px; margin-right:10px;'>Physical Examination</span><span style='color:#5D4037; font-size:15px; margin-right:10px;'>Radiology Examination</span><span style='color:#F44336; font-size:15px; margin-right:10px;'>Lab Examination</span>"", ""Note"": ""<ol><li><span style='color:#D84315;' data-toggle='tooltip' data-html='true' title='Acute Assessment'>â¢ Screening for sexually transmitted disease.</span> <span style='color:#D84315; font-size:14px;'>(<b>Acute Assessment</b>)</span></li></ol>""}"
10438,3,"ASSESSMENT

â¢ Rheumatoid arthritis management.
â¢ High risk medication use.
â¢ Right knee pain.
â¢ Lower extremity pitting edema.",2025-06-22T20:39:28.204363Z,D2N144,10968,"[{""start"":12,""end"":48,""text"":""â¢ Rheumatoid arthritis management."",""labels"":[""Reassessment""]},{""start"":49,""end"":78,""text"":""â¢ High risk medication use."",""labels"":[""Reassessment""]},{""start"":79,""end"":99,""text"":""â¢ Right knee pain."",""labels"":[""Acute Assessment""]},{""start"":100,""end"":134,""text"":""â¢ Lower extremity pitting edema."",""labels"":[""Acute Assessment""]}]",248.659,ASSESSMENT,D2N144_2,2025-06-22T20:39:28.204411Z,"{""Intent"": ""<b>ASSESSMENT</b><br><span style='color:#D84315; font-size:15px; margin-right:10px;'>Acute Assessment</span><span style='color:#689F38; font-size:15px; margin-right:10px;'>Reassessment</span><span style='color:#1E88E5; font-size:15px; margin-right:10px;'>Medications</span><span style='color:#9C27B0; font-size:15px; margin-right:10px;'>Diagnostic Testing</span><span style='color:#F06292; font-size:15px; margin-right:10px;'>Other Treatments</span><span style='color:#00897B; font-size:15px; margin-right:10px;'>Follow-up</span><span style='color:#C62828; font-size:15px; margin-right:10px;'>Discussion</span><span style='color:#6A1B9A; font-size:15px; margin-right:10px;'>Referral</span><span style='color:#C2185B; font-size:15px; margin-right:10px;'>Acute Symptoms</span><span style='color:#0288D1; font-size:15px; margin-right:10px;'>Personal Information</span><span style='color:#673AB7; font-size:15px; margin-right:10px;'>Personal History</span><span style='color:#EF6C00; font-size:15px; margin-right:10px;'>Family History</span><span style='color:#009688; font-size:15px; margin-right:10px;'>Drug History</span><span style='color:#303F9F; font-size:15px; margin-right:10px;'>Theraputic History</span><span style='color:#E91E63; font-size:15px; margin-right:10px;'>Vegetative History</span><span style='color:#26C6DA; font-size:15px; margin-right:10px;'>Other Social</span><span style='color:#00796B; font-size:15px; margin-right:10px;'>Physical Examination</span><span style='color:#5D4037; font-size:15px; margin-right:10px;'>Radiology Examination</span><span style='color:#F44336; font-size:15px; margin-right:10px;'>Lab Examination</span>"", ""Note"": ""<ol><li><span style='color:#689F38;' data-toggle='tooltip' data-html='true' title='Reassessment'>â¢ Rheumatoid arthritis management.</span> <span style='color:#689F38; font-size:14px;'>(<b>Reassessment</b>)</span></li><li><span style='color:#689F38;' data-toggle='tooltip' data-html='true' title='Reassessment'>â¢ High risk medication use.</span> <span style='color:#689F38; font-size:14px;'>(<b>Reassessment</b>)</span></li><li><span style='color:#D84315;' data-toggle='tooltip' data-html='true' title='Acute Assessment'>â¢ Right knee pain.</span> <span style='color:#D84315; font-size:14px;'>(<b>Acute Assessment</b>)</span></li><li><span style='color:#D84315;' data-toggle='tooltip' data-html='true' title='Acute Assessment'>â¢ Lower extremity pitting edema.</span> <span style='color:#D84315; font-size:14px;'>(<b>Acute Assessment</b>)</span></li></ol>""}"
10440,3,"ASSESSMENT

â¢ Perioral dermatitis
â¢ Rosacea, including ocular rosacea

Jacqueline Miller is a 40-year-old female who presented today for follow-up for her perioral dermatitis, which has improved but not resolved. She decreased her doxycycline per her pharmacistâs recommendation, which possibly stagnated the resolution of symptoms.",2025-06-22T20:44:54.091442Z,D2N145,10969,"[{""start"":12,""end"":35,""text"":""â¢ Perioral dermatitis"",""labels"":[""Reassessment""]},{""start"":36,""end"":73,""text"":""â¢ Rosacea, including ocular rosacea"",""labels"":[""Reassessment""]},{""start"":75,""end"":116,""text"":""Jacqueline Miller is a 40-year-old female"",""labels"":[""Personal Information""]},{""start"":117,""end"":178,""text"":""who presented today for follow-up for her perioral dermatitis"",""labels"":[""Acute Symptoms""]},{""start"":180,""end"":215,""text"":""which has improved but not resolved"",""labels"":[""Reassessment""]},{""start"":217,""end"":338,""text"":""She decreased her doxycycline per her pharmacistâs recommendation, which possibly stagnated the resolution of symptoms."",""labels"":[""Reassessment""]}]",322.608,ASSESSMENT,D2N145_2,2025-06-22T20:44:54.091482Z,"{""Intent"": ""<b>ASSESSMENT</b><br><span style='color:#D84315; font-size:15px; margin-right:10px;'>Acute Assessment</span><span style='color:#689F38; font-size:15px; margin-right:10px;'>Reassessment</span><span style='color:#1E88E5; font-size:15px; margin-right:10px;'>Medications</span><span style='color:#9C27B0; font-size:15px; margin-right:10px;'>Diagnostic Testing</span><span style='color:#F06292; font-size:15px; margin-right:10px;'>Other Treatments</span><span style='color:#00897B; font-size:15px; margin-right:10px;'>Follow-up</span><span style='color:#C62828; font-size:15px; margin-right:10px;'>Discussion</span><span style='color:#6A1B9A; font-size:15px; margin-right:10px;'>Referral</span><span style='color:#C2185B; font-size:15px; margin-right:10px;'>Acute Symptoms</span><span style='color:#0288D1; font-size:15px; margin-right:10px;'>Personal Information</span><span style='color:#673AB7; font-size:15px; margin-right:10px;'>Personal History</span><span style='color:#EF6C00; font-size:15px; margin-right:10px;'>Family History</span><span style='color:#009688; font-size:15px; margin-right:10px;'>Drug History</span><span style='color:#303F9F; font-size:15px; margin-right:10px;'>Theraputic History</span><span style='color:#E91E63; font-size:15px; margin-right:10px;'>Vegetative History</span><span style='color:#26C6DA; font-size:15px; margin-right:10px;'>Other Social</span><span style='color:#00796B; font-size:15px; margin-right:10px;'>Physical Examination</span><span style='color:#5D4037; font-size:15px; margin-right:10px;'>Radiology Examination</span><span style='color:#F44336; font-size:15px; margin-right:10px;'>Lab Examination</span>"", ""Note"": ""<ol><li><span style='color:#689F38;' data-toggle='tooltip' data-html='true' title='Reassessment'>â¢ Perioral dermatitis</span> <span style='color:#689F38; font-size:14px;'>(<b>Reassessment</b>)</span></li><li><span style='color:#689F38;' data-toggle='tooltip' data-html='true' title='Reassessment'>â¢ Rosacea, including ocular rosacea</span> <span style='color:#689F38; font-size:14px;'>(<b>Reassessment</b>)</span></li><li><span style='color:#0288D1;' data-toggle='tooltip' data-html='true' title='Personal Information'>Jacqueline Miller is a 40-year-old female</span> <span style='color:#0288D1; font-size:14px;'>(<b>Personal Information</b>)</span></li><li><span style='color:#C2185B;' data-toggle='tooltip' data-html='true' title='Acute Symptoms'>who presented today for follow-up for her perioral dermatitis</span> <span style='color:#C2185B; font-size:14px;'>(<b>Acute Symptoms</b>)</span></li><li><span style='color:#689F38;' data-toggle='tooltip' data-html='true' title='Reassessment'>which has improved but not resolved</span> <span style='color:#689F38; font-size:14px;'>(<b>Reassessment</b>)</span></li><li><span style='color:#689F38;' data-toggle='tooltip' data-html='true' title='Reassessment'>She decreased her doxycycline per her pharmacistâs recommendation, which possibly stagnated the resolution of symptoms.</span> <span style='color:#689F38; font-size:14px;'>(<b>Reassessment</b>)</span></li></ol>""}"
10442,3,"1. Mild cholecystitis with gallstones.
- Medical Reasoning: Based on the patient's symptoms, exam findings, and ultrasound, I do believe he has some mild cholecystitis with gallstones. I do not appreciate any frank obstruction, but it looks like his gallbladder is inflamed. This appears to have happened maybe over the last few weeks or since he has been symptomatic.

2. Type 2 diabetes.
- Medical Reasoning: The patient is currently managing his diabetes with diet and exercise.",2025-06-22T20:47:17.889506Z,D2N146,10970,"[{""start"":0,""end"":183,""text"":""1. Mild cholecystitis with gallstones.\\n- Medical Reasoning: Based on the patient's symptoms, exam findings, and ultrasound, I do believe he has some mild cholecystitis with gallstones"",""labels"":[""Acute Assessment""]},{""start"":185,""end"":273,""text"":""I do not appreciate any frank obstruction, but it looks like his gallbladder is inflamed"",""labels"":[""Acute Assessment""]},{""start"":275,""end"":368,""text"":""This appears to have happened maybe over the last few weeks or since he has been symptomatic."",""labels"":[""Acute Assessment""]},{""start"":370,""end"":481,""text"":""\\n2. Type 2 diabetes.\\n- Medical Reasoning: The patient is currently managing his diabetes with diet and exercise."",""labels"":[""Reassessment""]}]",139.725,ASSESSMENT,D2N146_2,2025-06-22T20:47:17.889552Z,"{""Intent"": ""<b>ASSESSMENT</b><br><span style='color:#D84315; font-size:15px; margin-right:10px;'>Acute Assessment</span><span style='color:#689F38; font-size:15px; margin-right:10px;'>Reassessment</span><span style='color:#1E88E5; font-size:15px; margin-right:10px;'>Medications</span><span style='color:#9C27B0; font-size:15px; margin-right:10px;'>Diagnostic Testing</span><span style='color:#F06292; font-size:15px; margin-right:10px;'>Other Treatments</span><span style='color:#00897B; font-size:15px; margin-right:10px;'>Follow-up</span><span style='color:#C62828; font-size:15px; margin-right:10px;'>Discussion</span><span style='color:#6A1B9A; font-size:15px; margin-right:10px;'>Referral</span><span style='color:#C2185B; font-size:15px; margin-right:10px;'>Acute Symptoms</span><span style='color:#0288D1; font-size:15px; margin-right:10px;'>Personal Information</span><span style='color:#673AB7; font-size:15px; margin-right:10px;'>Personal History</span><span style='color:#EF6C00; font-size:15px; margin-right:10px;'>Family History</span><span style='color:#009688; font-size:15px; margin-right:10px;'>Drug History</span><span style='color:#303F9F; font-size:15px; margin-right:10px;'>Theraputic History</span><span style='color:#E91E63; font-size:15px; margin-right:10px;'>Vegetative History</span><span style='color:#26C6DA; font-size:15px; margin-right:10px;'>Other Social</span><span style='color:#00796B; font-size:15px; margin-right:10px;'>Physical Examination</span><span style='color:#5D4037; font-size:15px; margin-right:10px;'>Radiology Examination</span><span style='color:#F44336; font-size:15px; margin-right:10px;'>Lab Examination</span>"", ""Note"": ""<ol><li><span style='color:#D84315;' data-toggle='tooltip' data-html='true' title='Acute Assessment'>1. Mild cholecystitis with gallstones.\n- Medical Reasoning: Based on the patient's symptoms, exam findings, and ultrasound, I do believe he has some mild cholecystitis with gallstones</span> <span style='color:#D84315; font-size:14px;'>(<b>Acute Assessment</b>)</span></li><li><span style='color:#D84315;' data-toggle='tooltip' data-html='true' title='Acute Assessment'>I do not appreciate any frank obstruction, but it looks like his gallbladder is inflamed</span> <span style='color:#D84315; font-size:14px;'>(<b>Acute Assessment</b>)</span></li><li><span style='color:#D84315;' data-toggle='tooltip' data-html='true' title='Acute Assessment'>This appears to have happened maybe over the last few weeks or since he has been symptomatic.</span> <span style='color:#D84315; font-size:14px;'>(<b>Acute Assessment</b>)</span></li><li><span style='color:#689F38;' data-toggle='tooltip' data-html='true' title='Reassessment'>2. Type 2 diabetes.\n- Medical Reasoning: The patient is currently managing his diabetes with diet and exercise.</span> <span style='color:#689F38; font-size:14px;'>(<b>Reassessment</b>)</span></li></ol>""}"
10444,3,"ASSESSMENT

Right shoulder acute acromioclavicular joint fracture.",2025-06-22T20:50:43.140298Z,D2N147,10971,"[{""start"":12,""end"":65,""text"":""Right shoulder acute acromioclavicular joint fracture"",""labels"":[""Acute Assessment""]}]",202.389,ASSESSMENT,D2N147_2,2025-06-22T20:50:43.140347Z,"{""Intent"": ""<b>ASSESSMENT</b><br><span style='color:#D84315; font-size:15px; margin-right:10px;'>Acute Assessment</span><span style='color:#689F38; font-size:15px; margin-right:10px;'>Reassessment</span><span style='color:#1E88E5; font-size:15px; margin-right:10px;'>Medications</span><span style='color:#9C27B0; font-size:15px; margin-right:10px;'>Diagnostic Testing</span><span style='color:#F06292; font-size:15px; margin-right:10px;'>Other Treatments</span><span style='color:#00897B; font-size:15px; margin-right:10px;'>Follow-up</span><span style='color:#C62828; font-size:15px; margin-right:10px;'>Discussion</span><span style='color:#6A1B9A; font-size:15px; margin-right:10px;'>Referral</span><span style='color:#C2185B; font-size:15px; margin-right:10px;'>Acute Symptoms</span><span style='color:#0288D1; font-size:15px; margin-right:10px;'>Personal Information</span><span style='color:#673AB7; font-size:15px; margin-right:10px;'>Personal History</span><span style='color:#EF6C00; font-size:15px; margin-right:10px;'>Family History</span><span style='color:#009688; font-size:15px; margin-right:10px;'>Drug History</span><span style='color:#303F9F; font-size:15px; margin-right:10px;'>Theraputic History</span><span style='color:#E91E63; font-size:15px; margin-right:10px;'>Vegetative History</span><span style='color:#26C6DA; font-size:15px; margin-right:10px;'>Other Social</span><span style='color:#00796B; font-size:15px; margin-right:10px;'>Physical Examination</span><span style='color:#5D4037; font-size:15px; margin-right:10px;'>Radiology Examination</span><span style='color:#F44336; font-size:15px; margin-right:10px;'>Lab Examination</span>"", ""Note"": ""<ol><li><span style='color:#D84315;' data-toggle='tooltip' data-html='true' title='Acute Assessment'>Right shoulder acute acromioclavicular joint fracture</span> <span style='color:#D84315; font-size:14px;'>(<b>Acute Assessment</b>)</span></li></ol>""}"
10446,3,"ASSESSMENT

Low back pain, possible acute disc herniation.",2025-06-22T20:51:54.507837Z,D2N148,10972,"[{""start"":12,""end"":58,""text"":""Low back pain, possible acute disc herniation."",""labels"":[""Acute Assessment""]}]",69.111,ASSESSMENT,D2N148_2,2025-06-22T20:51:54.507886Z,"{""Intent"": ""<b>ASSESSMENT</b><br><span style='color:#D84315; font-size:15px; margin-right:10px;'>Acute Assessment</span><span style='color:#689F38; font-size:15px; margin-right:10px;'>Reassessment</span><span style='color:#1E88E5; font-size:15px; margin-right:10px;'>Medications</span><span style='color:#9C27B0; font-size:15px; margin-right:10px;'>Diagnostic Testing</span><span style='color:#F06292; font-size:15px; margin-right:10px;'>Other Treatments</span><span style='color:#00897B; font-size:15px; margin-right:10px;'>Follow-up</span><span style='color:#C62828; font-size:15px; margin-right:10px;'>Discussion</span><span style='color:#6A1B9A; font-size:15px; margin-right:10px;'>Referral</span><span style='color:#C2185B; font-size:15px; margin-right:10px;'>Acute Symptoms</span><span style='color:#0288D1; font-size:15px; margin-right:10px;'>Personal Information</span><span style='color:#673AB7; font-size:15px; margin-right:10px;'>Personal History</span><span style='color:#EF6C00; font-size:15px; margin-right:10px;'>Family History</span><span style='color:#009688; font-size:15px; margin-right:10px;'>Drug History</span><span style='color:#303F9F; font-size:15px; margin-right:10px;'>Theraputic History</span><span style='color:#E91E63; font-size:15px; margin-right:10px;'>Vegetative History</span><span style='color:#26C6DA; font-size:15px; margin-right:10px;'>Other Social</span><span style='color:#00796B; font-size:15px; margin-right:10px;'>Physical Examination</span><span style='color:#5D4037; font-size:15px; margin-right:10px;'>Radiology Examination</span><span style='color:#F44336; font-size:15px; margin-right:10px;'>Lab Examination</span>"", ""Note"": ""<ol><li><span style='color:#D84315;' data-toggle='tooltip' data-html='true' title='Acute Assessment'>Low back pain, possible acute disc herniation.</span> <span style='color:#D84315; font-size:14px;'>(<b>Acute Assessment</b>)</span></li></ol>""}"
10448,3,"1. Shortness of breath.
- Medical Reasoning: The patient has been coughing up blood.

2. Diabetes.
- Medical Reasoning: The patient's blood sugar has not been well controlled.

3. Hypertension.
- Medical Reasoning: His blood pressure has been running low for approximately 3 weeks. I believe this could be caused by his shortness of breath. I would like to get a better understanding of the cause of his shortness of breath prior to pursuing further treatment for his hypertension.",2025-06-22T20:53:33.364514Z,D2N149,10973,"[{""start"":0,""end"":84,""text"":""1. Shortness of breath.\\n- Medical Reasoning: The patient has been coughing up blood."",""labels"":[""Acute Assessment""]},{""start"":86,""end"":175,""text"":""\\n2. Diabetes.\\n- Medical Reasoning: The patient's blood sugar has not been well controlled."",""labels"":[""Reassessment""]},{""start"":177,""end"":280,""text"":""3. Hypertension.\\n- Medical Reasoning: His blood pressure has been running low for approximately 3 weeks"",""labels"":[""Reassessment""]},{""start"":281,""end"":339,""text"":"" I believe this could be caused by his shortness of breath"",""labels"":[""Acute Assessment""]},{""start"":341,""end"":481,""text"":""I would like to get a better understanding of the cause of his shortness of breath prior to pursuing further treatment for his hypertension."",""labels"":[""Discussion""]}]",95.768,ASSESSMENT,D2N149_2,2025-06-22T20:53:33.364563Z,"{""Intent"": ""<b>ASSESSMENT</b><br><span style='color:#D84315; font-size:15px; margin-right:10px;'>Acute Assessment</span><span style='color:#689F38; font-size:15px; margin-right:10px;'>Reassessment</span><span style='color:#1E88E5; font-size:15px; margin-right:10px;'>Medications</span><span style='color:#9C27B0; font-size:15px; margin-right:10px;'>Diagnostic Testing</span><span style='color:#F06292; font-size:15px; margin-right:10px;'>Other Treatments</span><span style='color:#00897B; font-size:15px; margin-right:10px;'>Follow-up</span><span style='color:#C62828; font-size:15px; margin-right:10px;'>Discussion</span><span style='color:#6A1B9A; font-size:15px; margin-right:10px;'>Referral</span><span style='color:#C2185B; font-size:15px; margin-right:10px;'>Acute Symptoms</span><span style='color:#0288D1; font-size:15px; margin-right:10px;'>Personal Information</span><span style='color:#673AB7; font-size:15px; margin-right:10px;'>Personal History</span><span style='color:#EF6C00; font-size:15px; margin-right:10px;'>Family History</span><span style='color:#009688; font-size:15px; margin-right:10px;'>Drug History</span><span style='color:#303F9F; font-size:15px; margin-right:10px;'>Theraputic History</span><span style='color:#E91E63; font-size:15px; margin-right:10px;'>Vegetative History</span><span style='color:#26C6DA; font-size:15px; margin-right:10px;'>Other Social</span><span style='color:#00796B; font-size:15px; margin-right:10px;'>Physical Examination</span><span style='color:#5D4037; font-size:15px; margin-right:10px;'>Radiology Examination</span><span style='color:#F44336; font-size:15px; margin-right:10px;'>Lab Examination</span>"", ""Note"": ""<ol><li><span style='color:#D84315;' data-toggle='tooltip' data-html='true' title='Acute Assessment'>1. Shortness of breath.\n- Medical Reasoning: The patient has been coughing up blood.</span> <span style='color:#D84315; font-size:14px;'>(<b>Acute Assessment</b>)</span></li><li><span style='color:#689F38;' data-toggle='tooltip' data-html='true' title='Reassessment'>2. Diabetes.\n- Medical Reasoning: The patient's blood sugar has not been well controlled.</span> <span style='color:#689F38; font-size:14px;'>(<b>Reassessment</b>)</span></li><li><span style='color:#689F38;' data-toggle='tooltip' data-html='true' title='Reassessment'>3. Hypertension.\n- Medical Reasoning: His blood pressure has been running low for approximately 3 weeks</span> <span style='color:#689F38; font-size:14px;'>(<b>Reassessment</b>)</span></li><li><span style='color:#D84315;' data-toggle='tooltip' data-html='true' title='Acute Assessment'> I believe this could be caused by his shortness of breath</span> <span style='color:#D84315; font-size:14px;'>(<b>Acute Assessment</b>)</span></li><li><span style='color:#C62828;' data-toggle='tooltip' data-html='true' title='Discussion'>I would like to get a better understanding of the cause of his shortness of breath prior to pursuing further treatment for his hypertension.</span> <span style='color:#C62828; font-size:14px;'>(<b>Discussion</b>)</span></li></ol>""}"
10450,3,"ASSESSMENT

Right knee pain, possible anterior cruciate ligament tear.",2025-06-22T20:54:27.025759Z,D2N150,10974,"[{""start"":12,""end"":70,""text"":""\\nRight knee pain, possible anterior cruciate ligament tear."",""labels"":[""Acute Assessment""]}]",51.291,ASSESSMENT,D2N150_2,2025-06-22T20:54:27.025802Z,"{""Intent"": ""<b>ASSESSMENT</b><br><span style='color:#D84315; font-size:15px; margin-right:10px;'>Acute Assessment</span><span style='color:#689F38; font-size:15px; margin-right:10px;'>Reassessment</span><span style='color:#1E88E5; font-size:15px; margin-right:10px;'>Medications</span><span style='color:#9C27B0; font-size:15px; margin-right:10px;'>Diagnostic Testing</span><span style='color:#F06292; font-size:15px; margin-right:10px;'>Other Treatments</span><span style='color:#00897B; font-size:15px; margin-right:10px;'>Follow-up</span><span style='color:#C62828; font-size:15px; margin-right:10px;'>Discussion</span><span style='color:#6A1B9A; font-size:15px; margin-right:10px;'>Referral</span><span style='color:#C2185B; font-size:15px; margin-right:10px;'>Acute Symptoms</span><span style='color:#0288D1; font-size:15px; margin-right:10px;'>Personal Information</span><span style='color:#673AB7; font-size:15px; margin-right:10px;'>Personal History</span><span style='color:#EF6C00; font-size:15px; margin-right:10px;'>Family History</span><span style='color:#009688; font-size:15px; margin-right:10px;'>Drug History</span><span style='color:#303F9F; font-size:15px; margin-right:10px;'>Theraputic History</span><span style='color:#E91E63; font-size:15px; margin-right:10px;'>Vegetative History</span><span style='color:#26C6DA; font-size:15px; margin-right:10px;'>Other Social</span><span style='color:#00796B; font-size:15px; margin-right:10px;'>Physical Examination</span><span style='color:#5D4037; font-size:15px; margin-right:10px;'>Radiology Examination</span><span style='color:#F44336; font-size:15px; margin-right:10px;'>Lab Examination</span>"", ""Note"": ""<ol><li><span style='color:#D84315;' data-toggle='tooltip' data-html='true' title='Acute Assessment'>Right knee pain, possible anterior cruciate ligament tear.</span> <span style='color:#D84315; font-size:14px;'>(<b>Acute Assessment</b>)</span></li></ol>""}"
10452,3,"ASSESSMENT

1. Right elbow pain, consistent with medial epicondylitis.
2. Diabetes type 2.
3. Hypertension.",2025-06-22T20:55:32.298134Z,D2N151,10975,"[{""start"":12,""end"":70,""text"":""1. Right elbow pain, consistent with medial epicondylitis."",""labels"":[""Acute Assessment""]},{""start"":71,""end"":90,""text"":""2. Diabetes type 2."",""labels"":[""Reassessment""]},{""start"":91,""end"":107,""text"":""3. Hypertension."",""labels"":[""Reassessment""]}]",62.719,ASSESSMENT,D2N151_2,2025-06-22T20:55:32.298197Z,"{""Intent"": ""<b>ASSESSMENT</b><br><span style='color:#D84315; font-size:15px; margin-right:10px;'>Acute Assessment</span><span style='color:#689F38; font-size:15px; margin-right:10px;'>Reassessment</span><span style='color:#1E88E5; font-size:15px; margin-right:10px;'>Medications</span><span style='color:#9C27B0; font-size:15px; margin-right:10px;'>Diagnostic Testing</span><span style='color:#F06292; font-size:15px; margin-right:10px;'>Other Treatments</span><span style='color:#00897B; font-size:15px; margin-right:10px;'>Follow-up</span><span style='color:#C62828; font-size:15px; margin-right:10px;'>Discussion</span><span style='color:#6A1B9A; font-size:15px; margin-right:10px;'>Referral</span><span style='color:#C2185B; font-size:15px; margin-right:10px;'>Acute Symptoms</span><span style='color:#0288D1; font-size:15px; margin-right:10px;'>Personal Information</span><span style='color:#673AB7; font-size:15px; margin-right:10px;'>Personal History</span><span style='color:#EF6C00; font-size:15px; margin-right:10px;'>Family History</span><span style='color:#009688; font-size:15px; margin-right:10px;'>Drug History</span><span style='color:#303F9F; font-size:15px; margin-right:10px;'>Theraputic History</span><span style='color:#E91E63; font-size:15px; margin-right:10px;'>Vegetative History</span><span style='color:#26C6DA; font-size:15px; margin-right:10px;'>Other Social</span><span style='color:#00796B; font-size:15px; margin-right:10px;'>Physical Examination</span><span style='color:#5D4037; font-size:15px; margin-right:10px;'>Radiology Examination</span><span style='color:#F44336; font-size:15px; margin-right:10px;'>Lab Examination</span>"", ""Note"": ""<ol><li><span style='color:#D84315;' data-toggle='tooltip' data-html='true' title='Acute Assessment'>1. Right elbow pain, consistent with medial epicondylitis.</span> <span style='color:#D84315; font-size:14px;'>(<b>Acute Assessment</b>)</span></li><li><span style='color:#689F38;' data-toggle='tooltip' data-html='true' title='Reassessment'>2. Diabetes type 2.</span> <span style='color:#689F38; font-size:14px;'>(<b>Reassessment</b>)</span></li><li><span style='color:#689F38;' data-toggle='tooltip' data-html='true' title='Reassessment'>3. Hypertension.</span> <span style='color:#689F38; font-size:14px;'>(<b>Reassessment</b>)</span></li></ol>""}"
10454,3,"1. Low back pain.
- Medical Reasoning: I believe he has a musculoskeletal low back strain. I do not expect to see anything significant on x-ray, but we will obtain one for further evaluation of any possible disc issues.

2. Diabetes.
- Medical Reasoning: His diabetes is currently under control.",2025-06-22T20:57:53.188804Z,D2N152,10976,"[{""start"":0,""end"":89,""text"":""1. Low back pain.\\n- Medical Reasoning: I believe he has a musculoskeletal low back strain"",""labels"":[""Acute Assessment""]},{""start"":91,""end"":219,""text"":""I do not expect to see anything significant on x-ray, but we will obtain one for further evaluation of any possible disc issues."",""labels"":[""Diagnostic Testing""]},{""start"":221,""end"":294,""text"":""\\n2. Diabetes.\\n- Medical Reasoning: His diabetes is currently under control"",""labels"":[""Reassessment""]}]",137.734,ASSESSMENT,D2N152_2,2025-06-22T20:57:53.188873Z,"{""Intent"": ""<b>ASSESSMENT</b><br><span style='color:#D84315; font-size:15px; margin-right:10px;'>Acute Assessment</span><span style='color:#689F38; font-size:15px; margin-right:10px;'>Reassessment</span><span style='color:#1E88E5; font-size:15px; margin-right:10px;'>Medications</span><span style='color:#9C27B0; font-size:15px; margin-right:10px;'>Diagnostic Testing</span><span style='color:#F06292; font-size:15px; margin-right:10px;'>Other Treatments</span><span style='color:#00897B; font-size:15px; margin-right:10px;'>Follow-up</span><span style='color:#C62828; font-size:15px; margin-right:10px;'>Discussion</span><span style='color:#6A1B9A; font-size:15px; margin-right:10px;'>Referral</span><span style='color:#C2185B; font-size:15px; margin-right:10px;'>Acute Symptoms</span><span style='color:#0288D1; font-size:15px; margin-right:10px;'>Personal Information</span><span style='color:#673AB7; font-size:15px; margin-right:10px;'>Personal History</span><span style='color:#EF6C00; font-size:15px; margin-right:10px;'>Family History</span><span style='color:#009688; font-size:15px; margin-right:10px;'>Drug History</span><span style='color:#303F9F; font-size:15px; margin-right:10px;'>Theraputic History</span><span style='color:#E91E63; font-size:15px; margin-right:10px;'>Vegetative History</span><span style='color:#26C6DA; font-size:15px; margin-right:10px;'>Other Social</span><span style='color:#00796B; font-size:15px; margin-right:10px;'>Physical Examination</span><span style='color:#5D4037; font-size:15px; margin-right:10px;'>Radiology Examination</span><span style='color:#F44336; font-size:15px; margin-right:10px;'>Lab Examination</span>"", ""Note"": ""<ol><li><span style='color:#D84315;' data-toggle='tooltip' data-html='true' title='Acute Assessment'>1. Low back pain.\n- Medical Reasoning: I believe he has a musculoskeletal low back strain</span> <span style='color:#D84315; font-size:14px;'>(<b>Acute Assessment</b>)</span></li><li><span style='color:#9C27B0;' data-toggle='tooltip' data-html='true' title='Diagnostic Testing'>I do not expect to see anything significant on x-ray, but we will obtain one for further evaluation of any possible disc issues.</span> <span style='color:#9C27B0; font-size:14px;'>(<b>Diagnostic Testing</b>)</span></li><li><span style='color:#689F38;' data-toggle='tooltip' data-html='true' title='Reassessment'>2. Diabetes.\n- Medical Reasoning: His diabetes is currently under control</span> <span style='color:#689F38; font-size:14px;'>(<b>Reassessment</b>)</span></li></ol>""}"
10456,3,"ASSESSMENT

Right knee lateral collateral ligament strain.",2025-06-22T20:59:40.992979Z,D2N153,10977,"[{""start"":12,""end"":58,""text"":""Right knee lateral collateral ligament strain."",""labels"":[""Acute Assessment""]}]",103.785,ASSESSMENT,D2N153_2,2025-06-22T20:59:40.993076Z,"{""Intent"": ""<b>ASSESSMENT</b><br><span style='color:#D84315; font-size:15px; margin-right:10px;'>Acute Assessment</span><span style='color:#689F38; font-size:15px; margin-right:10px;'>Reassessment</span><span style='color:#1E88E5; font-size:15px; margin-right:10px;'>Medications</span><span style='color:#9C27B0; font-size:15px; margin-right:10px;'>Diagnostic Testing</span><span style='color:#F06292; font-size:15px; margin-right:10px;'>Other Treatments</span><span style='color:#00897B; font-size:15px; margin-right:10px;'>Follow-up</span><span style='color:#C62828; font-size:15px; margin-right:10px;'>Discussion</span><span style='color:#6A1B9A; font-size:15px; margin-right:10px;'>Referral</span><span style='color:#C2185B; font-size:15px; margin-right:10px;'>Acute Symptoms</span><span style='color:#0288D1; font-size:15px; margin-right:10px;'>Personal Information</span><span style='color:#673AB7; font-size:15px; margin-right:10px;'>Personal History</span><span style='color:#EF6C00; font-size:15px; margin-right:10px;'>Family History</span><span style='color:#009688; font-size:15px; margin-right:10px;'>Drug History</span><span style='color:#303F9F; font-size:15px; margin-right:10px;'>Theraputic History</span><span style='color:#E91E63; font-size:15px; margin-right:10px;'>Vegetative History</span><span style='color:#26C6DA; font-size:15px; margin-right:10px;'>Other Social</span><span style='color:#00796B; font-size:15px; margin-right:10px;'>Physical Examination</span><span style='color:#5D4037; font-size:15px; margin-right:10px;'>Radiology Examination</span><span style='color:#F44336; font-size:15px; margin-right:10px;'>Lab Examination</span>"", ""Note"": ""<ol><li><span style='color:#D84315;' data-toggle='tooltip' data-html='true' title='Acute Assessment'>Right knee lateral collateral ligament strain.</span> <span style='color:#D84315; font-size:14px;'>(<b>Acute Assessment</b>)</span></li></ol>""}"
10458,3,"ASSESSMENT

Right Achilles tendinitis.",2025-06-22T21:00:26.496846Z,D2N154,10978,"[{""start"":12,""end"":38,""text"":""\\nRight Achilles tendinitis."",""labels"":[""Acute Assessment""]}]",41.532,ASSESSMENT,D2N154_2,2025-06-22T21:00:26.497017Z,"{""Intent"": ""<b>ASSESSMENT</b><br><span style='color:#D84315; font-size:15px; margin-right:10px;'>Acute Assessment</span><span style='color:#689F38; font-size:15px; margin-right:10px;'>Reassessment</span><span style='color:#1E88E5; font-size:15px; margin-right:10px;'>Medications</span><span style='color:#9C27B0; font-size:15px; margin-right:10px;'>Diagnostic Testing</span><span style='color:#F06292; font-size:15px; margin-right:10px;'>Other Treatments</span><span style='color:#00897B; font-size:15px; margin-right:10px;'>Follow-up</span><span style='color:#C62828; font-size:15px; margin-right:10px;'>Discussion</span><span style='color:#6A1B9A; font-size:15px; margin-right:10px;'>Referral</span><span style='color:#C2185B; font-size:15px; margin-right:10px;'>Acute Symptoms</span><span style='color:#0288D1; font-size:15px; margin-right:10px;'>Personal Information</span><span style='color:#673AB7; font-size:15px; margin-right:10px;'>Personal History</span><span style='color:#EF6C00; font-size:15px; margin-right:10px;'>Family History</span><span style='color:#009688; font-size:15px; margin-right:10px;'>Drug History</span><span style='color:#303F9F; font-size:15px; margin-right:10px;'>Theraputic History</span><span style='color:#E91E63; font-size:15px; margin-right:10px;'>Vegetative History</span><span style='color:#26C6DA; font-size:15px; margin-right:10px;'>Other Social</span><span style='color:#00796B; font-size:15px; margin-right:10px;'>Physical Examination</span><span style='color:#5D4037; font-size:15px; margin-right:10px;'>Radiology Examination</span><span style='color:#F44336; font-size:15px; margin-right:10px;'>Lab Examination</span>"", ""Note"": ""<ol><li><span style='color:#D84315;' data-toggle='tooltip' data-html='true' title='Acute Assessment'>Right Achilles tendinitis.</span> <span style='color:#D84315; font-size:14px;'>(<b>Acute Assessment</b>)</span></li></ol>""}"
10459,3,"ASSESSMENT

Right diabetic foot ulcer.",2025-06-22T21:02:23.472352Z,D2N155,10979,"[{""start"":12,""end"":38,""text"":""Right diabetic foot ulcer."",""labels"":[""Acute Assessment""]}]",112.93,ASSESSMENT,D2N155_2,2025-06-22T21:02:23.472552Z,"{""Intent"": ""<b>ASSESSMENT</b><br><span style='color:#D84315; font-size:15px; margin-right:10px;'>Acute Assessment</span><span style='color:#689F38; font-size:15px; margin-right:10px;'>Reassessment</span><span style='color:#1E88E5; font-size:15px; margin-right:10px;'>Medications</span><span style='color:#9C27B0; font-size:15px; margin-right:10px;'>Diagnostic Testing</span><span style='color:#F06292; font-size:15px; margin-right:10px;'>Other Treatments</span><span style='color:#00897B; font-size:15px; margin-right:10px;'>Follow-up</span><span style='color:#C62828; font-size:15px; margin-right:10px;'>Discussion</span><span style='color:#6A1B9A; font-size:15px; margin-right:10px;'>Referral</span><span style='color:#C2185B; font-size:15px; margin-right:10px;'>Acute Symptoms</span><span style='color:#0288D1; font-size:15px; margin-right:10px;'>Personal Information</span><span style='color:#673AB7; font-size:15px; margin-right:10px;'>Personal History</span><span style='color:#EF6C00; font-size:15px; margin-right:10px;'>Family History</span><span style='color:#009688; font-size:15px; margin-right:10px;'>Drug History</span><span style='color:#303F9F; font-size:15px; margin-right:10px;'>Theraputic History</span><span style='color:#E91E63; font-size:15px; margin-right:10px;'>Vegetative History</span><span style='color:#26C6DA; font-size:15px; margin-right:10px;'>Other Social</span><span style='color:#00796B; font-size:15px; margin-right:10px;'>Physical Examination</span><span style='color:#5D4037; font-size:15px; margin-right:10px;'>Radiology Examination</span><span style='color:#F44336; font-size:15px; margin-right:10px;'>Lab Examination</span>"", ""Note"": ""<ol><li><span style='color:#D84315;' data-toggle='tooltip' data-html='true' title='Acute Assessment'>Right diabetic foot ulcer.</span> <span style='color:#D84315; font-size:14px;'>(<b>Acute Assessment</b>)</span></li></ol>""}"
10462,3,"1. Coronary artery disease.
- Medical Reasoning: The patient has a history of coronary artery disease that we will continue to monitor.

2. Newly reduced left ventricular dysfunction and moderate mitral regurgitation.
- Medical Reasoning: A recent echocardiogram revealed a reduced ejection fraction of 35%. She was able to be treated in the cath lab in a timely manner, so I think that the muscle is just stunned. Given her history. it will improve over time.

3. Acute heart failure.
- Medical Reasoning: The patient is retaining fluid.

4. Hypertension.
- Medical Reasoning: Blood pressure is well controlled. She will tolerate the Aldactone well.

5. Type 2 diabetes.
- Medical Reasoning: Stable.",2025-06-22T21:05:02.405735Z,D2N156,10980,"[{""start"":0,""end"":135,""text"":""1. Coronary artery disease.\\n- Medical Reasoning: The patient has a history of coronary artery disease that we will continue to monitor."",""labels"":[""Reassessment""]},{""start"":137,""end"":306,""text"":""2. Newly reduced left ventricular dysfunction and moderate mitral regurgitation.\\n- Medical Reasoning: A recent echocardiogram revealed a reduced ejection fraction of 35%"",""labels"":[""Acute Assessment""]},{""start"":308,""end"":413,""text"":""She was able to be treated in the cath lab in a timely manner, so I think that the muscle is just stunned"",""labels"":[""Acute Assessment""]},{""start"":415,""end"":460,""text"":""Given her history. it will improve over time.\\n"",""labels"":[""Acute Assessment""]},{""start"":462,""end"":538,""text"":""3. Acute heart failure.\\n- Medical Reasoning: The patient is retaining fluid."",""labels"":[""Reassessment""]},{""start"":540,""end"":650,""text"":""4. Hypertension.\\n- Medical Reasoning: Blood pressure is well controlled. She will tolerate the Aldactone well."",""labels"":[""Reassessment""]},{""start"":652,""end"":700,""text"":""\\n5. Type 2 diabetes.\\n- Medical Reasoning: Stable."",""labels"":[""Reassessment""]}]",155.01,ASSESSMENT,D2N156_2,2025-06-22T21:05:02.405804Z,"{""Intent"": ""<b>ASSESSMENT</b><br><span style='color:#D84315; font-size:15px; margin-right:10px;'>Acute Assessment</span><span style='color:#689F38; font-size:15px; margin-right:10px;'>Reassessment</span><span style='color:#1E88E5; font-size:15px; margin-right:10px;'>Medications</span><span style='color:#9C27B0; font-size:15px; margin-right:10px;'>Diagnostic Testing</span><span style='color:#F06292; font-size:15px; margin-right:10px;'>Other Treatments</span><span style='color:#00897B; font-size:15px; margin-right:10px;'>Follow-up</span><span style='color:#C62828; font-size:15px; margin-right:10px;'>Discussion</span><span style='color:#6A1B9A; font-size:15px; margin-right:10px;'>Referral</span><span style='color:#C2185B; font-size:15px; margin-right:10px;'>Acute Symptoms</span><span style='color:#0288D1; font-size:15px; margin-right:10px;'>Personal Information</span><span style='color:#673AB7; font-size:15px; margin-right:10px;'>Personal History</span><span style='color:#EF6C00; font-size:15px; margin-right:10px;'>Family History</span><span style='color:#009688; font-size:15px; margin-right:10px;'>Drug History</span><span style='color:#303F9F; font-size:15px; margin-right:10px;'>Theraputic History</span><span style='color:#E91E63; font-size:15px; margin-right:10px;'>Vegetative History</span><span style='color:#26C6DA; font-size:15px; margin-right:10px;'>Other Social</span><span style='color:#00796B; font-size:15px; margin-right:10px;'>Physical Examination</span><span style='color:#5D4037; font-size:15px; margin-right:10px;'>Radiology Examination</span><span style='color:#F44336; font-size:15px; margin-right:10px;'>Lab Examination</span>"", ""Note"": ""<ol><li><span style='color:#689F38;' data-toggle='tooltip' data-html='true' title='Reassessment'>1. Coronary artery disease.\n- Medical Reasoning: The patient has a history of coronary artery disease that we will continue to monitor.</span> <span style='color:#689F38; font-size:14px;'>(<b>Reassessment</b>)</span></li><li><span style='color:#D84315;' data-toggle='tooltip' data-html='true' title='Acute Assessment'>2. Newly reduced left ventricular dysfunction and moderate mitral regurgitation.\n- Medical Reasoning: A recent echocardiogram revealed a reduced ejection fraction of 35%</span> <span style='color:#D84315; font-size:14px;'>(<b>Acute Assessment</b>)</span></li><li><span style='color:#D84315;' data-toggle='tooltip' data-html='true' title='Acute Assessment'>She was able to be treated in the cath lab in a timely manner, so I think that the muscle is just stunned</span> <span style='color:#D84315; font-size:14px;'>(<b>Acute Assessment</b>)</span></li><li><span style='color:#D84315;' data-toggle='tooltip' data-html='true' title='Acute Assessment'>Given her history. it will improve over time.</span> <span style='color:#D84315; font-size:14px;'>(<b>Acute Assessment</b>)</span></li><li><span style='color:#689F38;' data-toggle='tooltip' data-html='true' title='Reassessment'>3. Acute heart failure.\n- Medical Reasoning: The patient is retaining fluid.</span> <span style='color:#689F38; font-size:14px;'>(<b>Reassessment</b>)</span></li><li><span style='color:#689F38;' data-toggle='tooltip' data-html='true' title='Reassessment'>4. Hypertension.\n- Medical Reasoning: Blood pressure is well controlled. She will tolerate the Aldactone well.</span> <span style='color:#689F38; font-size:14px;'>(<b>Reassessment</b>)</span></li><li><span style='color:#689F38;' data-toggle='tooltip' data-html='true' title='Reassessment'>5. Type 2 diabetes.\n- Medical Reasoning: Stable.</span> <span style='color:#689F38; font-size:14px;'>(<b>Reassessment</b>)</span></li></ol>""}"
10464,3,"1. Coronary artery disease.
- Medical Reasoning: The patient is doing very well and has been compliant with all medications. A slight 3/6 ejection murmur was heard on exam, however, this is stable and has been present in the past. He is experiencing 1+ non-pitting edema, but this seems to be medication related.

2. Stage 3 chronic kidney disease.
- Medical Reasoning: Patient's most recent creatinine levels are stable.

3. Diabetes.
- Medical Reasoning: Patient reports most recent hemoglobin A1c was 16.

4. Mild depression:
- Medical Reasoning: Patient reports feeling depressed and having a hard time adjusting since having his heart attack. He mentions he is also lonely and does not have a support system.",2025-06-22T21:08:27.047897Z,D2N157,10981,"[{""start"":0,""end"":123,""text"":""1. Coronary artery disease.\\n- Medical Reasoning: The patient is doing very well and has been compliant with all medications"",""labels"":[""Reassessment""]},{""start"":125,""end"":229,""text"":""A slight 3\/6 ejection murmur was heard on exam, however, this is stable and has been present in the past"",""labels"":[""Reassessment""]},{""start"":231,""end"":312,""text"":""He is experiencing 1+ non-pitting edema, but this seems to be medication related."",""labels"":[""Reassessment""]},{""start"":314,""end"":421,""text"":""2. Stage 3 chronic kidney disease.\\n- Medical Reasoning: Patient's most recent creatinine levels are stable."",""labels"":[""Reassessment""]},{""start"":423,""end"":507,""text"":""\\n3. Diabetes.\\n- Medical Reasoning: Patient reports most recent hemoglobin A1c was 16."",""labels"":[""Lab Examination""]},{""start"":509,""end"":646,""text"":""4. Mild depression:\\n- Medical Reasoning: Patient reports feeling depressed and having a hard time adjusting since having his heart attack"",""labels"":[""Personal History""]},{""start"":648,""end"":713,""text"":""He mentions he is also lonely and does not have a support system."",""labels"":[""Other Social""]}]",200.972,ASSESSMENT,D2N157_2,2025-06-22T21:08:27.047949Z,"{""Intent"": ""<b>ASSESSMENT</b><br><span style='color:#D84315; font-size:15px; margin-right:10px;'>Acute Assessment</span><span style='color:#689F38; font-size:15px; margin-right:10px;'>Reassessment</span><span style='color:#1E88E5; font-size:15px; margin-right:10px;'>Medications</span><span style='color:#9C27B0; font-size:15px; margin-right:10px;'>Diagnostic Testing</span><span style='color:#F06292; font-size:15px; margin-right:10px;'>Other Treatments</span><span style='color:#00897B; font-size:15px; margin-right:10px;'>Follow-up</span><span style='color:#C62828; font-size:15px; margin-right:10px;'>Discussion</span><span style='color:#6A1B9A; font-size:15px; margin-right:10px;'>Referral</span><span style='color:#C2185B; font-size:15px; margin-right:10px;'>Acute Symptoms</span><span style='color:#0288D1; font-size:15px; margin-right:10px;'>Personal Information</span><span style='color:#673AB7; font-size:15px; margin-right:10px;'>Personal History</span><span style='color:#EF6C00; font-size:15px; margin-right:10px;'>Family History</span><span style='color:#009688; font-size:15px; margin-right:10px;'>Drug History</span><span style='color:#303F9F; font-size:15px; margin-right:10px;'>Theraputic History</span><span style='color:#E91E63; font-size:15px; margin-right:10px;'>Vegetative History</span><span style='color:#26C6DA; font-size:15px; margin-right:10px;'>Other Social</span><span style='color:#00796B; font-size:15px; margin-right:10px;'>Physical Examination</span><span style='color:#5D4037; font-size:15px; margin-right:10px;'>Radiology Examination</span><span style='color:#F44336; font-size:15px; margin-right:10px;'>Lab Examination</span>"", ""Note"": ""<ol><li><span style='color:#689F38;' data-toggle='tooltip' data-html='true' title='Reassessment'>1. Coronary artery disease.\n- Medical Reasoning: The patient is doing very well and has been compliant with all medications</span> <span style='color:#689F38; font-size:14px;'>(<b>Reassessment</b>)</span></li><li><span style='color:#689F38;' data-toggle='tooltip' data-html='true' title='Reassessment'>A slight 3/6 ejection murmur was heard on exam, however, this is stable and has been present in the past</span> <span style='color:#689F38; font-size:14px;'>(<b>Reassessment</b>)</span></li><li><span style='color:#689F38;' data-toggle='tooltip' data-html='true' title='Reassessment'>He is experiencing 1+ non-pitting edema, but this seems to be medication related.</span> <span style='color:#689F38; font-size:14px;'>(<b>Reassessment</b>)</span></li><li><span style='color:#689F38;' data-toggle='tooltip' data-html='true' title='Reassessment'>2. Stage 3 chronic kidney disease.\n- Medical Reasoning: Patient's most recent creatinine levels are stable.</span> <span style='color:#689F38; font-size:14px;'>(<b>Reassessment</b>)</span></li><li><span style='color:#F44336;' data-toggle='tooltip' data-html='true' title='Lab Examination'>3. Diabetes.\n- Medical Reasoning: Patient reports most recent hemoglobin A1c was 16.</span> <span style='color:#F44336; font-size:14px;'>(<b>Lab Examination</b>)</span></li><li><span style='color:#673AB7;' data-toggle='tooltip' data-html='true' title='Personal History'>4. Mild depression:\n- Medical Reasoning: Patient reports feeling depressed and having a hard time adjusting since having his heart attack</span> <span style='color:#673AB7; font-size:14px;'>(<b>Personal History</b>)</span></li><li><span style='color:#26C6DA;' data-toggle='tooltip' data-html='true' title='Other Social'>He mentions he is also lonely and does not have a support system.</span> <span style='color:#26C6DA; font-size:14px;'>(<b>Other Social</b>)</span></li></ol>""}"
10466,3,"1. Abdominal pain.
- Medical Reasoning: This appears to be acute gastritis, likely related to her increased caffeine intake. She has a history of moderately heavy alcohol use as well.

2. Diabetes type 2.
- Medical Reasoning: She is doing well, but I want to make a slight adjustment to her dosage.

3. Asthma.
- Medical Reasoning: She seems to be doing well on her current regimen and has not had any asthma attacks lately.",2025-06-24T08:45:05.277229Z,D2N158,10982,"[{""start"":0,""end"":123,""text"":""1. Abdominal pain.\\n- Medical Reasoning: This appears to be acute gastritis, likely related to her increased caffeine intake"",""labels"":[""Acute Assessment""]},{""start"":125,""end"":183,""text"":""She has a history of moderately heavy alcohol use as well."",""labels"":[""Drug History""]},{""start"":185,""end"":298,""text"":""2. Diabetes type 2.\\n- Medical Reasoning: She is doing well, but I want to make a slight adjustment to her dosage."",""labels"":[""Reassessment""]},{""start"":300,""end"":424,""text"":""3. Asthma.\\n- Medical Reasoning: She seems to be doing well on her current regimen and has not had any asthma attacks lately."",""labels"":[""Reassessment""]}]",79.112,ASSESSMENT,D2N158_2,2025-06-24T08:45:05.277280Z,"{""Intent"": ""<b>ASSESSMENT</b><br><span style='color:#D84315; font-size:15px; margin-right:10px;'>Acute Assessment</span><span style='color:#689F38; font-size:15px; margin-right:10px;'>Reassessment</span><span style='color:#1E88E5; font-size:15px; margin-right:10px;'>Medications</span><span style='color:#9C27B0; font-size:15px; margin-right:10px;'>Diagnostic Testing</span><span style='color:#F06292; font-size:15px; margin-right:10px;'>Other Treatments</span><span style='color:#00897B; font-size:15px; margin-right:10px;'>Follow-up</span><span style='color:#C62828; font-size:15px; margin-right:10px;'>Discussion</span><span style='color:#6A1B9A; font-size:15px; margin-right:10px;'>Referral</span><span style='color:#C2185B; font-size:15px; margin-right:10px;'>Acute Symptoms</span><span style='color:#0288D1; font-size:15px; margin-right:10px;'>Personal Information</span><span style='color:#673AB7; font-size:15px; margin-right:10px;'>Personal History</span><span style='color:#EF6C00; font-size:15px; margin-right:10px;'>Family History</span><span style='color:#009688; font-size:15px; margin-right:10px;'>Drug History</span><span style='color:#303F9F; font-size:15px; margin-right:10px;'>Theraputic History</span><span style='color:#E91E63; font-size:15px; margin-right:10px;'>Vegetative History</span><span style='color:#26C6DA; font-size:15px; margin-right:10px;'>Other Social</span><span style='color:#00796B; font-size:15px; margin-right:10px;'>Physical Examination</span><span style='color:#5D4037; font-size:15px; margin-right:10px;'>Radiology Examination</span><span style='color:#F44336; font-size:15px; margin-right:10px;'>Lab Examination</span>"", ""Note"": ""<ol><li><span style='color:#D84315;' data-toggle='tooltip' data-html='true' title='Acute Assessment'>1. Abdominal pain.\n- Medical Reasoning: This appears to be acute gastritis, likely related to her increased caffeine intake</span> <span style='color:#D84315; font-size:14px;'>(<b>Acute Assessment</b>)</span></li><li><span style='color:#009688;' data-toggle='tooltip' data-html='true' title='Drug History'>She has a history of moderately heavy alcohol use as well.</span> <span style='color:#009688; font-size:14px;'>(<b>Drug History</b>)</span></li><li><span style='color:#689F38;' data-toggle='tooltip' data-html='true' title='Reassessment'>2. Diabetes type 2.\n- Medical Reasoning: She is doing well, but I want to make a slight adjustment to her dosage.</span> <span style='color:#689F38; font-size:14px;'>(<b>Reassessment</b>)</span></li><li><span style='color:#689F38;' data-toggle='tooltip' data-html='true' title='Reassessment'>3. Asthma.\n- Medical Reasoning: She seems to be doing well on her current regimen and has not had any asthma attacks lately.</span> <span style='color:#689F38; font-size:14px;'>(<b>Reassessment</b>)</span></li></ol>""}"
10468,3,"ASSESSMENT

Right carpal tunnel syndrome.",2025-06-24T08:48:57.752511Z,D2N159,10983,"[{""start"":12,""end"":41,""text"":""Right carpal tunnel syndrome."",""labels"":[""Acute Assessment""]}]",229.275,ASSESSMENT,D2N159_2,2025-06-24T08:48:57.752577Z,"{""Intent"": ""<b>ASSESSMENT</b><br><span style='color:#D84315; font-size:15px; margin-right:10px;'>Acute Assessment</span><span style='color:#689F38; font-size:15px; margin-right:10px;'>Reassessment</span><span style='color:#1E88E5; font-size:15px; margin-right:10px;'>Medications</span><span style='color:#9C27B0; font-size:15px; margin-right:10px;'>Diagnostic Testing</span><span style='color:#F06292; font-size:15px; margin-right:10px;'>Other Treatments</span><span style='color:#00897B; font-size:15px; margin-right:10px;'>Follow-up</span><span style='color:#C62828; font-size:15px; margin-right:10px;'>Discussion</span><span style='color:#6A1B9A; font-size:15px; margin-right:10px;'>Referral</span><span style='color:#C2185B; font-size:15px; margin-right:10px;'>Acute Symptoms</span><span style='color:#0288D1; font-size:15px; margin-right:10px;'>Personal Information</span><span style='color:#673AB7; font-size:15px; margin-right:10px;'>Personal History</span><span style='color:#EF6C00; font-size:15px; margin-right:10px;'>Family History</span><span style='color:#009688; font-size:15px; margin-right:10px;'>Drug History</span><span style='color:#303F9F; font-size:15px; margin-right:10px;'>Theraputic History</span><span style='color:#E91E63; font-size:15px; margin-right:10px;'>Vegetative History</span><span style='color:#26C6DA; font-size:15px; margin-right:10px;'>Other Social</span><span style='color:#00796B; font-size:15px; margin-right:10px;'>Physical Examination</span><span style='color:#5D4037; font-size:15px; margin-right:10px;'>Radiology Examination</span><span style='color:#F44336; font-size:15px; margin-right:10px;'>Lab Examination</span>"", ""Note"": ""<ol><li><span style='color:#D84315;' data-toggle='tooltip' data-html='true' title='Acute Assessment'>Right carpal tunnel syndrome.</span> <span style='color:#D84315; font-size:14px;'>(<b>Acute Assessment</b>)</span></li></ol>""}"
10470,3,"1. Right elbow contusion.
- Medical Reasoning: The patient sustained an injury to his elbow when his son struck him with a lacrosse stick. His x-ray and exam findings are consistent with an elbow contusion.

2. Hypertension.
- Medical Reasoning: This appears to be well-controlled with dietary modifications and lisinopril.

3. Diabetes.
- Medical Reasoning: This appears to be well controlled at this time.",2025-06-24T08:52:58.661845Z,D2N160,10984,"[{""start"":0,""end"":137,""text"":""1. Right elbow contusion.\\n- Medical Reasoning: The patient sustained an injury to his elbow when his son struck him with a lacrosse stick"",""labels"":[""Acute Assessment""]},{""start"":139,""end"":206,""text"":""His x-ray and exam findings are consistent with an elbow contusion.\\n"",""labels"":[""Acute Assessment""]},{""start"":208,""end"":280,""text"":""\\n2. Hypertension.\\n- Medical Reasoning: This appears to be well-controlled"",""labels"":[""Reassessment""]},{""start"":281,""end"":307,""text"":""with dietary modifications"",""labels"":[""Personal History""]},{""start"":308,""end"":323,""text"":""and lisinopril."",""labels"":[""Theraputic History""]},{""start"":325,""end"":407,""text"":""3. Diabetes.\\n- Medical Reasoning: This appears to be well controlled at this time."",""labels"":[""Reassessment""]}]",237.533,ASSESSMENT,D2N160_2,2025-06-24T08:52:58.661975Z,"{""Intent"": ""<b>ASSESSMENT</b><br><span style='color:#D84315; font-size:15px; margin-right:10px;'>Acute Assessment</span><span style='color:#689F38; font-size:15px; margin-right:10px;'>Reassessment</span><span style='color:#1E88E5; font-size:15px; margin-right:10px;'>Medications</span><span style='color:#9C27B0; font-size:15px; margin-right:10px;'>Diagnostic Testing</span><span style='color:#F06292; font-size:15px; margin-right:10px;'>Other Treatments</span><span style='color:#00897B; font-size:15px; margin-right:10px;'>Follow-up</span><span style='color:#C62828; font-size:15px; margin-right:10px;'>Discussion</span><span style='color:#6A1B9A; font-size:15px; margin-right:10px;'>Referral</span><span style='color:#C2185B; font-size:15px; margin-right:10px;'>Acute Symptoms</span><span style='color:#0288D1; font-size:15px; margin-right:10px;'>Personal Information</span><span style='color:#673AB7; font-size:15px; margin-right:10px;'>Personal History</span><span style='color:#EF6C00; font-size:15px; margin-right:10px;'>Family History</span><span style='color:#009688; font-size:15px; margin-right:10px;'>Drug History</span><span style='color:#303F9F; font-size:15px; margin-right:10px;'>Theraputic History</span><span style='color:#E91E63; font-size:15px; margin-right:10px;'>Vegetative History</span><span style='color:#26C6DA; font-size:15px; margin-right:10px;'>Other Social</span><span style='color:#00796B; font-size:15px; margin-right:10px;'>Physical Examination</span><span style='color:#5D4037; font-size:15px; margin-right:10px;'>Radiology Examination</span><span style='color:#F44336; font-size:15px; margin-right:10px;'>Lab Examination</span>"", ""Note"": ""<ol><li><span style='color:#D84315;' data-toggle='tooltip' data-html='true' title='Acute Assessment'>1. Right elbow contusion.\n- Medical Reasoning: The patient sustained an injury to his elbow when his son struck him with a lacrosse stick</span> <span style='color:#D84315; font-size:14px;'>(<b>Acute Assessment</b>)</span></li><li><span style='color:#D84315;' data-toggle='tooltip' data-html='true' title='Acute Assessment'>His x-ray and exam findings are consistent with an elbow contusion.</span> <span style='color:#D84315; font-size:14px;'>(<b>Acute Assessment</b>)</span></li><li><span style='color:#689F38;' data-toggle='tooltip' data-html='true' title='Reassessment'>2. Hypertension.\n- Medical Reasoning: This appears to be well-controlled</span> <span style='color:#689F38; font-size:14px;'>(<b>Reassessment</b>)</span></li><li><span style='color:#673AB7;' data-toggle='tooltip' data-html='true' title='Personal History'>with dietary modifications</span> <span style='color:#673AB7; font-size:14px;'>(<b>Personal History</b>)</span></li><li><span style='color:#303F9F;' data-toggle='tooltip' data-html='true' title='Theraputic History'>and lisinopril.</span> <span style='color:#303F9F; font-size:14px;'>(<b>Theraputic History</b>)</span></li><li><span style='color:#689F38;' data-toggle='tooltip' data-html='true' title='Reassessment'>3. Diabetes.\n- Medical Reasoning: This appears to be well controlled at this time.</span> <span style='color:#689F38; font-size:14px;'>(<b>Reassessment</b>)</span></li></ol>""}"
10472,3,"1. Congestive heart failure.
- Medical Reasoning: This appears to be cause by dietary indiscretion and uncontrolled hypertension.

2. Hypertension.
- Medical Reasoning: This was uncontrolled prior to his hospital visit.

3. Kidney disease.
- Medical Reasoning: Due to patient's acute CHF exacerbation, this is to be monitored.",2025-06-24T09:03:52.121785Z,D2N161,10985,"[{""start"":0,""end"":129,""text"":""1. Congestive heart failure.\\n- Medical Reasoning: This appears to be cause by dietary indiscretion and uncontrolled hypertension."",""labels"":[""Acute Assessment""]},{""start"":131,""end"":219,""text"":""2. Hypertension.\\n- Medical Reasoning: This was uncontrolled prior to his hospital visit."",""labels"":[""Reassessment""]},{""start"":221,""end"":326,""text"":""3. Kidney disease.\\n- Medical Reasoning: Due to patient's acute CHF exacerbation, this is to be monitored."",""labels"":[""Reassessment""]}]",650.853,ASSESSMENT,D2N161_2,2025-06-24T09:03:52.121828Z,"{""Intent"": ""<b>ASSESSMENT</b><br><span style='color:#D84315; font-size:15px; margin-right:10px;'>Acute Assessment</span><span style='color:#689F38; font-size:15px; margin-right:10px;'>Reassessment</span><span style='color:#1E88E5; font-size:15px; margin-right:10px;'>Medications</span><span style='color:#9C27B0; font-size:15px; margin-right:10px;'>Diagnostic Testing</span><span style='color:#F06292; font-size:15px; margin-right:10px;'>Other Treatments</span><span style='color:#00897B; font-size:15px; margin-right:10px;'>Follow-up</span><span style='color:#C62828; font-size:15px; margin-right:10px;'>Discussion</span><span style='color:#6A1B9A; font-size:15px; margin-right:10px;'>Referral</span><span style='color:#C2185B; font-size:15px; margin-right:10px;'>Acute Symptoms</span><span style='color:#0288D1; font-size:15px; margin-right:10px;'>Personal Information</span><span style='color:#673AB7; font-size:15px; margin-right:10px;'>Personal History</span><span style='color:#EF6C00; font-size:15px; margin-right:10px;'>Family History</span><span style='color:#009688; font-size:15px; margin-right:10px;'>Drug History</span><span style='color:#303F9F; font-size:15px; margin-right:10px;'>Theraputic History</span><span style='color:#E91E63; font-size:15px; margin-right:10px;'>Vegetative History</span><span style='color:#26C6DA; font-size:15px; margin-right:10px;'>Other Social</span><span style='color:#00796B; font-size:15px; margin-right:10px;'>Physical Examination</span><span style='color:#5D4037; font-size:15px; margin-right:10px;'>Radiology Examination</span><span style='color:#F44336; font-size:15px; margin-right:10px;'>Lab Examination</span>"", ""Note"": ""<ol><li><span style='color:#D84315;' data-toggle='tooltip' data-html='true' title='Acute Assessment'>1. Congestive heart failure.\n- Medical Reasoning: This appears to be cause by dietary indiscretion and uncontrolled hypertension.</span> <span style='color:#D84315; font-size:14px;'>(<b>Acute Assessment</b>)</span></li><li><span style='color:#689F38;' data-toggle='tooltip' data-html='true' title='Reassessment'>2. Hypertension.\n- Medical Reasoning: This was uncontrolled prior to his hospital visit.</span> <span style='color:#689F38; font-size:14px;'>(<b>Reassessment</b>)</span></li><li><span style='color:#689F38;' data-toggle='tooltip' data-html='true' title='Reassessment'>3. Kidney disease.\n- Medical Reasoning: Due to patient's acute CHF exacerbation, this is to be monitored.</span> <span style='color:#689F38; font-size:14px;'>(<b>Reassessment</b>)</span></li></ol>""}"
10474,3,"ASSESSMENT

Right ankle sprain.",2025-06-24T09:05:47.399831Z,D2N162,10986,"[{""start"":12,""end"":31,""text"":""Right ankle sprain."",""labels"":[""Acute Assessment""]}]",111.56,ASSESSMENT,D2N162_2,2025-06-24T09:05:47.399894Z,"{""Intent"": ""<b>ASSESSMENT</b><br><span style='color:#D84315; font-size:15px; margin-right:10px;'>Acute Assessment</span><span style='color:#689F38; font-size:15px; margin-right:10px;'>Reassessment</span><span style='color:#1E88E5; font-size:15px; margin-right:10px;'>Medications</span><span style='color:#9C27B0; font-size:15px; margin-right:10px;'>Diagnostic Testing</span><span style='color:#F06292; font-size:15px; margin-right:10px;'>Other Treatments</span><span style='color:#00897B; font-size:15px; margin-right:10px;'>Follow-up</span><span style='color:#C62828; font-size:15px; margin-right:10px;'>Discussion</span><span style='color:#6A1B9A; font-size:15px; margin-right:10px;'>Referral</span><span style='color:#C2185B; font-size:15px; margin-right:10px;'>Acute Symptoms</span><span style='color:#0288D1; font-size:15px; margin-right:10px;'>Personal Information</span><span style='color:#673AB7; font-size:15px; margin-right:10px;'>Personal History</span><span style='color:#EF6C00; font-size:15px; margin-right:10px;'>Family History</span><span style='color:#009688; font-size:15px; margin-right:10px;'>Drug History</span><span style='color:#303F9F; font-size:15px; margin-right:10px;'>Theraputic History</span><span style='color:#E91E63; font-size:15px; margin-right:10px;'>Vegetative History</span><span style='color:#26C6DA; font-size:15px; margin-right:10px;'>Other Social</span><span style='color:#00796B; font-size:15px; margin-right:10px;'>Physical Examination</span><span style='color:#5D4037; font-size:15px; margin-right:10px;'>Radiology Examination</span><span style='color:#F44336; font-size:15px; margin-right:10px;'>Lab Examination</span>"", ""Note"": ""<ol><li><span style='color:#D84315;' data-toggle='tooltip' data-html='true' title='Acute Assessment'>Right ankle sprain.</span> <span style='color:#D84315; font-size:14px;'>(<b>Acute Assessment</b>)</span></li></ol>""}"
10476,3,"1. Elevated cholesterol.
- Medical Reasoning: The patient's previous tests are consistent with hypercholesterolemia.",2025-06-24T09:08:07.451299Z,D2N163,10987,"[{""start"":0,""end"":116,""text"":""1. Elevated cholesterol.\\n- Medical Reasoning: The patient's previous tests are consistent with hypercholesterolemia."",""labels"":[""Acute Assessment""]}]",137.693,ASSESSMENT,D2N163_2,2025-06-24T09:08:07.451373Z,"{""Intent"": ""<b>ASSESSMENT</b><br><span style='color:#D84315; font-size:15px; margin-right:10px;'>Acute Assessment</span><span style='color:#689F38; font-size:15px; margin-right:10px;'>Reassessment</span><span style='color:#1E88E5; font-size:15px; margin-right:10px;'>Medications</span><span style='color:#9C27B0; font-size:15px; margin-right:10px;'>Diagnostic Testing</span><span style='color:#F06292; font-size:15px; margin-right:10px;'>Other Treatments</span><span style='color:#00897B; font-size:15px; margin-right:10px;'>Follow-up</span><span style='color:#C62828; font-size:15px; margin-right:10px;'>Discussion</span><span style='color:#6A1B9A; font-size:15px; margin-right:10px;'>Referral</span><span style='color:#C2185B; font-size:15px; margin-right:10px;'>Acute Symptoms</span><span style='color:#0288D1; font-size:15px; margin-right:10px;'>Personal Information</span><span style='color:#673AB7; font-size:15px; margin-right:10px;'>Personal History</span><span style='color:#EF6C00; font-size:15px; margin-right:10px;'>Family History</span><span style='color:#009688; font-size:15px; margin-right:10px;'>Drug History</span><span style='color:#303F9F; font-size:15px; margin-right:10px;'>Theraputic History</span><span style='color:#E91E63; font-size:15px; margin-right:10px;'>Vegetative History</span><span style='color:#26C6DA; font-size:15px; margin-right:10px;'>Other Social</span><span style='color:#00796B; font-size:15px; margin-right:10px;'>Physical Examination</span><span style='color:#5D4037; font-size:15px; margin-right:10px;'>Radiology Examination</span><span style='color:#F44336; font-size:15px; margin-right:10px;'>Lab Examination</span>"", ""Note"": ""<ol><li><span style='color:#D84315;' data-toggle='tooltip' data-html='true' title='Acute Assessment'>1. Elevated cholesterol.\n- Medical Reasoning: The patient's previous tests are consistent with hypercholesterolemia.</span> <span style='color:#D84315; font-size:14px;'>(<b>Acute Assessment</b>)</span></li></ol>""}"
10477,3,"1. Chest pain.
- Medical Reasoning: Considering her history of diabetes, possible history of hypertension, and family history of heart disease, I suspect her chest pain is likely unstable angina. Her recent EKG was unremarkable and there are no other signs of heart attack, but I am worried she may have some sort of a blockage causing her pain.

2. Type 2 diabetes.
- Medical Reasoning: She appears to be doing well on her current regimen.

3. Hypertension.
- Medical Reasoning: Several providers, including myself, have noted a trend of elevated blood pressures in the patient's chart.",2025-06-24T09:11:02.793649Z,D2N164,10988,"[{""start"":0,""end"":14,""text"":""1. Chest pain."",""labels"":[""Acute Assessment""]},{""start"":36,""end"":105,""text"":""Considering her history of diabetes, possible history of hypertension"",""labels"":[""Personal History""]},{""start"":107,""end"":142,""text"":""and family history of heart disease"",""labels"":[""Family History""]},{""start"":144,""end"":194,""text"":""I suspect her chest pain is likely unstable angina"",""labels"":[""Acute Assessment""]},{""start"":196,""end"":227,""text"":""Her recent EKG was unremarkable"",""labels"":[""Radiology Examination""]},{""start"":274,""end"":345,""text"":""but I am worried she may have some sort of a blockage causing her pain."",""labels"":[""Acute Assessment""]},{""start"":347,""end"":440,""text"":""2. Type 2 diabetes.\\n- Medical Reasoning: She appears to be doing well on her current regimen."",""labels"":[""Reassessment""]},{""start"":442,""end"":587,""text"":""3. Hypertension.\\n- Medical Reasoning: Several providers, including myself, have noted a trend of elevated blood pressures in the patient's chart."",""labels"":[""Reassessment""]},{""start"":228,""end"":272,""text"":""and there are no other signs of heart attack"",""labels"":[""Acute Assessment""]}]",229.005,ASSESSMENT,D2N164_2,2025-06-25T13:49:25.874722Z,"{""Intent"": ""<b>ASSESSMENT</b><br><span style='color:#D84315; font-size:15px; margin-right:10px;'>Acute Assessment</span><span style='color:#689F38; font-size:15px; margin-right:10px;'>Reassessment</span><span style='color:#1E88E5; font-size:15px; margin-right:10px;'>Medications</span><span style='color:#9C27B0; font-size:15px; margin-right:10px;'>Diagnostic Testing</span><span style='color:#F06292; font-size:15px; margin-right:10px;'>Other Treatments</span><span style='color:#00897B; font-size:15px; margin-right:10px;'>Follow-up</span><span style='color:#C62828; font-size:15px; margin-right:10px;'>Discussion</span><span style='color:#6A1B9A; font-size:15px; margin-right:10px;'>Referral</span><span style='color:#C2185B; font-size:15px; margin-right:10px;'>Acute Symptoms</span><span style='color:#0288D1; font-size:15px; margin-right:10px;'>Personal Information</span><span style='color:#673AB7; font-size:15px; margin-right:10px;'>Personal History</span><span style='color:#EF6C00; font-size:15px; margin-right:10px;'>Family History</span><span style='color:#009688; font-size:15px; margin-right:10px;'>Drug History</span><span style='color:#303F9F; font-size:15px; margin-right:10px;'>Theraputic History</span><span style='color:#E91E63; font-size:15px; margin-right:10px;'>Vegetative History</span><span style='color:#26C6DA; font-size:15px; margin-right:10px;'>Other Social</span><span style='color:#00796B; font-size:15px; margin-right:10px;'>Physical Examination</span><span style='color:#5D4037; font-size:15px; margin-right:10px;'>Radiology Examination</span><span style='color:#F44336; font-size:15px; margin-right:10px;'>Lab Examination</span>"", ""Note"": ""<ol><li><span style='color:#D84315;' data-toggle='tooltip' data-html='true' title='Acute Assessment'>1. Chest pain.</span> <span style='color:#D84315; font-size:14px;'>(<b>Acute Assessment</b>)</span></li><li><span style='color:#673AB7;' data-toggle='tooltip' data-html='true' title='Personal History'>Considering her history of diabetes, possible history of hypertension</span> <span style='color:#673AB7; font-size:14px;'>(<b>Personal History</b>)</span></li><li><span style='color:#EF6C00;' data-toggle='tooltip' data-html='true' title='Family History'>and family history of heart disease</span> <span style='color:#EF6C00; font-size:14px;'>(<b>Family History</b>)</span></li><li><span style='color:#D84315;' data-toggle='tooltip' data-html='true' title='Acute Assessment'>I suspect her chest pain is likely unstable angina</span> <span style='color:#D84315; font-size:14px;'>(<b>Acute Assessment</b>)</span></li><li><span style='color:#5D4037;' data-toggle='tooltip' data-html='true' title='Radiology Examination'>Her recent EKG was unremarkable</span> <span style='color:#5D4037; font-size:14px;'>(<b>Radiology Examination</b>)</span></li><li><span style='color:#D84315;' data-toggle='tooltip' data-html='true' title='Acute Assessment'>and there are no other signs of heart attack</span> <span style='color:#D84315; font-size:14px;'>(<b>Acute Assessment</b>)</span></li><li><span style='color:#D84315;' data-toggle='tooltip' data-html='true' title='Acute Assessment'>but I am worried she may have some sort of a blockage causing her pain.</span> <span style='color:#D84315; font-size:14px;'>(<b>Acute Assessment</b>)</span></li><li><span style='color:#689F38;' data-toggle='tooltip' data-html='true' title='Reassessment'>2. Type 2 diabetes.\n- Medical Reasoning: She appears to be doing well on her current regimen.</span> <span style='color:#689F38; font-size:14px;'>(<b>Reassessment</b>)</span></li><li><span style='color:#689F38;' data-toggle='tooltip' data-html='true' title='Reassessment'>3. Hypertension.\n- Medical Reasoning: Several providers, including myself, have noted a trend of elevated blood pressures in the patient's chart.</span> <span style='color:#689F38; font-size:14px;'>(<b>Reassessment</b>)</span></li></ol>""}"
10479,3,"ASSESSMENT

Bilateral knee patellofemoral pain syndrome.",2025-06-24T09:12:53.128192Z,D2N165,10989,"[{""start"":12,""end"":56,""text"":""Bilateral knee patellofemoral pain syndrome."",""labels"":[""Acute Assessment""]}]",106.895,ASSESSMENT,D2N165_2,2025-06-24T09:12:53.128251Z,"{""Intent"": ""<b>ASSESSMENT</b><br><span style='color:#D84315; font-size:15px; margin-right:10px;'>Acute Assessment</span><span style='color:#689F38; font-size:15px; margin-right:10px;'>Reassessment</span><span style='color:#1E88E5; font-size:15px; margin-right:10px;'>Medications</span><span style='color:#9C27B0; font-size:15px; margin-right:10px;'>Diagnostic Testing</span><span style='color:#F06292; font-size:15px; margin-right:10px;'>Other Treatments</span><span style='color:#00897B; font-size:15px; margin-right:10px;'>Follow-up</span><span style='color:#C62828; font-size:15px; margin-right:10px;'>Discussion</span><span style='color:#6A1B9A; font-size:15px; margin-right:10px;'>Referral</span><span style='color:#C2185B; font-size:15px; margin-right:10px;'>Acute Symptoms</span><span style='color:#0288D1; font-size:15px; margin-right:10px;'>Personal Information</span><span style='color:#673AB7; font-size:15px; margin-right:10px;'>Personal History</span><span style='color:#EF6C00; font-size:15px; margin-right:10px;'>Family History</span><span style='color:#009688; font-size:15px; margin-right:10px;'>Drug History</span><span style='color:#303F9F; font-size:15px; margin-right:10px;'>Theraputic History</span><span style='color:#E91E63; font-size:15px; margin-right:10px;'>Vegetative History</span><span style='color:#26C6DA; font-size:15px; margin-right:10px;'>Other Social</span><span style='color:#00796B; font-size:15px; margin-right:10px;'>Physical Examination</span><span style='color:#5D4037; font-size:15px; margin-right:10px;'>Radiology Examination</span><span style='color:#F44336; font-size:15px; margin-right:10px;'>Lab Examination</span>"", ""Note"": ""<ol><li><span style='color:#D84315;' data-toggle='tooltip' data-html='true' title='Acute Assessment'>Bilateral knee patellofemoral pain syndrome.</span> <span style='color:#D84315; font-size:14px;'>(<b>Acute Assessment</b>)</span></li></ol>""}"
10481,3,"ASSESSMENT

Lumbar back pain at the L4-5 disc space due to a herniated disc with radiculopathy.",2025-06-24T09:17:44.287788Z,D2N166,10990,"[{""start"":12,""end"":94,""text"":""Lumbar back pain at the L4-5 disc space due to a herniated disc with radiculopathy"",""labels"":[""Acute Assessment""]}]",288.863,ASSESSMENT,D2N166_2,2025-06-24T09:17:44.287835Z,"{""Intent"": ""<b>ASSESSMENT</b><br><span style='color:#D84315; font-size:15px; margin-right:10px;'>Acute Assessment</span><span style='color:#689F38; font-size:15px; margin-right:10px;'>Reassessment</span><span style='color:#1E88E5; font-size:15px; margin-right:10px;'>Medications</span><span style='color:#9C27B0; font-size:15px; margin-right:10px;'>Diagnostic Testing</span><span style='color:#F06292; font-size:15px; margin-right:10px;'>Other Treatments</span><span style='color:#00897B; font-size:15px; margin-right:10px;'>Follow-up</span><span style='color:#C62828; font-size:15px; margin-right:10px;'>Discussion</span><span style='color:#6A1B9A; font-size:15px; margin-right:10px;'>Referral</span><span style='color:#C2185B; font-size:15px; margin-right:10px;'>Acute Symptoms</span><span style='color:#0288D1; font-size:15px; margin-right:10px;'>Personal Information</span><span style='color:#673AB7; font-size:15px; margin-right:10px;'>Personal History</span><span style='color:#EF6C00; font-size:15px; margin-right:10px;'>Family History</span><span style='color:#009688; font-size:15px; margin-right:10px;'>Drug History</span><span style='color:#303F9F; font-size:15px; margin-right:10px;'>Theraputic History</span><span style='color:#E91E63; font-size:15px; margin-right:10px;'>Vegetative History</span><span style='color:#26C6DA; font-size:15px; margin-right:10px;'>Other Social</span><span style='color:#00796B; font-size:15px; margin-right:10px;'>Physical Examination</span><span style='color:#5D4037; font-size:15px; margin-right:10px;'>Radiology Examination</span><span style='color:#F44336; font-size:15px; margin-right:10px;'>Lab Examination</span>"", ""Note"": ""<ol><li><span style='color:#D84315;' data-toggle='tooltip' data-html='true' title='Acute Assessment'>Lumbar back pain at the L4-5 disc space due to a herniated disc with radiculopathy</span> <span style='color:#D84315; font-size:14px;'>(<b>Acute Assessment</b>)</span></li></ol>""}"
10483,3,"ASSESSMENT

Left knee pain, possible MCL strain.",2025-06-24T09:19:48.335276Z,D2N167,10991,"[{""start"":12,""end"":48,""text"":""Left knee pain, possible MCL strain."",""labels"":[""Acute Assessment""]}]",120.245,ASSESSMENT,D2N167_2,2025-06-24T09:19:48.335337Z,"{""Intent"": ""<b>ASSESSMENT</b><br><span style='color:#D84315; font-size:15px; margin-right:10px;'>Acute Assessment</span><span style='color:#689F38; font-size:15px; margin-right:10px;'>Reassessment</span><span style='color:#1E88E5; font-size:15px; margin-right:10px;'>Medications</span><span style='color:#9C27B0; font-size:15px; margin-right:10px;'>Diagnostic Testing</span><span style='color:#F06292; font-size:15px; margin-right:10px;'>Other Treatments</span><span style='color:#00897B; font-size:15px; margin-right:10px;'>Follow-up</span><span style='color:#C62828; font-size:15px; margin-right:10px;'>Discussion</span><span style='color:#6A1B9A; font-size:15px; margin-right:10px;'>Referral</span><span style='color:#C2185B; font-size:15px; margin-right:10px;'>Acute Symptoms</span><span style='color:#0288D1; font-size:15px; margin-right:10px;'>Personal Information</span><span style='color:#673AB7; font-size:15px; margin-right:10px;'>Personal History</span><span style='color:#EF6C00; font-size:15px; margin-right:10px;'>Family History</span><span style='color:#009688; font-size:15px; margin-right:10px;'>Drug History</span><span style='color:#303F9F; font-size:15px; margin-right:10px;'>Theraputic History</span><span style='color:#E91E63; font-size:15px; margin-right:10px;'>Vegetative History</span><span style='color:#26C6DA; font-size:15px; margin-right:10px;'>Other Social</span><span style='color:#00796B; font-size:15px; margin-right:10px;'>Physical Examination</span><span style='color:#5D4037; font-size:15px; margin-right:10px;'>Radiology Examination</span><span style='color:#F44336; font-size:15px; margin-right:10px;'>Lab Examination</span>"", ""Note"": ""<ol><li><span style='color:#D84315;' data-toggle='tooltip' data-html='true' title='Acute Assessment'>Left knee pain, possible MCL strain.</span> <span style='color:#D84315; font-size:14px;'>(<b>Acute Assessment</b>)</span></li></ol>""}"
10485,3,"ASSESSMENT

Ms. Diane Baker is a 28-year-old female with a past medical history significant for depression, and hypertension, who presents for emergency room follow-up.",2025-06-24T09:21:17.921536Z,D2N168,10992,"[{""start"":12,""end"":51,""text"":""Ms. Diane Baker is a 28-year-old female"",""labels"":[""Personal Information""]},{""start"":52,""end"":124,""text"":""with a past medical history significant for depression, and hypertension"",""labels"":[""Personal History""]},{""start"":126,""end"":168,""text"":""who presents for emergency room follow-up."",""labels"":[""Acute Symptoms""]}]",85.36,ASSESSMENT,D2N168_2,2025-06-24T09:21:17.921585Z,"{""Intent"": ""<b>ASSESSMENT</b><br><span style='color:#D84315; font-size:15px; margin-right:10px;'>Acute Assessment</span><span style='color:#689F38; font-size:15px; margin-right:10px;'>Reassessment</span><span style='color:#1E88E5; font-size:15px; margin-right:10px;'>Medications</span><span style='color:#9C27B0; font-size:15px; margin-right:10px;'>Diagnostic Testing</span><span style='color:#F06292; font-size:15px; margin-right:10px;'>Other Treatments</span><span style='color:#00897B; font-size:15px; margin-right:10px;'>Follow-up</span><span style='color:#C62828; font-size:15px; margin-right:10px;'>Discussion</span><span style='color:#6A1B9A; font-size:15px; margin-right:10px;'>Referral</span><span style='color:#C2185B; font-size:15px; margin-right:10px;'>Acute Symptoms</span><span style='color:#0288D1; font-size:15px; margin-right:10px;'>Personal Information</span><span style='color:#673AB7; font-size:15px; margin-right:10px;'>Personal History</span><span style='color:#EF6C00; font-size:15px; margin-right:10px;'>Family History</span><span style='color:#009688; font-size:15px; margin-right:10px;'>Drug History</span><span style='color:#303F9F; font-size:15px; margin-right:10px;'>Theraputic History</span><span style='color:#E91E63; font-size:15px; margin-right:10px;'>Vegetative History</span><span style='color:#26C6DA; font-size:15px; margin-right:10px;'>Other Social</span><span style='color:#00796B; font-size:15px; margin-right:10px;'>Physical Examination</span><span style='color:#5D4037; font-size:15px; margin-right:10px;'>Radiology Examination</span><span style='color:#F44336; font-size:15px; margin-right:10px;'>Lab Examination</span>"", ""Note"": ""<ol><li><span style='color:#0288D1;' data-toggle='tooltip' data-html='true' title='Personal Information'>Ms. Diane Baker is a 28-year-old female</span> <span style='color:#0288D1; font-size:14px;'>(<b>Personal Information</b>)</span></li><li><span style='color:#673AB7;' data-toggle='tooltip' data-html='true' title='Personal History'>with a past medical history significant for depression, and hypertension</span> <span style='color:#673AB7; font-size:14px;'>(<b>Personal History</b>)</span></li><li><span style='color:#C2185B;' data-toggle='tooltip' data-html='true' title='Acute Symptoms'>who presents for emergency room follow-up.</span> <span style='color:#C2185B; font-size:14px;'>(<b>Acute Symptoms</b>)</span></li></ol>""}"
10487,3,"The patient is a 61-year-old male who presents for shortness of breath.

Shortness of breath.
- Medical Reasoning: I reviewed the patient's chest x-ray, pulmonary function test, and labs which were all normal. He does have slight expiratory wheezing bilaterally on exam. I suspect his episode of shortness of breath was due to an exacerbation of asthma.
â¢ Specialist Referral: I have referred him to pulmonology for an asthma workup.

Acid reflux.
â¢ Medical Reasoning: This seems stable.

Migraines.
â¢ Medical Reasoning: This problem is also stable. Continue on Imitrex as needed.
",2025-06-24T09:24:37.749224Z,D2N169,10993,"[{""start"":0,""end"":33,""text"":""The patient is a 61-year-old male"",""labels"":[""Personal Information""]},{""start"":34,""end"":71,""text"":""who presents for shortness of breath."",""labels"":[""Acute Symptoms""]},{""start"":73,""end"":208,""text"":""Shortness of breath.\\n- Medical Reasoning: I reviewed the patient's chest x-ray, pulmonary function test, and labs which were all normal"",""labels"":[""Acute Assessment""]},{""start"":210,""end"":269,""text"":""He does have slight expiratory wheezing bilaterally on exam"",""labels"":[""Acute Assessment""]},{""start"":271,""end"":353,""text"":""I suspect his episode of shortness of breath was due to an exacerbation of asthma."",""labels"":[""Acute Assessment""]},{""start"":354,""end"":435,""text"":""â¢ Specialist Referral: I have referred him to pulmonology for an asthma workup."",""labels"":[""Referral""]},{""start"":437,""end"":491,""text"":""Acid reflux.\\nâ¢ Medical Reasoning: This seems stable."",""labels"":[""Reassessment""]},{""start"":493,""end"":554,""text"":""Migraines.\\nâ¢ Medical Reasoning: This problem is also stable"",""labels"":[""Reassessment""]},{""start"":556,""end"":586,""text"":""Continue on Imitrex as needed."",""labels"":[""Medications""]}]",197.251,ASSESSMENT,D2N169_2,2025-06-24T09:24:37.749272Z,"{""Intent"": ""<b>ASSESSMENT</b><br><span style='color:#D84315; font-size:15px; margin-right:10px;'>Acute Assessment</span><span style='color:#689F38; font-size:15px; margin-right:10px;'>Reassessment</span><span style='color:#1E88E5; font-size:15px; margin-right:10px;'>Medications</span><span style='color:#9C27B0; font-size:15px; margin-right:10px;'>Diagnostic Testing</span><span style='color:#F06292; font-size:15px; margin-right:10px;'>Other Treatments</span><span style='color:#00897B; font-size:15px; margin-right:10px;'>Follow-up</span><span style='color:#C62828; font-size:15px; margin-right:10px;'>Discussion</span><span style='color:#6A1B9A; font-size:15px; margin-right:10px;'>Referral</span><span style='color:#C2185B; font-size:15px; margin-right:10px;'>Acute Symptoms</span><span style='color:#0288D1; font-size:15px; margin-right:10px;'>Personal Information</span><span style='color:#673AB7; font-size:15px; margin-right:10px;'>Personal History</span><span style='color:#EF6C00; font-size:15px; margin-right:10px;'>Family History</span><span style='color:#009688; font-size:15px; margin-right:10px;'>Drug History</span><span style='color:#303F9F; font-size:15px; margin-right:10px;'>Theraputic History</span><span style='color:#E91E63; font-size:15px; margin-right:10px;'>Vegetative History</span><span style='color:#26C6DA; font-size:15px; margin-right:10px;'>Other Social</span><span style='color:#00796B; font-size:15px; margin-right:10px;'>Physical Examination</span><span style='color:#5D4037; font-size:15px; margin-right:10px;'>Radiology Examination</span><span style='color:#F44336; font-size:15px; margin-right:10px;'>Lab Examination</span>"", ""Note"": ""<ol><li><span style='color:#0288D1;' data-toggle='tooltip' data-html='true' title='Personal Information'>The patient is a 61-year-old male</span> <span style='color:#0288D1; font-size:14px;'>(<b>Personal Information</b>)</span></li><li><span style='color:#C2185B;' data-toggle='tooltip' data-html='true' title='Acute Symptoms'>who presents for shortness of breath.</span> <span style='color:#C2185B; font-size:14px;'>(<b>Acute Symptoms</b>)</span></li><li><span style='color:#D84315;' data-toggle='tooltip' data-html='true' title='Acute Assessment'>Shortness of breath.\n- Medical Reasoning: I reviewed the patient's chest x-ray, pulmonary function test, and labs which were all normal</span> <span style='color:#D84315; font-size:14px;'>(<b>Acute Assessment</b>)</span></li><li><span style='color:#D84315;' data-toggle='tooltip' data-html='true' title='Acute Assessment'>He does have slight expiratory wheezing bilaterally on exam</span> <span style='color:#D84315; font-size:14px;'>(<b>Acute Assessment</b>)</span></li><li><span style='color:#D84315;' data-toggle='tooltip' data-html='true' title='Acute Assessment'>I suspect his episode of shortness of breath was due to an exacerbation of asthma.</span> <span style='color:#D84315; font-size:14px;'>(<b>Acute Assessment</b>)</span></li><li><span style='color:#6A1B9A;' data-toggle='tooltip' data-html='true' title='Referral'>â¢ Specialist Referral: I have referred him to pulmonology for an asthma workup.</span> <span style='color:#6A1B9A; font-size:14px;'>(<b>Referral</b>)</span></li><li><span style='color:#689F38;' data-toggle='tooltip' data-html='true' title='Reassessment'>Acid reflux.\nâ¢ Medical Reasoning: This seems stable.</span> <span style='color:#689F38; font-size:14px;'>(<b>Reassessment</b>)</span></li><li><span style='color:#689F38;' data-toggle='tooltip' data-html='true' title='Reassessment'>Migraines.\nâ¢ Medical Reasoning: This problem is also stable</span> <span style='color:#689F38; font-size:14px;'>(<b>Reassessment</b>)</span></li><li><span style='color:#1E88E5;' data-toggle='tooltip' data-html='true' title='Medications'>Continue on Imitrex as needed.</span> <span style='color:#1E88E5; font-size:14px;'>(<b>Medications</b>)</span></li></ol>""}"
10489,3,"Joyce Price is a 50-year-old female with a past medical history significant for COPD, congestive heart failure, who presents for follow up of abnormal labs.
1. Abnormal labs.
- Medical Reasoning: Her recent hemoglobin level was low at 8.2. Her available anemia labs were normal, but we need to wait for her pending labs for a definitive anemia diagnosis.

2. COPD.
- Medical Reasoning: The patient is doing well. She ceased tobacco use several years ago and continues to abstain from this.

3. Congestive heart failure.
- Medical Reasoning: She is doing well and continues to follow dietary modifications, particularly with limiting her sodium intake.",2025-06-24T09:27:14.991993Z,D2N170,10994,"[{""start"":0,""end"":35,""text"":""Joyce Price is a 50-year-old female"",""labels"":[""Personal Information""]},{""start"":36,""end"":110,""text"":""with a past medical history significant for COPD, congestive heart failure"",""labels"":[""Personal History""]},{""start"":112,""end"":156,""text"":""who presents for follow up of abnormal labs."",""labels"":[""Acute Symptoms""]},{""start"":157,""end"":238,""text"":""1. Abnormal labs.\\n- Medical Reasoning: Her recent hemoglobin level was low at 8.2"",""labels"":[""Lab Examination""]},{""start"":239,""end"":277,""text"":"" Her available anemia labs were normal"",""labels"":[""Acute Assessment""]},{""start"":279,""end"":354,""text"":""but we need to wait for her pending labs for a definitive anemia diagnosis."",""labels"":[""Lab Examination""]},{""start"":356,""end"":412,""text"":""2. COPD.\\n- Medical Reasoning: The patient is doing well."",""labels"":[""Reassessment""]},{""start"":413,""end"":489,""text"":""She ceased tobacco use several years ago and continues to abstain from this."",""labels"":[""Drug History""]},{""start"":491,""end"":558,""text"":""\\n3. Congestive heart failure.\\n- Medical Reasoning: She is doing well"",""labels"":[""Acute Assessment""]},{""start"":559,""end"":651,""text"":""and continues to follow dietary modifications, particularly with limiting her sodium intake."",""labels"":[""Personal History""]}]",154.357,ASSESSMENT,D2N170_2,2025-06-24T09:27:14.992063Z,"{""Intent"": ""<b>ASSESSMENT</b><br><span style='color:#D84315; font-size:15px; margin-right:10px;'>Acute Assessment</span><span style='color:#689F38; font-size:15px; margin-right:10px;'>Reassessment</span><span style='color:#1E88E5; font-size:15px; margin-right:10px;'>Medications</span><span style='color:#9C27B0; font-size:15px; margin-right:10px;'>Diagnostic Testing</span><span style='color:#F06292; font-size:15px; margin-right:10px;'>Other Treatments</span><span style='color:#00897B; font-size:15px; margin-right:10px;'>Follow-up</span><span style='color:#C62828; font-size:15px; margin-right:10px;'>Discussion</span><span style='color:#6A1B9A; font-size:15px; margin-right:10px;'>Referral</span><span style='color:#C2185B; font-size:15px; margin-right:10px;'>Acute Symptoms</span><span style='color:#0288D1; font-size:15px; margin-right:10px;'>Personal Information</span><span style='color:#673AB7; font-size:15px; margin-right:10px;'>Personal History</span><span style='color:#EF6C00; font-size:15px; margin-right:10px;'>Family History</span><span style='color:#009688; font-size:15px; margin-right:10px;'>Drug History</span><span style='color:#303F9F; font-size:15px; margin-right:10px;'>Theraputic History</span><span style='color:#E91E63; font-size:15px; margin-right:10px;'>Vegetative History</span><span style='color:#26C6DA; font-size:15px; margin-right:10px;'>Other Social</span><span style='color:#00796B; font-size:15px; margin-right:10px;'>Physical Examination</span><span style='color:#5D4037; font-size:15px; margin-right:10px;'>Radiology Examination</span><span style='color:#F44336; font-size:15px; margin-right:10px;'>Lab Examination</span>"", ""Note"": ""<ol><li><span style='color:#0288D1;' data-toggle='tooltip' data-html='true' title='Personal Information'>Joyce Price is a 50-year-old female</span> <span style='color:#0288D1; font-size:14px;'>(<b>Personal Information</b>)</span></li><li><span style='color:#673AB7;' data-toggle='tooltip' data-html='true' title='Personal History'>with a past medical history significant for COPD, congestive heart failure</span> <span style='color:#673AB7; font-size:14px;'>(<b>Personal History</b>)</span></li><li><span style='color:#C2185B;' data-toggle='tooltip' data-html='true' title='Acute Symptoms'>who presents for follow up of abnormal labs.</span> <span style='color:#C2185B; font-size:14px;'>(<b>Acute Symptoms</b>)</span></li><li><span style='color:#F44336;' data-toggle='tooltip' data-html='true' title='Lab Examination'>1. Abnormal labs.\n- Medical Reasoning: Her recent hemoglobin level was low at 8.2</span> <span style='color:#F44336; font-size:14px;'>(<b>Lab Examination</b>)</span></li><li><span style='color:#D84315;' data-toggle='tooltip' data-html='true' title='Acute Assessment'> Her available anemia labs were normal</span> <span style='color:#D84315; font-size:14px;'>(<b>Acute Assessment</b>)</span></li><li><span style='color:#F44336;' data-toggle='tooltip' data-html='true' title='Lab Examination'>but we need to wait for her pending labs for a definitive anemia diagnosis.</span> <span style='color:#F44336; font-size:14px;'>(<b>Lab Examination</b>)</span></li><li><span style='color:#689F38;' data-toggle='tooltip' data-html='true' title='Reassessment'>2. COPD.\n- Medical Reasoning: The patient is doing well.</span> <span style='color:#689F38; font-size:14px;'>(<b>Reassessment</b>)</span></li><li><span style='color:#009688;' data-toggle='tooltip' data-html='true' title='Drug History'>She ceased tobacco use several years ago and continues to abstain from this.</span> <span style='color:#009688; font-size:14px;'>(<b>Drug History</b>)</span></li><li><span style='color:#D84315;' data-toggle='tooltip' data-html='true' title='Acute Assessment'>3. Congestive heart failure.\n- Medical Reasoning: She is doing well</span> <span style='color:#D84315; font-size:14px;'>(<b>Acute Assessment</b>)</span></li><li><span style='color:#673AB7;' data-toggle='tooltip' data-html='true' title='Personal History'>and continues to follow dietary modifications, particularly with limiting her sodium intake.</span> <span style='color:#673AB7; font-size:14px;'>(<b>Personal History</b>)</span></li></ol>""}"
10491,3,"Evelyn Morris is a 56-year-old female with a past medical history significant for coronary artery disease, prior carpal tunnel release, and a herniated disc. She presents for her annual exam.

Status post right carpal tunnel release.
- Medical Reasoning: The patient is doing well postoperatively. She has returned to work and denies any recurrent symptoms.

Herniated disc.
â¢ Medical Reasoning: She has been asymptomatic since receiving a steroid injection several months ago. I do not think we need to refer her for any further steroid injections or physical therapy at this time.

Coronary artery disease.
â¢ Medical Reasoning: She reports a burning chest pain with exertion approximately 3 times per week for the past month. Her recent echocardiogram demonstrated a reduced ejection fraction of 45%.",2025-06-24T09:30:22.429630Z,D2N171,10995,"[{""start"":0,""end"":37,""text"":""Evelyn Morris is a 56-year-old female"",""labels"":[""Personal Information""]},{""start"":38,""end"":156,""text"":""with a past medical history significant for coronary artery disease, prior carpal tunnel release, and a herniated disc"",""labels"":[""Personal History""]},{""start"":158,""end"":191,""text"":""She presents for her annual exam."",""labels"":[""Acute Symptoms""]},{""start"":193,""end"":296,""text"":""Status post right carpal tunnel release.\\n- Medical Reasoning: The patient is doing well postoperatively"",""labels"":[""Reassessment""]},{""start"":298,""end"":357,""text"":""She has returned to work and denies any recurrent symptoms."",""labels"":[""Personal History""]},{""start"":359,""end"":584,""text"":""Herniated disc.\\nâ¢ Medical Reasoning: She has been asymptomatic since receiving a steroid injection several months ago. I do not think we need to refer her for any further steroid injections or physical therapy at this time.\\n"",""labels"":[""Reassessment""]},{""start"":586,""end"":731,""text"":""Coronary artery disease.\\nâ¢ Medical Reasoning: She reports a burning chest pain with exertion approximately 3 times per week for the past month."",""labels"":[""Reassessment""]},{""start"":732,""end"":806,""text"":""Her recent echocardiogram demonstrated a reduced ejection fraction of 45%."",""labels"":[""Reassessment""]}]",182.844,ASSESSMENT,D2N171_2,2025-06-24T09:30:22.429710Z,"{""Intent"": ""<b>ASSESSMENT</b><br><span style='color:#D84315; font-size:15px; margin-right:10px;'>Acute Assessment</span><span style='color:#689F38; font-size:15px; margin-right:10px;'>Reassessment</span><span style='color:#1E88E5; font-size:15px; margin-right:10px;'>Medications</span><span style='color:#9C27B0; font-size:15px; margin-right:10px;'>Diagnostic Testing</span><span style='color:#F06292; font-size:15px; margin-right:10px;'>Other Treatments</span><span style='color:#00897B; font-size:15px; margin-right:10px;'>Follow-up</span><span style='color:#C62828; font-size:15px; margin-right:10px;'>Discussion</span><span style='color:#6A1B9A; font-size:15px; margin-right:10px;'>Referral</span><span style='color:#C2185B; font-size:15px; margin-right:10px;'>Acute Symptoms</span><span style='color:#0288D1; font-size:15px; margin-right:10px;'>Personal Information</span><span style='color:#673AB7; font-size:15px; margin-right:10px;'>Personal History</span><span style='color:#EF6C00; font-size:15px; margin-right:10px;'>Family History</span><span style='color:#009688; font-size:15px; margin-right:10px;'>Drug History</span><span style='color:#303F9F; font-size:15px; margin-right:10px;'>Theraputic History</span><span style='color:#E91E63; font-size:15px; margin-right:10px;'>Vegetative History</span><span style='color:#26C6DA; font-size:15px; margin-right:10px;'>Other Social</span><span style='color:#00796B; font-size:15px; margin-right:10px;'>Physical Examination</span><span style='color:#5D4037; font-size:15px; margin-right:10px;'>Radiology Examination</span><span style='color:#F44336; font-size:15px; margin-right:10px;'>Lab Examination</span>"", ""Note"": ""<ol><li><span style='color:#0288D1;' data-toggle='tooltip' data-html='true' title='Personal Information'>Evelyn Morris is a 56-year-old female</span> <span style='color:#0288D1; font-size:14px;'>(<b>Personal Information</b>)</span></li><li><span style='color:#673AB7;' data-toggle='tooltip' data-html='true' title='Personal History'>with a past medical history significant for coronary artery disease, prior carpal tunnel release, and a herniated disc</span> <span style='color:#673AB7; font-size:14px;'>(<b>Personal History</b>)</span></li><li><span style='color:#C2185B;' data-toggle='tooltip' data-html='true' title='Acute Symptoms'>She presents for her annual exam.</span> <span style='color:#C2185B; font-size:14px;'>(<b>Acute Symptoms</b>)</span></li><li><span style='color:#689F38;' data-toggle='tooltip' data-html='true' title='Reassessment'>Status post right carpal tunnel release.\n- Medical Reasoning: The patient is doing well postoperatively</span> <span style='color:#689F38; font-size:14px;'>(<b>Reassessment</b>)</span></li><li><span style='color:#673AB7;' data-toggle='tooltip' data-html='true' title='Personal History'>She has returned to work and denies any recurrent symptoms.</span> <span style='color:#673AB7; font-size:14px;'>(<b>Personal History</b>)</span></li><li><span style='color:#689F38;' data-toggle='tooltip' data-html='true' title='Reassessment'>Herniated disc.\nâ¢ Medical Reasoning: She has been asymptomatic since receiving a steroid injection several months ago. I do not think we need to refer her for any further steroid injections or physical therapy at this time.</span> <span style='color:#689F38; font-size:14px;'>(<b>Reassessment</b>)</span></li><li><span style='color:#689F38;' data-toggle='tooltip' data-html='true' title='Reassessment'>Coronary artery disease.\nâ¢ Medical Reasoning: She reports a burning chest pain with exertion approximately 3 times per week for the past month.</span> <span style='color:#689F38; font-size:14px;'>(<b>Reassessment</b>)</span></li><li><span style='color:#689F38;' data-toggle='tooltip' data-html='true' title='Reassessment'>Her recent echocardiogram demonstrated a reduced ejection fraction of 45%.</span> <span style='color:#689F38; font-size:14px;'>(<b>Reassessment</b>)</span></li></ol>""}"
10493,3,"Roy Sanchez is a 50-year-old male who comes in with a history of depression and high blood pressure. He presents today for abnormal labs.

Hypertension.
- Medical Reasoning: Blood pressure is well controlled at this time.

Depression.
â¢ Medical Reasoning: He is doing well with Zoloft 50 mg daily.",2025-06-24T09:32:11.879111Z,D2N172,10996,"[{""start"":0,""end"":46,""text"":""Roy Sanchez is a 50-year-old male who comes in"",""labels"":[""Personal Information""]},{""start"":47,""end"":99,""text"":""with a history of depression and high blood pressure"",""labels"":[""Personal History""]},{""start"":101,""end"":137,""text"":""He presents today for abnormal labs."",""labels"":[""Acute Symptoms""]},{""start"":139,""end"":221,""text"":""Hypertension.\\n- Medical Reasoning: Blood pressure is well controlled at this time."",""labels"":[""Reassessment""]},{""start"":223,""end"":274,""text"":""Depression.\\nâ¢ Medical Reasoning: He is doing well"",""labels"":[""Reassessment""]},{""start"":275,""end"":299,""text"":""with Zoloft 50 mg daily."",""labels"":[""Theraputic History""]}]",105.605,ASSESSMENT,D2N172_2,2025-06-24T09:32:11.879188Z,"{""Intent"": ""<b>ASSESSMENT</b><br><span style='color:#D84315; font-size:15px; margin-right:10px;'>Acute Assessment</span><span style='color:#689F38; font-size:15px; margin-right:10px;'>Reassessment</span><span style='color:#1E88E5; font-size:15px; margin-right:10px;'>Medications</span><span style='color:#9C27B0; font-size:15px; margin-right:10px;'>Diagnostic Testing</span><span style='color:#F06292; font-size:15px; margin-right:10px;'>Other Treatments</span><span style='color:#00897B; font-size:15px; margin-right:10px;'>Follow-up</span><span style='color:#C62828; font-size:15px; margin-right:10px;'>Discussion</span><span style='color:#6A1B9A; font-size:15px; margin-right:10px;'>Referral</span><span style='color:#C2185B; font-size:15px; margin-right:10px;'>Acute Symptoms</span><span style='color:#0288D1; font-size:15px; margin-right:10px;'>Personal Information</span><span style='color:#673AB7; font-size:15px; margin-right:10px;'>Personal History</span><span style='color:#EF6C00; font-size:15px; margin-right:10px;'>Family History</span><span style='color:#009688; font-size:15px; margin-right:10px;'>Drug History</span><span style='color:#303F9F; font-size:15px; margin-right:10px;'>Theraputic History</span><span style='color:#E91E63; font-size:15px; margin-right:10px;'>Vegetative History</span><span style='color:#26C6DA; font-size:15px; margin-right:10px;'>Other Social</span><span style='color:#00796B; font-size:15px; margin-right:10px;'>Physical Examination</span><span style='color:#5D4037; font-size:15px; margin-right:10px;'>Radiology Examination</span><span style='color:#F44336; font-size:15px; margin-right:10px;'>Lab Examination</span>"", ""Note"": ""<ol><li><span style='color:#0288D1;' data-toggle='tooltip' data-html='true' title='Personal Information'>Roy Sanchez is a 50-year-old male who comes in</span> <span style='color:#0288D1; font-size:14px;'>(<b>Personal Information</b>)</span></li><li><span style='color:#673AB7;' data-toggle='tooltip' data-html='true' title='Personal History'>with a history of depression and high blood pressure</span> <span style='color:#673AB7; font-size:14px;'>(<b>Personal History</b>)</span></li><li><span style='color:#C2185B;' data-toggle='tooltip' data-html='true' title='Acute Symptoms'>He presents today for abnormal labs.</span> <span style='color:#C2185B; font-size:14px;'>(<b>Acute Symptoms</b>)</span></li><li><span style='color:#689F38;' data-toggle='tooltip' data-html='true' title='Reassessment'>Hypertension.\n- Medical Reasoning: Blood pressure is well controlled at this time.</span> <span style='color:#689F38; font-size:14px;'>(<b>Reassessment</b>)</span></li><li><span style='color:#689F38;' data-toggle='tooltip' data-html='true' title='Reassessment'>Depression.\nâ¢ Medical Reasoning: He is doing well</span> <span style='color:#689F38; font-size:14px;'>(<b>Reassessment</b>)</span></li><li><span style='color:#303F9F;' data-toggle='tooltip' data-html='true' title='Theraputic History'>with Zoloft 50 mg daily.</span> <span style='color:#303F9F; font-size:14px;'>(<b>Theraputic History</b>)</span></li></ol>""}"
10496,3,"Logan Harris is a 57-year-old male with a past medical history significant for coronary artery bypass grafting, hyperlipidemia, and OCD who presents today for upper respiratory symptoms.

COVID-19 Positive.
- Medical Reasoning: The patient presents with upper respiratory symptoms and his COVID-19 test was positive today. He has received both doses of the vaccination. His symptoms seem to be very mild at this time. His oxygenation is good at 96%.

Hypercholesterolemia.
â¢ Medical Reasoning: He is doing well on Crestor 20 mg once a day. His cholesterol looked good on his most recent lipid panel.

History of coronary artery bypass grafting.
â¢ Medical Reasoning: He underwent coronary artery bypass grafting approximately 1 year ago. His coronary artery disease seems to be under control currently. He denies chest pain.",2025-06-24T09:36:51.434154Z,D2N173,10997,"[{""start"":0,""end"":34,""text"":""Logan Harris is a 57-year-old male"",""labels"":[""Personal Information""]},{""start"":35,""end"":135,""text"":""with a past medical history significant for coronary artery bypass grafting, hyperlipidemia, and OCD"",""labels"":[""Personal History""]},{""start"":136,""end"":186,""text"":""who presents today for upper respiratory symptoms."",""labels"":[""Acute Symptoms""]},{""start"":188,""end"":321,""text"":""COVID-19 Positive.\\n- Medical Reasoning: The patient presents with upper respiratory symptoms and his COVID-19 test was positive today"",""labels"":[""Acute Assessment""]},{""start"":323,""end"":368,""text"":""He has received both doses of the vaccination"",""labels"":[""Theraputic History""]},{""start"":370,""end"":416,""text"":""His symptoms seem to be very mild at this time"",""labels"":[""Acute Symptoms""]},{""start"":418,""end"":449,""text"":""His oxygenation is good at 96%."",""labels"":[""Acute Symptoms""]},{""start"":451,""end"":512,""text"":""Hypercholesterolemia.\\nâ¢ Medical Reasoning: He is doing well"",""labels"":[""Reassessment""]},{""start"":513,""end"":540,""text"":""on Crestor 20 mg once a day"",""labels"":[""Theraputic History""]},{""start"":542,""end"":601,""text"":""His cholesterol looked good on his most recent lipid panel."",""labels"":[""Reassessment""]},{""start"":603,""end"":740,""text"":""History of coronary artery bypass grafting.\\nâ¢ Medical Reasoning: He underwent coronary artery bypass grafting approximately 1 year ago."",""labels"":[""Personal History""]},{""start"":741,""end"":804,""text"":""His coronary artery disease seems to be under control currently"",""labels"":[""Reassessment""]},{""start"":806,""end"":827,""text"":""He denies chest pain."",""labels"":[""Acute Assessment""]}]",248.055,ASSESSMENT,D2N173_2,2025-06-24T09:36:51.434267Z,"{""Intent"": ""<b>ASSESSMENT</b><br><span style='color:#D84315; font-size:15px; margin-right:10px;'>Acute Assessment</span><span style='color:#689F38; font-size:15px; margin-right:10px;'>Reassessment</span><span style='color:#1E88E5; font-size:15px; margin-right:10px;'>Medications</span><span style='color:#9C27B0; font-size:15px; margin-right:10px;'>Diagnostic Testing</span><span style='color:#F06292; font-size:15px; margin-right:10px;'>Other Treatments</span><span style='color:#00897B; font-size:15px; margin-right:10px;'>Follow-up</span><span style='color:#C62828; font-size:15px; margin-right:10px;'>Discussion</span><span style='color:#6A1B9A; font-size:15px; margin-right:10px;'>Referral</span><span style='color:#C2185B; font-size:15px; margin-right:10px;'>Acute Symptoms</span><span style='color:#0288D1; font-size:15px; margin-right:10px;'>Personal Information</span><span style='color:#673AB7; font-size:15px; margin-right:10px;'>Personal History</span><span style='color:#EF6C00; font-size:15px; margin-right:10px;'>Family History</span><span style='color:#009688; font-size:15px; margin-right:10px;'>Drug History</span><span style='color:#303F9F; font-size:15px; margin-right:10px;'>Theraputic History</span><span style='color:#E91E63; font-size:15px; margin-right:10px;'>Vegetative History</span><span style='color:#26C6DA; font-size:15px; margin-right:10px;'>Other Social</span><span style='color:#00796B; font-size:15px; margin-right:10px;'>Physical Examination</span><span style='color:#5D4037; font-size:15px; margin-right:10px;'>Radiology Examination</span><span style='color:#F44336; font-size:15px; margin-right:10px;'>Lab Examination</span>"", ""Note"": ""<ol><li><span style='color:#0288D1;' data-toggle='tooltip' data-html='true' title='Personal Information'>Logan Harris is a 57-year-old male</span> <span style='color:#0288D1; font-size:14px;'>(<b>Personal Information</b>)</span></li><li><span style='color:#673AB7;' data-toggle='tooltip' data-html='true' title='Personal History'>with a past medical history significant for coronary artery bypass grafting, hyperlipidemia, and OCD</span> <span style='color:#673AB7; font-size:14px;'>(<b>Personal History</b>)</span></li><li><span style='color:#C2185B;' data-toggle='tooltip' data-html='true' title='Acute Symptoms'>who presents today for upper respiratory symptoms.</span> <span style='color:#C2185B; font-size:14px;'>(<b>Acute Symptoms</b>)</span></li><li><span style='color:#D84315;' data-toggle='tooltip' data-html='true' title='Acute Assessment'>COVID-19 Positive.\n- Medical Reasoning: The patient presents with upper respiratory symptoms and his COVID-19 test was positive today</span> <span style='color:#D84315; font-size:14px;'>(<b>Acute Assessment</b>)</span></li><li><span style='color:#303F9F;' data-toggle='tooltip' data-html='true' title='Theraputic History'>He has received both doses of the vaccination</span> <span style='color:#303F9F; font-size:14px;'>(<b>Theraputic History</b>)</span></li><li><span style='color:#C2185B;' data-toggle='tooltip' data-html='true' title='Acute Symptoms'>His symptoms seem to be very mild at this time</span> <span style='color:#C2185B; font-size:14px;'>(<b>Acute Symptoms</b>)</span></li><li><span style='color:#C2185B;' data-toggle='tooltip' data-html='true' title='Acute Symptoms'>His oxygenation is good at 96%.</span> <span style='color:#C2185B; font-size:14px;'>(<b>Acute Symptoms</b>)</span></li><li><span style='color:#689F38;' data-toggle='tooltip' data-html='true' title='Reassessment'>Hypercholesterolemia.\nâ¢ Medical Reasoning: He is doing well</span> <span style='color:#689F38; font-size:14px;'>(<b>Reassessment</b>)</span></li><li><span style='color:#303F9F;' data-toggle='tooltip' data-html='true' title='Theraputic History'>on Crestor 20 mg once a day</span> <span style='color:#303F9F; font-size:14px;'>(<b>Theraputic History</b>)</span></li><li><span style='color:#689F38;' data-toggle='tooltip' data-html='true' title='Reassessment'>His cholesterol looked good on his most recent lipid panel.</span> <span style='color:#689F38; font-size:14px;'>(<b>Reassessment</b>)</span></li><li><span style='color:#673AB7;' data-toggle='tooltip' data-html='true' title='Personal History'>History of coronary artery bypass grafting.\nâ¢ Medical Reasoning: He underwent coronary artery bypass grafting approximately 1 year ago.</span> <span style='color:#673AB7; font-size:14px;'>(<b>Personal History</b>)</span></li><li><span style='color:#689F38;' data-toggle='tooltip' data-html='true' title='Reassessment'>His coronary artery disease seems to be under control currently</span> <span style='color:#689F38; font-size:14px;'>(<b>Reassessment</b>)</span></li><li><span style='color:#D84315;' data-toggle='tooltip' data-html='true' title='Acute Assessment'>He denies chest pain.</span> <span style='color:#D84315; font-size:14px;'>(<b>Acute Assessment</b>)</span></li></ol>""}"
10498,3,"Mr. James Moore is a 57-year-old male with a past medical history significant for coronary artery disease and lupus, who presents today with some joint pain.

Lupus.
- Medical Reasoning: This has been stable and asymptomatic for the past year, but the patient reports increased joint pain and inflammation in his bilateral knees lately. âHis recent knee x-ray was unremarkable, so I am concerned that this is a lupus flare.

Coronary artery disease.
â¢ Medical Reasoning: He is asymptomatic at this time. He has discontinued Plavix but continues with daily aspirin and Crestor. His recent EKG was unremarkable.",2025-06-24T09:39:13.209384Z,D2N174,10998,"[{""start"":0,""end"":37,""text"":""Mr. James Moore is a 57-year-old male"",""labels"":[""Personal Information""]},{""start"":38,""end"":115,""text"":""with a past medical history significant for coronary artery disease and lupus"",""labels"":[""Personal History""]},{""start"":117,""end"":157,""text"":""who presents today with some joint pain."",""labels"":[""Acute Symptoms""]},{""start"":159,""end"":242,""text"":""Lupus.\\n- Medical Reasoning: This has been stable and asymptomatic for the past year"",""labels"":[""Personal History""]},{""start"":243,""end"":335,""text"":"" but the patient reports increased joint pain and inflammation in his bilateral knees lately"",""labels"":[""Acute Symptoms""]},{""start"":336,""end"":378,""text"":"" âHis recent knee x-ray was unremarkable"",""labels"":[""Radiology Examination""]},{""start"":427,""end"":506,""text"":""Coronary artery disease.\\nâ¢ Medical Reasoning: He is asymptomatic at this time"",""labels"":[""Reassessment""]},{""start"":508,""end"":580,""text"":""He has discontinued Plavix but continues with daily aspirin and Crestor."",""labels"":[""Medications""]},{""start"":581,""end"":613,""text"":""His recent EKG was unremarkable."",""labels"":[""Radiology Examination""]},{""start"":380,""end"":425,""text"":""so I am concerned that this is a lupus flare."",""labels"":[""Acute Assessment""]}]",159.865,ASSESSMENT,D2N174_2,2025-06-25T13:50:55.179676Z,"{""Intent"": ""<b>ASSESSMENT</b><br><span style='color:#D84315; font-size:15px; margin-right:10px;'>Acute Assessment</span><span style='color:#689F38; font-size:15px; margin-right:10px;'>Reassessment</span><span style='color:#1E88E5; font-size:15px; margin-right:10px;'>Medications</span><span style='color:#9C27B0; font-size:15px; margin-right:10px;'>Diagnostic Testing</span><span style='color:#F06292; font-size:15px; margin-right:10px;'>Other Treatments</span><span style='color:#00897B; font-size:15px; margin-right:10px;'>Follow-up</span><span style='color:#C62828; font-size:15px; margin-right:10px;'>Discussion</span><span style='color:#6A1B9A; font-size:15px; margin-right:10px;'>Referral</span><span style='color:#C2185B; font-size:15px; margin-right:10px;'>Acute Symptoms</span><span style='color:#0288D1; font-size:15px; margin-right:10px;'>Personal Information</span><span style='color:#673AB7; font-size:15px; margin-right:10px;'>Personal History</span><span style='color:#EF6C00; font-size:15px; margin-right:10px;'>Family History</span><span style='color:#009688; font-size:15px; margin-right:10px;'>Drug History</span><span style='color:#303F9F; font-size:15px; margin-right:10px;'>Theraputic History</span><span style='color:#E91E63; font-size:15px; margin-right:10px;'>Vegetative History</span><span style='color:#26C6DA; font-size:15px; margin-right:10px;'>Other Social</span><span style='color:#00796B; font-size:15px; margin-right:10px;'>Physical Examination</span><span style='color:#5D4037; font-size:15px; margin-right:10px;'>Radiology Examination</span><span style='color:#F44336; font-size:15px; margin-right:10px;'>Lab Examination</span>"", ""Note"": ""<ol><li><span style='color:#0288D1;' data-toggle='tooltip' data-html='true' title='Personal Information'>Mr. James Moore is a 57-year-old male</span> <span style='color:#0288D1; font-size:14px;'>(<b>Personal Information</b>)</span></li><li><span style='color:#673AB7;' data-toggle='tooltip' data-html='true' title='Personal History'>with a past medical history significant for coronary artery disease and lupus</span> <span style='color:#673AB7; font-size:14px;'>(<b>Personal History</b>)</span></li><li><span style='color:#C2185B;' data-toggle='tooltip' data-html='true' title='Acute Symptoms'>who presents today with some joint pain.</span> <span style='color:#C2185B; font-size:14px;'>(<b>Acute Symptoms</b>)</span></li><li><span style='color:#673AB7;' data-toggle='tooltip' data-html='true' title='Personal History'>Lupus.\n- Medical Reasoning: This has been stable and asymptomatic for the past year</span> <span style='color:#673AB7; font-size:14px;'>(<b>Personal History</b>)</span></li><li><span style='color:#C2185B;' data-toggle='tooltip' data-html='true' title='Acute Symptoms'> but the patient reports increased joint pain and inflammation in his bilateral knees lately</span> <span style='color:#C2185B; font-size:14px;'>(<b>Acute Symptoms</b>)</span></li><li><span style='color:#5D4037;' data-toggle='tooltip' data-html='true' title='Radiology Examination'> âHis recent knee x-ray was unremarkable</span> <span style='color:#5D4037; font-size:14px;'>(<b>Radiology Examination</b>)</span></li><li><span style='color:#D84315;' data-toggle='tooltip' data-html='true' title='Acute Assessment'>so I am concerned that this is a lupus flare.</span> <span style='color:#D84315; font-size:14px;'>(<b>Acute Assessment</b>)</span></li><li><span style='color:#689F38;' data-toggle='tooltip' data-html='true' title='Reassessment'>Coronary artery disease.\nâ¢ Medical Reasoning: He is asymptomatic at this time</span> <span style='color:#689F38; font-size:14px;'>(<b>Reassessment</b>)</span></li><li><span style='color:#1E88E5;' data-toggle='tooltip' data-html='true' title='Medications'>He has discontinued Plavix but continues with daily aspirin and Crestor.</span> <span style='color:#1E88E5; font-size:14px;'>(<b>Medications</b>)</span></li><li><span style='color:#5D4037;' data-toggle='tooltip' data-html='true' title='Radiology Examination'>His recent EKG was unremarkable.</span> <span style='color:#5D4037; font-size:14px;'>(<b>Radiology Examination</b>)</span></li></ol>""}"
10500,3,"Natalie Price is a 39-year-old female with a history of high blood pressure, diabetes type 2, and right ACL repair. She presents today for evaluation following abnormal labs.

Diabetes type 2.
- Medical Reasoning: She is asymptomatic but her recent lab work demonstrated an elevated hemoglobin A1c of 8.1. She has been compliant with metformin 1000 mg daily, dietary modifications, and monitoring her blood glucose levels at home.

Hypertension.
â¢ Medical Reasoning: This is stable and well-controlled on her current dose of lisinopril. She does monitor her blood pressures at home.

Status post right ACL repair.
â¢ Medical Reasoning: She is doing well postoperatively.",2025-06-24T09:41:17.454268Z,D2N175,10999,"[{""start"":0,""end"":37,""text"":""Natalie Price is a 39-year-old female"",""labels"":[""Personal Information""]},{""start"":38,""end"":114,""text"":""with a history of high blood pressure, diabetes type 2, and right ACL repair"",""labels"":[""Personal History""]},{""start"":116,""end"":174,""text"":""She presents today for evaluation following abnormal labs.\\n"",""labels"":[""Acute Symptoms""]},{""start"":176,""end"":304,""text"":""Diabetes type 2.\\n- Medical Reasoning: She is asymptomatic but her recent lab work demonstrated an elevated hemoglobin A1c of 8.1"",""labels"":[""Reassessment""]},{""start"":306,""end"":357,""text"":""She has been compliant with metformin 1000 mg daily"",""labels"":[""Theraputic History""]},{""start"":359,""end"":430,""text"":""dietary modifications, and monitoring her blood glucose levels at home."",""labels"":[""Personal History""]},{""start"":432,""end"":503,""text"":""Hypertension.\\nâ¢ Medical Reasoning: This is stable and well-controlled"",""labels"":[""Reassessment""]},{""start"":504,""end"":537,""text"":""on her current dose of lisinopril"",""labels"":[""Theraputic History""]},{""start"":539,""end"":584,""text"":""She does monitor her blood pressures at home."",""labels"":[""Personal History""]},{""start"":586,""end"":673,""text"":""Status post right ACL repair.\\nâ¢ Medical Reasoning: She is doing well postoperatively."",""labels"":[""Reassessment""]}]",121.874,ASSESSMENT,D2N175_2,2025-06-24T09:41:17.454319Z,"{""Intent"": ""<b>ASSESSMENT</b><br><span style='color:#D84315; font-size:15px; margin-right:10px;'>Acute Assessment</span><span style='color:#689F38; font-size:15px; margin-right:10px;'>Reassessment</span><span style='color:#1E88E5; font-size:15px; margin-right:10px;'>Medications</span><span style='color:#9C27B0; font-size:15px; margin-right:10px;'>Diagnostic Testing</span><span style='color:#F06292; font-size:15px; margin-right:10px;'>Other Treatments</span><span style='color:#00897B; font-size:15px; margin-right:10px;'>Follow-up</span><span style='color:#C62828; font-size:15px; margin-right:10px;'>Discussion</span><span style='color:#6A1B9A; font-size:15px; margin-right:10px;'>Referral</span><span style='color:#C2185B; font-size:15px; margin-right:10px;'>Acute Symptoms</span><span style='color:#0288D1; font-size:15px; margin-right:10px;'>Personal Information</span><span style='color:#673AB7; font-size:15px; margin-right:10px;'>Personal History</span><span style='color:#EF6C00; font-size:15px; margin-right:10px;'>Family History</span><span style='color:#009688; font-size:15px; margin-right:10px;'>Drug History</span><span style='color:#303F9F; font-size:15px; margin-right:10px;'>Theraputic History</span><span style='color:#E91E63; font-size:15px; margin-right:10px;'>Vegetative History</span><span style='color:#26C6DA; font-size:15px; margin-right:10px;'>Other Social</span><span style='color:#00796B; font-size:15px; margin-right:10px;'>Physical Examination</span><span style='color:#5D4037; font-size:15px; margin-right:10px;'>Radiology Examination</span><span style='color:#F44336; font-size:15px; margin-right:10px;'>Lab Examination</span>"", ""Note"": ""<ol><li><span style='color:#0288D1;' data-toggle='tooltip' data-html='true' title='Personal Information'>Natalie Price is a 39-year-old female</span> <span style='color:#0288D1; font-size:14px;'>(<b>Personal Information</b>)</span></li><li><span style='color:#673AB7;' data-toggle='tooltip' data-html='true' title='Personal History'>with a history of high blood pressure, diabetes type 2, and right ACL repair</span> <span style='color:#673AB7; font-size:14px;'>(<b>Personal History</b>)</span></li><li><span style='color:#C2185B;' data-toggle='tooltip' data-html='true' title='Acute Symptoms'>She presents today for evaluation following abnormal labs.</span> <span style='color:#C2185B; font-size:14px;'>(<b>Acute Symptoms</b>)</span></li><li><span style='color:#689F38;' data-toggle='tooltip' data-html='true' title='Reassessment'>Diabetes type 2.\n- Medical Reasoning: She is asymptomatic but her recent lab work demonstrated an elevated hemoglobin A1c of 8.1</span> <span style='color:#689F38; font-size:14px;'>(<b>Reassessment</b>)</span></li><li><span style='color:#303F9F;' data-toggle='tooltip' data-html='true' title='Theraputic History'>She has been compliant with metformin 1000 mg daily</span> <span style='color:#303F9F; font-size:14px;'>(<b>Theraputic History</b>)</span></li><li><span style='color:#673AB7;' data-toggle='tooltip' data-html='true' title='Personal History'>dietary modifications, and monitoring her blood glucose levels at home.</span> <span style='color:#673AB7; font-size:14px;'>(<b>Personal History</b>)</span></li><li><span style='color:#689F38;' data-toggle='tooltip' data-html='true' title='Reassessment'>Hypertension.\nâ¢ Medical Reasoning: This is stable and well-controlled</span> <span style='color:#689F38; font-size:14px;'>(<b>Reassessment</b>)</span></li><li><span style='color:#303F9F;' data-toggle='tooltip' data-html='true' title='Theraputic History'>on her current dose of lisinopril</span> <span style='color:#303F9F; font-size:14px;'>(<b>Theraputic History</b>)</span></li><li><span style='color:#673AB7;' data-toggle='tooltip' data-html='true' title='Personal History'>She does monitor her blood pressures at home.</span> <span style='color:#673AB7; font-size:14px;'>(<b>Personal History</b>)</span></li><li><span style='color:#689F38;' data-toggle='tooltip' data-html='true' title='Reassessment'>Status post right ACL repair.\nâ¢ Medical Reasoning: She is doing well postoperatively.</span> <span style='color:#689F38; font-size:14px;'>(<b>Reassessment</b>)</span></li></ol>""}"
10502,3,"Alexander Myers is a 62-year-old male with a past medical history significant for acid reflux. He presents today for follow up of his chronic problems.

Acid reflux.
- Medical Reasoning: This is well controlled on Protonix and dietary modifications.",2025-06-24T09:45:39.170309Z,D2N176,11000,"[{""start"":0,""end"":37,""text"":""Alexander Myers is a 62-year-old male"",""labels"":[""Personal Information""]},{""start"":38,""end"":93,""text"":""with a past medical history significant for acid reflux"",""labels"":[""Personal History""]},{""start"":95,""end"":151,""text"":""He presents today for follow up of his chronic problems."",""labels"":[""Acute Symptoms""]},{""start"":153,""end"":210,""text"":""Acid reflux.\\n- Medical Reasoning: This is well controlled"",""labels"":[""Reassessment""]},{""start"":211,""end"":226,""text"":""on Protonix and"",""labels"":[""Theraputic History""]},{""start"":227,""end"":248,""text"":""dietary modifications"",""labels"":[""Personal History""]}]",259.005,ASSESSMENT,D2N176_2,2025-06-24T09:45:39.170387Z,"{""Intent"": ""<b>ASSESSMENT</b><br><span style='color:#D84315; font-size:15px; margin-right:10px;'>Acute Assessment</span><span style='color:#689F38; font-size:15px; margin-right:10px;'>Reassessment</span><span style='color:#1E88E5; font-size:15px; margin-right:10px;'>Medications</span><span style='color:#9C27B0; font-size:15px; margin-right:10px;'>Diagnostic Testing</span><span style='color:#F06292; font-size:15px; margin-right:10px;'>Other Treatments</span><span style='color:#00897B; font-size:15px; margin-right:10px;'>Follow-up</span><span style='color:#C62828; font-size:15px; margin-right:10px;'>Discussion</span><span style='color:#6A1B9A; font-size:15px; margin-right:10px;'>Referral</span><span style='color:#C2185B; font-size:15px; margin-right:10px;'>Acute Symptoms</span><span style='color:#0288D1; font-size:15px; margin-right:10px;'>Personal Information</span><span style='color:#673AB7; font-size:15px; margin-right:10px;'>Personal History</span><span style='color:#EF6C00; font-size:15px; margin-right:10px;'>Family History</span><span style='color:#009688; font-size:15px; margin-right:10px;'>Drug History</span><span style='color:#303F9F; font-size:15px; margin-right:10px;'>Theraputic History</span><span style='color:#E91E63; font-size:15px; margin-right:10px;'>Vegetative History</span><span style='color:#26C6DA; font-size:15px; margin-right:10px;'>Other Social</span><span style='color:#00796B; font-size:15px; margin-right:10px;'>Physical Examination</span><span style='color:#5D4037; font-size:15px; margin-right:10px;'>Radiology Examination</span><span style='color:#F44336; font-size:15px; margin-right:10px;'>Lab Examination</span>"", ""Note"": ""<ol><li><span style='color:#0288D1;' data-toggle='tooltip' data-html='true' title='Personal Information'>Alexander Myers is a 62-year-old male</span> <span style='color:#0288D1; font-size:14px;'>(<b>Personal Information</b>)</span></li><li><span style='color:#673AB7;' data-toggle='tooltip' data-html='true' title='Personal History'>with a past medical history significant for acid reflux</span> <span style='color:#673AB7; font-size:14px;'>(<b>Personal History</b>)</span></li><li><span style='color:#C2185B;' data-toggle='tooltip' data-html='true' title='Acute Symptoms'>He presents today for follow up of his chronic problems.</span> <span style='color:#C2185B; font-size:14px;'>(<b>Acute Symptoms</b>)</span></li><li><span style='color:#689F38;' data-toggle='tooltip' data-html='true' title='Reassessment'>Acid reflux.\n- Medical Reasoning: This is well controlled</span> <span style='color:#689F38; font-size:14px;'>(<b>Reassessment</b>)</span></li><li><span style='color:#303F9F;' data-toggle='tooltip' data-html='true' title='Theraputic History'>on Protonix and</span> <span style='color:#303F9F; font-size:14px;'>(<b>Theraputic History</b>)</span></li><li><span style='color:#673AB7;' data-toggle='tooltip' data-html='true' title='Personal History'>dietary modifications</span> <span style='color:#673AB7; font-size:14px;'>(<b>Personal History</b>)</span></li></ol>""}"
10504,3,"ASSESSMENT

Bruce Howard is a 60-year-old male with a past medical history significant for depression, type 2 diabetes, and hypertension who presents for follow up of his chronic problems.",2025-06-24T09:46:28.843852Z,D2N177,11001,"[{""start"":12,""end"":46,""text"":""Bruce Howard is a 60-year-old male"",""labels"":[""Personal Information""]},{""start"":47,""end"":136,""text"":""with a past medical history significant for depression, type 2 diabetes, and hypertension"",""labels"":[""Personal History""]},{""start"":137,""end"":187,""text"":""who presents for follow up of his chronic problems"",""labels"":[""Acute Symptoms""]}]",46.573,ASSESSMENT,D2N177_2,2025-06-24T09:46:28.843928Z,"{""Intent"": ""<b>ASSESSMENT</b><br><span style='color:#D84315; font-size:15px; margin-right:10px;'>Acute Assessment</span><span style='color:#689F38; font-size:15px; margin-right:10px;'>Reassessment</span><span style='color:#1E88E5; font-size:15px; margin-right:10px;'>Medications</span><span style='color:#9C27B0; font-size:15px; margin-right:10px;'>Diagnostic Testing</span><span style='color:#F06292; font-size:15px; margin-right:10px;'>Other Treatments</span><span style='color:#00897B; font-size:15px; margin-right:10px;'>Follow-up</span><span style='color:#C62828; font-size:15px; margin-right:10px;'>Discussion</span><span style='color:#6A1B9A; font-size:15px; margin-right:10px;'>Referral</span><span style='color:#C2185B; font-size:15px; margin-right:10px;'>Acute Symptoms</span><span style='color:#0288D1; font-size:15px; margin-right:10px;'>Personal Information</span><span style='color:#673AB7; font-size:15px; margin-right:10px;'>Personal History</span><span style='color:#EF6C00; font-size:15px; margin-right:10px;'>Family History</span><span style='color:#009688; font-size:15px; margin-right:10px;'>Drug History</span><span style='color:#303F9F; font-size:15px; margin-right:10px;'>Theraputic History</span><span style='color:#E91E63; font-size:15px; margin-right:10px;'>Vegetative History</span><span style='color:#26C6DA; font-size:15px; margin-right:10px;'>Other Social</span><span style='color:#00796B; font-size:15px; margin-right:10px;'>Physical Examination</span><span style='color:#5D4037; font-size:15px; margin-right:10px;'>Radiology Examination</span><span style='color:#F44336; font-size:15px; margin-right:10px;'>Lab Examination</span>"", ""Note"": ""<ol><li><span style='color:#0288D1;' data-toggle='tooltip' data-html='true' title='Personal Information'>Bruce Howard is a 60-year-old male</span> <span style='color:#0288D1; font-size:14px;'>(<b>Personal Information</b>)</span></li><li><span style='color:#673AB7;' data-toggle='tooltip' data-html='true' title='Personal History'>with a past medical history significant for depression, type 2 diabetes, and hypertension</span> <span style='color:#673AB7; font-size:14px;'>(<b>Personal History</b>)</span></li><li><span style='color:#C2185B;' data-toggle='tooltip' data-html='true' title='Acute Symptoms'>who presents for follow up of his chronic problems</span> <span style='color:#C2185B; font-size:14px;'>(<b>Acute Symptoms</b>)</span></li></ol>""}"
10506,3,"ASSESSMENT

â¢ Type 2 diabetes mellitus.
â¢ Hypertension.
â¢ Hyperlipidemia.
â¢ Peripheral vascular disease.",2025-06-24T09:47:48.819501Z,D2N178,11002,"[{""start"":12,""end"":41,""text"":""â¢ Type 2 diabetes mellitus."",""labels"":[""Reassessment""]},{""start"":42,""end"":58,""text"":""â¢ Hypertension"",""labels"":[""Reassessment""]},{""start"":60,""end"":79,""text"":""â¢ Hyperlipidemia."",""labels"":[""Reassessment""]},{""start"":80,""end"":112,""text"":""â¢ Peripheral vascular disease."",""labels"":[""Reassessment""]}]",75.99,ASSESSMENT,D2N178_2,2025-06-24T09:47:48.819567Z,"{""Intent"": ""<b>ASSESSMENT</b><br><span style='color:#D84315; font-size:15px; margin-right:10px;'>Acute Assessment</span><span style='color:#689F38; font-size:15px; margin-right:10px;'>Reassessment</span><span style='color:#1E88E5; font-size:15px; margin-right:10px;'>Medications</span><span style='color:#9C27B0; font-size:15px; margin-right:10px;'>Diagnostic Testing</span><span style='color:#F06292; font-size:15px; margin-right:10px;'>Other Treatments</span><span style='color:#00897B; font-size:15px; margin-right:10px;'>Follow-up</span><span style='color:#C62828; font-size:15px; margin-right:10px;'>Discussion</span><span style='color:#6A1B9A; font-size:15px; margin-right:10px;'>Referral</span><span style='color:#C2185B; font-size:15px; margin-right:10px;'>Acute Symptoms</span><span style='color:#0288D1; font-size:15px; margin-right:10px;'>Personal Information</span><span style='color:#673AB7; font-size:15px; margin-right:10px;'>Personal History</span><span style='color:#EF6C00; font-size:15px; margin-right:10px;'>Family History</span><span style='color:#009688; font-size:15px; margin-right:10px;'>Drug History</span><span style='color:#303F9F; font-size:15px; margin-right:10px;'>Theraputic History</span><span style='color:#E91E63; font-size:15px; margin-right:10px;'>Vegetative History</span><span style='color:#26C6DA; font-size:15px; margin-right:10px;'>Other Social</span><span style='color:#00796B; font-size:15px; margin-right:10px;'>Physical Examination</span><span style='color:#5D4037; font-size:15px; margin-right:10px;'>Radiology Examination</span><span style='color:#F44336; font-size:15px; margin-right:10px;'>Lab Examination</span>"", ""Note"": ""<ol><li><span style='color:#689F38;' data-toggle='tooltip' data-html='true' title='Reassessment'>â¢ Type 2 diabetes mellitus.</span> <span style='color:#689F38; font-size:14px;'>(<b>Reassessment</b>)</span></li><li><span style='color:#689F38;' data-toggle='tooltip' data-html='true' title='Reassessment'>â¢ Hypertension</span> <span style='color:#689F38; font-size:14px;'>(<b>Reassessment</b>)</span></li><li><span style='color:#689F38;' data-toggle='tooltip' data-html='true' title='Reassessment'>â¢ Hyperlipidemia.</span> <span style='color:#689F38; font-size:14px;'>(<b>Reassessment</b>)</span></li><li><span style='color:#689F38;' data-toggle='tooltip' data-html='true' title='Reassessment'>â¢ Peripheral vascular disease.</span> <span style='color:#689F38; font-size:14px;'>(<b>Reassessment</b>)</span></li></ol>""}"
10508,3,"ASSESSMENT

â¢ Bilateral carpal tunnel syndrome
Mr. Cook is a 60-year-old male referred today for evaluation of numbness and tingling of both hands. His symptom presentation and exam findings today suggest this is bilateral carpal tunnel syndrome or, potentially, this could also be bilateral cubital tunnel syndrome.",2025-06-24T09:59:58.281623Z,D2N179,11003,"[{""start"":49,""end"":79,""text"":""Mr. Cook is a 60-year-old male"",""labels"":[""Personal Information""]},{""start"":80,""end"":148,""text"":""referred today for evaluation of numbness and tingling of both hands"",""labels"":[""Personal History""]},{""start"":150,""end"":318,""text"":""His symptom presentation and exam findings today suggest this is bilateral carpal tunnel syndrome or, potentially, this could also be bilateral cubital tunnel syndrome."",""labels"":[""Acute Assessment""]},{""start"":12,""end"":48,""text"":""â¢ Bilateral carpal tunnel syndrome"",""labels"":[""Acute Assessment""]}]",726.848,ASSESSMENT,D2N179_2,2025-06-24T09:59:58.281667Z,"{""Intent"": ""<b>ASSESSMENT</b><br><span style='color:#D84315; font-size:15px; margin-right:10px;'>Acute Assessment</span><span style='color:#689F38; font-size:15px; margin-right:10px;'>Reassessment</span><span style='color:#1E88E5; font-size:15px; margin-right:10px;'>Medications</span><span style='color:#9C27B0; font-size:15px; margin-right:10px;'>Diagnostic Testing</span><span style='color:#F06292; font-size:15px; margin-right:10px;'>Other Treatments</span><span style='color:#00897B; font-size:15px; margin-right:10px;'>Follow-up</span><span style='color:#C62828; font-size:15px; margin-right:10px;'>Discussion</span><span style='color:#6A1B9A; font-size:15px; margin-right:10px;'>Referral</span><span style='color:#C2185B; font-size:15px; margin-right:10px;'>Acute Symptoms</span><span style='color:#0288D1; font-size:15px; margin-right:10px;'>Personal Information</span><span style='color:#673AB7; font-size:15px; margin-right:10px;'>Personal History</span><span style='color:#EF6C00; font-size:15px; margin-right:10px;'>Family History</span><span style='color:#009688; font-size:15px; margin-right:10px;'>Drug History</span><span style='color:#303F9F; font-size:15px; margin-right:10px;'>Theraputic History</span><span style='color:#E91E63; font-size:15px; margin-right:10px;'>Vegetative History</span><span style='color:#26C6DA; font-size:15px; margin-right:10px;'>Other Social</span><span style='color:#00796B; font-size:15px; margin-right:10px;'>Physical Examination</span><span style='color:#5D4037; font-size:15px; margin-right:10px;'>Radiology Examination</span><span style='color:#F44336; font-size:15px; margin-right:10px;'>Lab Examination</span>"", ""Note"": ""<ol><li><span style='color:#D84315;' data-toggle='tooltip' data-html='true' title='Acute Assessment'>â¢ Bilateral carpal tunnel syndrome</span> <span style='color:#D84315; font-size:14px;'>(<b>Acute Assessment</b>)</span></li><li><span style='color:#0288D1;' data-toggle='tooltip' data-html='true' title='Personal Information'>Mr. Cook is a 60-year-old male</span> <span style='color:#0288D1; font-size:14px;'>(<b>Personal Information</b>)</span></li><li><span style='color:#673AB7;' data-toggle='tooltip' data-html='true' title='Personal History'>referred today for evaluation of numbness and tingling of both hands</span> <span style='color:#673AB7; font-size:14px;'>(<b>Personal History</b>)</span></li><li><span style='color:#D84315;' data-toggle='tooltip' data-html='true' title='Acute Assessment'>His symptom presentation and exam findings today suggest this is bilateral carpal tunnel syndrome or, potentially, this could also be bilateral cubital tunnel syndrome.</span> <span style='color:#D84315; font-size:14px;'>(<b>Acute Assessment</b>)</span></li></ol>""}"
10510,3,"ASSESSMENT

â¢ Bilateral carpal tunnel syndrome, question of bilateral cubital tunnel syndrome.",2025-06-24T10:11:57.696504Z,D2N180,11004,"[{""start"":12,""end"":96,""text"":""â¢ Bilateral carpal tunnel syndrome, question of bilateral cubital tunnel syndrome."",""labels"":[""Acute Assessment""]}]",717.237,ASSESSMENT,D2N180_2,2025-06-24T10:11:57.696567Z,"{""Intent"": ""<b>ASSESSMENT</b><br><span style='color:#D84315; font-size:15px; margin-right:10px;'>Acute Assessment</span><span style='color:#689F38; font-size:15px; margin-right:10px;'>Reassessment</span><span style='color:#1E88E5; font-size:15px; margin-right:10px;'>Medications</span><span style='color:#9C27B0; font-size:15px; margin-right:10px;'>Diagnostic Testing</span><span style='color:#F06292; font-size:15px; margin-right:10px;'>Other Treatments</span><span style='color:#00897B; font-size:15px; margin-right:10px;'>Follow-up</span><span style='color:#C62828; font-size:15px; margin-right:10px;'>Discussion</span><span style='color:#6A1B9A; font-size:15px; margin-right:10px;'>Referral</span><span style='color:#C2185B; font-size:15px; margin-right:10px;'>Acute Symptoms</span><span style='color:#0288D1; font-size:15px; margin-right:10px;'>Personal Information</span><span style='color:#673AB7; font-size:15px; margin-right:10px;'>Personal History</span><span style='color:#EF6C00; font-size:15px; margin-right:10px;'>Family History</span><span style='color:#009688; font-size:15px; margin-right:10px;'>Drug History</span><span style='color:#303F9F; font-size:15px; margin-right:10px;'>Theraputic History</span><span style='color:#E91E63; font-size:15px; margin-right:10px;'>Vegetative History</span><span style='color:#26C6DA; font-size:15px; margin-right:10px;'>Other Social</span><span style='color:#00796B; font-size:15px; margin-right:10px;'>Physical Examination</span><span style='color:#5D4037; font-size:15px; margin-right:10px;'>Radiology Examination</span><span style='color:#F44336; font-size:15px; margin-right:10px;'>Lab Examination</span>"", ""Note"": ""<ol><li><span style='color:#D84315;' data-toggle='tooltip' data-html='true' title='Acute Assessment'>â¢ Bilateral carpal tunnel syndrome, question of bilateral cubital tunnel syndrome.</span> <span style='color:#D84315; font-size:14px;'>(<b>Acute Assessment</b>)</span></li></ol>""}"
10513,3,"ASSESSMENT

The patient presents today with a several year history of GERD that primarily manifests as heartburn and has been poorly controlled with omeprazole 40 mg twice daily. I suspect that she likely has GERD with underlying functional etiology as well. Reassuringly, she has no unintentional weight loss and denies any dysphagia. The patient has been able to identify triggers of her symptoms, including stress, spicy foods, carbonated beverages, citrus, and tomato-based foods.

â¢ GERD
â¢ Suspected underlying functional etiology of heartburn.",2025-06-24T10:17:44.491730Z,D2N181,11005,"[{""start"":12,""end"":112,""text"":""The patient presents today with a several year history of GERD that primarily manifests as heartburn"",""labels"":[""Personal History""]},{""start"":113,""end"":177,""text"":""and has been poorly controlled with omeprazole 40 mg twice daily"",""labels"":[""Theraputic History""]},{""start"":179,""end"":258,""text"":""I suspect that she likely has GERD with underlying functional etiology as well."",""labels"":[""Acute Assessment""]},{""start"":259,""end"":335,""text"":""Reassuringly, she has no unintentional weight loss and denies any dysphagia."",""labels"":[""Acute Assessment""]},{""start"":336,""end"":484,""text"":""The patient has been able to identify triggers of her symptoms, including stress, spicy foods, carbonated beverages, citrus, and tomato-based foods."",""labels"":[""Acute Assessment""]},{""start"":486,""end"":494,""text"":""â¢ GERD"",""labels"":[""Reassessment""]},{""start"":495,""end"":553,""text"":""â¢ Suspected underlying functional etiology of heartburn."",""labels"":[""Acute Assessment""]}]",344.132,ASSESSMENT,D2N181_2,2025-06-24T10:17:44.491783Z,"{""Intent"": ""<b>ASSESSMENT</b><br><span style='color:#D84315; font-size:15px; margin-right:10px;'>Acute Assessment</span><span style='color:#689F38; font-size:15px; margin-right:10px;'>Reassessment</span><span style='color:#1E88E5; font-size:15px; margin-right:10px;'>Medications</span><span style='color:#9C27B0; font-size:15px; margin-right:10px;'>Diagnostic Testing</span><span style='color:#F06292; font-size:15px; margin-right:10px;'>Other Treatments</span><span style='color:#00897B; font-size:15px; margin-right:10px;'>Follow-up</span><span style='color:#C62828; font-size:15px; margin-right:10px;'>Discussion</span><span style='color:#6A1B9A; font-size:15px; margin-right:10px;'>Referral</span><span style='color:#C2185B; font-size:15px; margin-right:10px;'>Acute Symptoms</span><span style='color:#0288D1; font-size:15px; margin-right:10px;'>Personal Information</span><span style='color:#673AB7; font-size:15px; margin-right:10px;'>Personal History</span><span style='color:#EF6C00; font-size:15px; margin-right:10px;'>Family History</span><span style='color:#009688; font-size:15px; margin-right:10px;'>Drug History</span><span style='color:#303F9F; font-size:15px; margin-right:10px;'>Theraputic History</span><span style='color:#E91E63; font-size:15px; margin-right:10px;'>Vegetative History</span><span style='color:#26C6DA; font-size:15px; margin-right:10px;'>Other Social</span><span style='color:#00796B; font-size:15px; margin-right:10px;'>Physical Examination</span><span style='color:#5D4037; font-size:15px; margin-right:10px;'>Radiology Examination</span><span style='color:#F44336; font-size:15px; margin-right:10px;'>Lab Examination</span>"", ""Note"": ""<ol><li><span style='color:#673AB7;' data-toggle='tooltip' data-html='true' title='Personal History'>The patient presents today with a several year history of GERD that primarily manifests as heartburn</span> <span style='color:#673AB7; font-size:14px;'>(<b>Personal History</b>)</span></li><li><span style='color:#303F9F;' data-toggle='tooltip' data-html='true' title='Theraputic History'>and has been poorly controlled with omeprazole 40 mg twice daily</span> <span style='color:#303F9F; font-size:14px;'>(<b>Theraputic History</b>)</span></li><li><span style='color:#D84315;' data-toggle='tooltip' data-html='true' title='Acute Assessment'>I suspect that she likely has GERD with underlying functional etiology as well.</span> <span style='color:#D84315; font-size:14px;'>(<b>Acute Assessment</b>)</span></li><li><span style='color:#D84315;' data-toggle='tooltip' data-html='true' title='Acute Assessment'>Reassuringly, she has no unintentional weight loss and denies any dysphagia.</span> <span style='color:#D84315; font-size:14px;'>(<b>Acute Assessment</b>)</span></li><li><span style='color:#D84315;' data-toggle='tooltip' data-html='true' title='Acute Assessment'>The patient has been able to identify triggers of her symptoms, including stress, spicy foods, carbonated beverages, citrus, and tomato-based foods.</span> <span style='color:#D84315; font-size:14px;'>(<b>Acute Assessment</b>)</span></li><li><span style='color:#689F38;' data-toggle='tooltip' data-html='true' title='Reassessment'>â¢ GERD</span> <span style='color:#689F38; font-size:14px;'>(<b>Reassessment</b>)</span></li><li><span style='color:#D84315;' data-toggle='tooltip' data-html='true' title='Acute Assessment'>â¢ Suspected underlying functional etiology of heartburn.</span> <span style='color:#D84315; font-size:14px;'>(<b>Acute Assessment</b>)</span></li></ol>""}"
10514,3,"ASSESSMENT

â¢ Acute to chronic constipation.
â¢ Quadriplegia.",2025-06-24T10:18:13.659989Z,D2N182,11006,"[{""start"":12,""end"":46,""text"":""â¢ Acute to chronic constipation."",""labels"":[""Acute Assessment""]},{""start"":47,""end"":64,""text"":""â¢ Quadriplegia."",""labels"":[""Reassessment""]}]",26.661,ASSESSMENT,D2N182_2,2025-06-24T10:18:13.660055Z,"{""Intent"": ""<b>ASSESSMENT</b><br><span style='color:#D84315; font-size:15px; margin-right:10px;'>Acute Assessment</span><span style='color:#689F38; font-size:15px; margin-right:10px;'>Reassessment</span><span style='color:#1E88E5; font-size:15px; margin-right:10px;'>Medications</span><span style='color:#9C27B0; font-size:15px; margin-right:10px;'>Diagnostic Testing</span><span style='color:#F06292; font-size:15px; margin-right:10px;'>Other Treatments</span><span style='color:#00897B; font-size:15px; margin-right:10px;'>Follow-up</span><span style='color:#C62828; font-size:15px; margin-right:10px;'>Discussion</span><span style='color:#6A1B9A; font-size:15px; margin-right:10px;'>Referral</span><span style='color:#C2185B; font-size:15px; margin-right:10px;'>Acute Symptoms</span><span style='color:#0288D1; font-size:15px; margin-right:10px;'>Personal Information</span><span style='color:#673AB7; font-size:15px; margin-right:10px;'>Personal History</span><span style='color:#EF6C00; font-size:15px; margin-right:10px;'>Family History</span><span style='color:#009688; font-size:15px; margin-right:10px;'>Drug History</span><span style='color:#303F9F; font-size:15px; margin-right:10px;'>Theraputic History</span><span style='color:#E91E63; font-size:15px; margin-right:10px;'>Vegetative History</span><span style='color:#26C6DA; font-size:15px; margin-right:10px;'>Other Social</span><span style='color:#00796B; font-size:15px; margin-right:10px;'>Physical Examination</span><span style='color:#5D4037; font-size:15px; margin-right:10px;'>Radiology Examination</span><span style='color:#F44336; font-size:15px; margin-right:10px;'>Lab Examination</span>"", ""Note"": ""<ol><li><span style='color:#D84315;' data-toggle='tooltip' data-html='true' title='Acute Assessment'>â¢ Acute to chronic constipation.</span> <span style='color:#D84315; font-size:14px;'>(<b>Acute Assessment</b>)</span></li><li><span style='color:#689F38;' data-toggle='tooltip' data-html='true' title='Reassessment'>â¢ Quadriplegia.</span> <span style='color:#689F38; font-size:14px;'>(<b>Reassessment</b>)</span></li></ol>""}"
10516,3,"ASSESSMENT

â¢ Acne vulgaris.

Matthew is a 14-year-old male presenting in follow-up of his acne. The acne vulgaris has improved and is well controlled on the face. There is a mild flare with scattered inflammatory papules and pustules across the upper back and posterior shoulders.",2025-06-24T10:23:12.221589Z,D2N183,11007,"[{""start"":12,""end"":30,""text"":""â¢ Acne vulgaris."",""labels"":[""Reassessment""]},{""start"":32,""end"":61,""text"":""Matthew is a 14-year-old male"",""labels"":[""Personal Information""]},{""start"":62,""end"":97,""text"":""presenting in follow-up of his acne"",""labels"":[""Acute Symptoms""]},{""start"":99,""end"":164,""text"":""The acne vulgaris has improved and is well controlled on the face"",""labels"":[""Reassessment""]},{""start"":166,""end"":283,""text"":""There is a mild flare with scattered inflammatory papules and pustules across the upper back and posterior shoulders."",""labels"":[""Reassessment""]}]",296.679,ASSESSMENT,D2N183_2,2025-06-24T10:23:12.221641Z,"{""Intent"": ""<b>ASSESSMENT</b><br><span style='color:#D84315; font-size:15px; margin-right:10px;'>Acute Assessment</span><span style='color:#689F38; font-size:15px; margin-right:10px;'>Reassessment</span><span style='color:#1E88E5; font-size:15px; margin-right:10px;'>Medications</span><span style='color:#9C27B0; font-size:15px; margin-right:10px;'>Diagnostic Testing</span><span style='color:#F06292; font-size:15px; margin-right:10px;'>Other Treatments</span><span style='color:#00897B; font-size:15px; margin-right:10px;'>Follow-up</span><span style='color:#C62828; font-size:15px; margin-right:10px;'>Discussion</span><span style='color:#6A1B9A; font-size:15px; margin-right:10px;'>Referral</span><span style='color:#C2185B; font-size:15px; margin-right:10px;'>Acute Symptoms</span><span style='color:#0288D1; font-size:15px; margin-right:10px;'>Personal Information</span><span style='color:#673AB7; font-size:15px; margin-right:10px;'>Personal History</span><span style='color:#EF6C00; font-size:15px; margin-right:10px;'>Family History</span><span style='color:#009688; font-size:15px; margin-right:10px;'>Drug History</span><span style='color:#303F9F; font-size:15px; margin-right:10px;'>Theraputic History</span><span style='color:#E91E63; font-size:15px; margin-right:10px;'>Vegetative History</span><span style='color:#26C6DA; font-size:15px; margin-right:10px;'>Other Social</span><span style='color:#00796B; font-size:15px; margin-right:10px;'>Physical Examination</span><span style='color:#5D4037; font-size:15px; margin-right:10px;'>Radiology Examination</span><span style='color:#F44336; font-size:15px; margin-right:10px;'>Lab Examination</span>"", ""Note"": ""<ol><li><span style='color:#689F38;' data-toggle='tooltip' data-html='true' title='Reassessment'>â¢ Acne vulgaris.</span> <span style='color:#689F38; font-size:14px;'>(<b>Reassessment</b>)</span></li><li><span style='color:#0288D1;' data-toggle='tooltip' data-html='true' title='Personal Information'>Matthew is a 14-year-old male</span> <span style='color:#0288D1; font-size:14px;'>(<b>Personal Information</b>)</span></li><li><span style='color:#C2185B;' data-toggle='tooltip' data-html='true' title='Acute Symptoms'>presenting in follow-up of his acne</span> <span style='color:#C2185B; font-size:14px;'>(<b>Acute Symptoms</b>)</span></li><li><span style='color:#689F38;' data-toggle='tooltip' data-html='true' title='Reassessment'>The acne vulgaris has improved and is well controlled on the face</span> <span style='color:#689F38; font-size:14px;'>(<b>Reassessment</b>)</span></li><li><span style='color:#689F38;' data-toggle='tooltip' data-html='true' title='Reassessment'>There is a mild flare with scattered inflammatory papules and pustules across the upper back and posterior shoulders.</span> <span style='color:#689F38; font-size:14px;'>(<b>Reassessment</b>)</span></li></ol>""}"
10518,3,"ASSESSMENT

â¢ Status post right medial knee unicompartmental arthroplasty.

Ms. Stephanie Morales is a 44-year-old female seen in clinic today in postoperative follow up, 6 weeks status post right medial knee unicompartmental arthroplasty. Overall, the patient is healing well and will continue to improve as she heals.",2025-06-24T10:24:58.588658Z,D2N184,11008,"[{""start"":12,""end"":76,""text"":""â¢ Status post right medial knee unicompartmental arthroplasty."",""labels"":[""Reassessment""]},{""start"":78,""end"":123,""text"":""Ms. Stephanie Morales is a 44-year-old female"",""labels"":[""Personal Information""]},{""start"":124,""end"":241,""text"":""seen in clinic today in postoperative follow up, 6 weeks status post right medial knee unicompartmental arthroplasty."",""labels"":[""Acute Symptoms""]},{""start"":242,""end"":321,""text"":""Overall, the patient is healing well and will continue to improve as she heals."",""labels"":[""Reassessment""]}]",104.007,ASSESSMENT,D2N184_2,2025-06-24T10:24:58.588712Z,"{""Intent"": ""<b>ASSESSMENT</b><br><span style='color:#D84315; font-size:15px; margin-right:10px;'>Acute Assessment</span><span style='color:#689F38; font-size:15px; margin-right:10px;'>Reassessment</span><span style='color:#1E88E5; font-size:15px; margin-right:10px;'>Medications</span><span style='color:#9C27B0; font-size:15px; margin-right:10px;'>Diagnostic Testing</span><span style='color:#F06292; font-size:15px; margin-right:10px;'>Other Treatments</span><span style='color:#00897B; font-size:15px; margin-right:10px;'>Follow-up</span><span style='color:#C62828; font-size:15px; margin-right:10px;'>Discussion</span><span style='color:#6A1B9A; font-size:15px; margin-right:10px;'>Referral</span><span style='color:#C2185B; font-size:15px; margin-right:10px;'>Acute Symptoms</span><span style='color:#0288D1; font-size:15px; margin-right:10px;'>Personal Information</span><span style='color:#673AB7; font-size:15px; margin-right:10px;'>Personal History</span><span style='color:#EF6C00; font-size:15px; margin-right:10px;'>Family History</span><span style='color:#009688; font-size:15px; margin-right:10px;'>Drug History</span><span style='color:#303F9F; font-size:15px; margin-right:10px;'>Theraputic History</span><span style='color:#E91E63; font-size:15px; margin-right:10px;'>Vegetative History</span><span style='color:#26C6DA; font-size:15px; margin-right:10px;'>Other Social</span><span style='color:#00796B; font-size:15px; margin-right:10px;'>Physical Examination</span><span style='color:#5D4037; font-size:15px; margin-right:10px;'>Radiology Examination</span><span style='color:#F44336; font-size:15px; margin-right:10px;'>Lab Examination</span>"", ""Note"": ""<ol><li><span style='color:#689F38;' data-toggle='tooltip' data-html='true' title='Reassessment'>â¢ Status post right medial knee unicompartmental arthroplasty.</span> <span style='color:#689F38; font-size:14px;'>(<b>Reassessment</b>)</span></li><li><span style='color:#0288D1;' data-toggle='tooltip' data-html='true' title='Personal Information'>Ms. Stephanie Morales is a 44-year-old female</span> <span style='color:#0288D1; font-size:14px;'>(<b>Personal Information</b>)</span></li><li><span style='color:#C2185B;' data-toggle='tooltip' data-html='true' title='Acute Symptoms'>seen in clinic today in postoperative follow up, 6 weeks status post right medial knee unicompartmental arthroplasty.</span> <span style='color:#C2185B; font-size:14px;'>(<b>Acute Symptoms</b>)</span></li><li><span style='color:#689F38;' data-toggle='tooltip' data-html='true' title='Reassessment'>Overall, the patient is healing well and will continue to improve as she heals.</span> <span style='color:#689F38; font-size:14px;'>(<b>Reassessment</b>)</span></li></ol>""}"
10520,3,"ASSESSMENT

â¢ Renal hypoplasia.
Ashley is a 14-year-old female who presents today for evaluation of abnormal renal ultrasound with atrophic right kidney. She has right-sided renal hypoplasia with a small atrophic right kidney discovered incidentally on imaging for abdominal pain. Imaging shows compensatory hypertrophy of her left kidney. Otherwise, she shows no sequelae of chronic kidney disease and enjoys normal blood pressure. Her urinalysis is without sediment. She has normal kidney function with creatinine of 0.62, which equates to an estimated GFR of greater than 90 mL/min per 1.73 mÂ², and normal serum electrolytes and acid base status. Ashley is at higher risk of hypertension and proteinuria, which will need to be followed annually.",2025-06-24T10:29:49.199408Z,D2N185,11009,"[{""start"":34,""end"":154,""text"":""Ashley is a 14-year-old female who presents today for evaluation of abnormal renal ultrasound with atrophic right kidney"",""labels"":[""Acute Symptoms""]},{""start"":156,""end"":281,""text"":""She has right-sided renal hypoplasia with a small atrophic right kidney discovered incidentally on imaging for abdominal pain"",""labels"":[""Acute Assessment""]},{""start"":282,""end"":341,""text"":"" Imaging shows compensatory hypertrophy of her left kidney."",""labels"":[""Acute Assessment""]},{""start"":342,""end"":433,""text"":""Otherwise, she shows no sequelae of chronic kidney disease and enjoys normal blood pressure"",""labels"":[""Acute Assessment""]},{""start"":435,""end"":470,""text"":""Her urinalysis is without sediment."",""labels"":[""Acute Assessment""]},{""start"":471,""end"":652,""text"":""She has normal kidney function with creatinine of 0.62, which equates to an estimated GFR of greater than 90 mL\/min per 1.73 mÂ², and normal serum electrolytes and acid base status."",""labels"":[""Acute Assessment""]},{""start"":653,""end"":751,""text"":""Ashley is at higher risk of hypertension and proteinuria, which will need to be followed annually."",""labels"":[""Acute Assessment""]}]",288.179,ASSESSMENT,D2N185_2,2025-06-24T10:29:49.199453Z,"{""Intent"": ""<b>ASSESSMENT</b><br><span style='color:#D84315; font-size:15px; margin-right:10px;'>Acute Assessment</span><span style='color:#689F38; font-size:15px; margin-right:10px;'>Reassessment</span><span style='color:#1E88E5; font-size:15px; margin-right:10px;'>Medications</span><span style='color:#9C27B0; font-size:15px; margin-right:10px;'>Diagnostic Testing</span><span style='color:#F06292; font-size:15px; margin-right:10px;'>Other Treatments</span><span style='color:#00897B; font-size:15px; margin-right:10px;'>Follow-up</span><span style='color:#C62828; font-size:15px; margin-right:10px;'>Discussion</span><span style='color:#6A1B9A; font-size:15px; margin-right:10px;'>Referral</span><span style='color:#C2185B; font-size:15px; margin-right:10px;'>Acute Symptoms</span><span style='color:#0288D1; font-size:15px; margin-right:10px;'>Personal Information</span><span style='color:#673AB7; font-size:15px; margin-right:10px;'>Personal History</span><span style='color:#EF6C00; font-size:15px; margin-right:10px;'>Family History</span><span style='color:#009688; font-size:15px; margin-right:10px;'>Drug History</span><span style='color:#303F9F; font-size:15px; margin-right:10px;'>Theraputic History</span><span style='color:#E91E63; font-size:15px; margin-right:10px;'>Vegetative History</span><span style='color:#26C6DA; font-size:15px; margin-right:10px;'>Other Social</span><span style='color:#00796B; font-size:15px; margin-right:10px;'>Physical Examination</span><span style='color:#5D4037; font-size:15px; margin-right:10px;'>Radiology Examination</span><span style='color:#F44336; font-size:15px; margin-right:10px;'>Lab Examination</span>"", ""Note"": ""<ol><li><span style='color:#C2185B;' data-toggle='tooltip' data-html='true' title='Acute Symptoms'>Ashley is a 14-year-old female who presents today for evaluation of abnormal renal ultrasound with atrophic right kidney</span> <span style='color:#C2185B; font-size:14px;'>(<b>Acute Symptoms</b>)</span></li><li><span style='color:#D84315;' data-toggle='tooltip' data-html='true' title='Acute Assessment'>She has right-sided renal hypoplasia with a small atrophic right kidney discovered incidentally on imaging for abdominal pain</span> <span style='color:#D84315; font-size:14px;'>(<b>Acute Assessment</b>)</span></li><li><span style='color:#D84315;' data-toggle='tooltip' data-html='true' title='Acute Assessment'> Imaging shows compensatory hypertrophy of her left kidney.</span> <span style='color:#D84315; font-size:14px;'>(<b>Acute Assessment</b>)</span></li><li><span style='color:#D84315;' data-toggle='tooltip' data-html='true' title='Acute Assessment'>Otherwise, she shows no sequelae of chronic kidney disease and enjoys normal blood pressure</span> <span style='color:#D84315; font-size:14px;'>(<b>Acute Assessment</b>)</span></li><li><span style='color:#D84315;' data-toggle='tooltip' data-html='true' title='Acute Assessment'>Her urinalysis is without sediment.</span> <span style='color:#D84315; font-size:14px;'>(<b>Acute Assessment</b>)</span></li><li><span style='color:#D84315;' data-toggle='tooltip' data-html='true' title='Acute Assessment'>She has normal kidney function with creatinine of 0.62, which equates to an estimated GFR of greater than 90 mL/min per 1.73 mÂ², and normal serum electrolytes and acid base status.</span> <span style='color:#D84315; font-size:14px;'>(<b>Acute Assessment</b>)</span></li><li><span style='color:#D84315;' data-toggle='tooltip' data-html='true' title='Acute Assessment'>Ashley is at higher risk of hypertension and proteinuria, which will need to be followed annually.</span> <span style='color:#D84315; font-size:14px;'>(<b>Acute Assessment</b>)</span></li></ol>""}"
10522,3,"ASSESSMENT

Low back pain, left side.",2025-06-24T10:32:24.244860Z,D2N186,11010,"[{""start"":12,""end"":37,""text"":""Low back pain, left side."",""labels"":[""Acute Assessment""]}]",152.268,ASSESSMENT,D2N186_2,2025-06-24T10:32:24.244906Z,"{""Intent"": ""<b>ASSESSMENT</b><br><span style='color:#D84315; font-size:15px; margin-right:10px;'>Acute Assessment</span><span style='color:#689F38; font-size:15px; margin-right:10px;'>Reassessment</span><span style='color:#1E88E5; font-size:15px; margin-right:10px;'>Medications</span><span style='color:#9C27B0; font-size:15px; margin-right:10px;'>Diagnostic Testing</span><span style='color:#F06292; font-size:15px; margin-right:10px;'>Other Treatments</span><span style='color:#00897B; font-size:15px; margin-right:10px;'>Follow-up</span><span style='color:#C62828; font-size:15px; margin-right:10px;'>Discussion</span><span style='color:#6A1B9A; font-size:15px; margin-right:10px;'>Referral</span><span style='color:#C2185B; font-size:15px; margin-right:10px;'>Acute Symptoms</span><span style='color:#0288D1; font-size:15px; margin-right:10px;'>Personal Information</span><span style='color:#673AB7; font-size:15px; margin-right:10px;'>Personal History</span><span style='color:#EF6C00; font-size:15px; margin-right:10px;'>Family History</span><span style='color:#009688; font-size:15px; margin-right:10px;'>Drug History</span><span style='color:#303F9F; font-size:15px; margin-right:10px;'>Theraputic History</span><span style='color:#E91E63; font-size:15px; margin-right:10px;'>Vegetative History</span><span style='color:#26C6DA; font-size:15px; margin-right:10px;'>Other Social</span><span style='color:#00796B; font-size:15px; margin-right:10px;'>Physical Examination</span><span style='color:#5D4037; font-size:15px; margin-right:10px;'>Radiology Examination</span><span style='color:#F44336; font-size:15px; margin-right:10px;'>Lab Examination</span>"", ""Note"": ""<ol><li><span style='color:#D84315;' data-toggle='tooltip' data-html='true' title='Acute Assessment'>Low back pain, left side.</span> <span style='color:#D84315; font-size:14px;'>(<b>Acute Assessment</b>)</span></li></ol>""}"
10524,3,"1. Neovascular age-related macular degeneration.
- Medical Reasoning: Based on her diagnostic testing and eye exam, this is at an advanced stage.",2025-06-24T10:34:05.969825Z,D2N187,11011,"[{""start"":0,""end"":145,""text"":""1. Neovascular age-related macular degeneration.\\n- Medical Reasoning: Based on her diagnostic testing and eye exam, this is at an advanced stage."",""labels"":[""Acute Assessment""]}]",98.414,ASSESSMENT,D2N187_2,2025-06-24T10:34:05.969869Z,"{""Intent"": ""<b>ASSESSMENT</b><br><span style='color:#D84315; font-size:15px; margin-right:10px;'>Acute Assessment</span><span style='color:#689F38; font-size:15px; margin-right:10px;'>Reassessment</span><span style='color:#1E88E5; font-size:15px; margin-right:10px;'>Medications</span><span style='color:#9C27B0; font-size:15px; margin-right:10px;'>Diagnostic Testing</span><span style='color:#F06292; font-size:15px; margin-right:10px;'>Other Treatments</span><span style='color:#00897B; font-size:15px; margin-right:10px;'>Follow-up</span><span style='color:#C62828; font-size:15px; margin-right:10px;'>Discussion</span><span style='color:#6A1B9A; font-size:15px; margin-right:10px;'>Referral</span><span style='color:#C2185B; font-size:15px; margin-right:10px;'>Acute Symptoms</span><span style='color:#0288D1; font-size:15px; margin-right:10px;'>Personal Information</span><span style='color:#673AB7; font-size:15px; margin-right:10px;'>Personal History</span><span style='color:#EF6C00; font-size:15px; margin-right:10px;'>Family History</span><span style='color:#009688; font-size:15px; margin-right:10px;'>Drug History</span><span style='color:#303F9F; font-size:15px; margin-right:10px;'>Theraputic History</span><span style='color:#E91E63; font-size:15px; margin-right:10px;'>Vegetative History</span><span style='color:#26C6DA; font-size:15px; margin-right:10px;'>Other Social</span><span style='color:#00796B; font-size:15px; margin-right:10px;'>Physical Examination</span><span style='color:#5D4037; font-size:15px; margin-right:10px;'>Radiology Examination</span><span style='color:#F44336; font-size:15px; margin-right:10px;'>Lab Examination</span>"", ""Note"": ""<ol><li><span style='color:#D84315;' data-toggle='tooltip' data-html='true' title='Acute Assessment'>1. Neovascular age-related macular degeneration.\n- Medical Reasoning: Based on her diagnostic testing and eye exam, this is at an advanced stage.</span> <span style='color:#D84315; font-size:14px;'>(<b>Acute Assessment</b>)</span></li></ol>""}"
10526,3,"ASSESSMENT

Acute right ankle sprain.",2025-06-24T11:39:13.846947Z,D2N188,11012,"[{""start"":12,""end"":37,""text"":""Acute right ankle sprain."",""labels"":[""Acute Assessment""]}]",6.748,ASSESSMENT,D2N188_2,2025-06-24T11:39:13.846990Z,"{""Intent"": ""<b>ASSESSMENT</b><br><span style='color:#D84315; font-size:15px; margin-right:10px;'>Acute Assessment</span><span style='color:#689F38; font-size:15px; margin-right:10px;'>Reassessment</span><span style='color:#1E88E5; font-size:15px; margin-right:10px;'>Medications</span><span style='color:#9C27B0; font-size:15px; margin-right:10px;'>Diagnostic Testing</span><span style='color:#F06292; font-size:15px; margin-right:10px;'>Other Treatments</span><span style='color:#00897B; font-size:15px; margin-right:10px;'>Follow-up</span><span style='color:#C62828; font-size:15px; margin-right:10px;'>Discussion</span><span style='color:#6A1B9A; font-size:15px; margin-right:10px;'>Referral</span><span style='color:#C2185B; font-size:15px; margin-right:10px;'>Acute Symptoms</span><span style='color:#0288D1; font-size:15px; margin-right:10px;'>Personal Information</span><span style='color:#673AB7; font-size:15px; margin-right:10px;'>Personal History</span><span style='color:#EF6C00; font-size:15px; margin-right:10px;'>Family History</span><span style='color:#009688; font-size:15px; margin-right:10px;'>Drug History</span><span style='color:#303F9F; font-size:15px; margin-right:10px;'>Theraputic History</span><span style='color:#E91E63; font-size:15px; margin-right:10px;'>Vegetative History</span><span style='color:#26C6DA; font-size:15px; margin-right:10px;'>Other Social</span><span style='color:#00796B; font-size:15px; margin-right:10px;'>Physical Examination</span><span style='color:#5D4037; font-size:15px; margin-right:10px;'>Radiology Examination</span><span style='color:#F44336; font-size:15px; margin-right:10px;'>Lab Examination</span>"", ""Note"": ""<ol><li><span style='color:#D84315;' data-toggle='tooltip' data-html='true' title='Acute Assessment'>Acute right ankle sprain.</span> <span style='color:#D84315; font-size:14px;'>(<b>Acute Assessment</b>)</span></li></ol>""}"
10528,3,"1. Inferior myocardial infarction.
- Medical Reasoning: The patient is doing well. His catheterization site is healing well.",2025-06-24T11:42:58.485627Z,D2N189,11013,"[{""start"":1,""end"":124,""text"":"". Inferior myocardial infarction.\\n- Medical Reasoning: The patient is doing well. His catheterization site is healing well."",""labels"":[""Reassessment""]}]",222.93,ASSESSMENT,D2N189_2,2025-06-24T11:42:58.485670Z,"{""Intent"": ""<b>ASSESSMENT</b><br><span style='color:#D84315; font-size:15px; margin-right:10px;'>Acute Assessment</span><span style='color:#689F38; font-size:15px; margin-right:10px;'>Reassessment</span><span style='color:#1E88E5; font-size:15px; margin-right:10px;'>Medications</span><span style='color:#9C27B0; font-size:15px; margin-right:10px;'>Diagnostic Testing</span><span style='color:#F06292; font-size:15px; margin-right:10px;'>Other Treatments</span><span style='color:#00897B; font-size:15px; margin-right:10px;'>Follow-up</span><span style='color:#C62828; font-size:15px; margin-right:10px;'>Discussion</span><span style='color:#6A1B9A; font-size:15px; margin-right:10px;'>Referral</span><span style='color:#C2185B; font-size:15px; margin-right:10px;'>Acute Symptoms</span><span style='color:#0288D1; font-size:15px; margin-right:10px;'>Personal Information</span><span style='color:#673AB7; font-size:15px; margin-right:10px;'>Personal History</span><span style='color:#EF6C00; font-size:15px; margin-right:10px;'>Family History</span><span style='color:#009688; font-size:15px; margin-right:10px;'>Drug History</span><span style='color:#303F9F; font-size:15px; margin-right:10px;'>Theraputic History</span><span style='color:#E91E63; font-size:15px; margin-right:10px;'>Vegetative History</span><span style='color:#26C6DA; font-size:15px; margin-right:10px;'>Other Social</span><span style='color:#00796B; font-size:15px; margin-right:10px;'>Physical Examination</span><span style='color:#5D4037; font-size:15px; margin-right:10px;'>Radiology Examination</span><span style='color:#F44336; font-size:15px; margin-right:10px;'>Lab Examination</span>"", ""Note"": ""<ol><li><span style='color:#689F38;' data-toggle='tooltip' data-html='true' title='Reassessment'>. Inferior myocardial infarction.\n- Medical Reasoning: The patient is doing well. His catheterization site is healing well.</span> <span style='color:#689F38; font-size:14px;'>(<b>Reassessment</b>)</span></li></ol>""}"
10530,3,"ASSESSMENT

Right knee pain, possible posterior cruciate ligament sprain.",2025-06-24T11:47:29.487150Z,D2N190,11014,"[{""start"":12,""end"":73,""text"":""Right knee pain, possible posterior cruciate ligament sprain."",""labels"":[""Acute Assessment""]}]",268.931,ASSESSMENT,D2N190_2,2025-06-24T11:47:29.487197Z,"{""Intent"": ""<b>ASSESSMENT</b><br><span style='color:#D84315; font-size:15px; margin-right:10px;'>Acute Assessment</span><span style='color:#689F38; font-size:15px; margin-right:10px;'>Reassessment</span><span style='color:#1E88E5; font-size:15px; margin-right:10px;'>Medications</span><span style='color:#9C27B0; font-size:15px; margin-right:10px;'>Diagnostic Testing</span><span style='color:#F06292; font-size:15px; margin-right:10px;'>Other Treatments</span><span style='color:#00897B; font-size:15px; margin-right:10px;'>Follow-up</span><span style='color:#C62828; font-size:15px; margin-right:10px;'>Discussion</span><span style='color:#6A1B9A; font-size:15px; margin-right:10px;'>Referral</span><span style='color:#C2185B; font-size:15px; margin-right:10px;'>Acute Symptoms</span><span style='color:#0288D1; font-size:15px; margin-right:10px;'>Personal Information</span><span style='color:#673AB7; font-size:15px; margin-right:10px;'>Personal History</span><span style='color:#EF6C00; font-size:15px; margin-right:10px;'>Family History</span><span style='color:#009688; font-size:15px; margin-right:10px;'>Drug History</span><span style='color:#303F9F; font-size:15px; margin-right:10px;'>Theraputic History</span><span style='color:#E91E63; font-size:15px; margin-right:10px;'>Vegetative History</span><span style='color:#26C6DA; font-size:15px; margin-right:10px;'>Other Social</span><span style='color:#00796B; font-size:15px; margin-right:10px;'>Physical Examination</span><span style='color:#5D4037; font-size:15px; margin-right:10px;'>Radiology Examination</span><span style='color:#F44336; font-size:15px; margin-right:10px;'>Lab Examination</span>"", ""Note"": ""<ol><li><span style='color:#D84315;' data-toggle='tooltip' data-html='true' title='Acute Assessment'>Right knee pain, possible posterior cruciate ligament sprain.</span> <span style='color:#D84315; font-size:14px;'>(<b>Acute Assessment</b>)</span></li></ol>""}"
10532,3,"ASSESSMENT

Left arm pain.
Type 2 diabetes.
Hypertension.",2025-06-24T11:55:04.647867Z,D2N191,11015,"[{""start"":12,""end"":26,""text"":""Left arm pain."",""labels"":[""Acute Assessment""]},{""start"":27,""end"":43,""text"":""Type 2 diabetes."",""labels"":[""Reassessment""]},{""start"":44,""end"":57,""text"":""Hypertension."",""labels"":[""Reassessment""]}]",453.307,ASSESSMENT,D2N191_2,2025-06-24T11:55:04.647911Z,"{""Intent"": ""<b>ASSESSMENT</b><br><span style='color:#D84315; font-size:15px; margin-right:10px;'>Acute Assessment</span><span style='color:#689F38; font-size:15px; margin-right:10px;'>Reassessment</span><span style='color:#1E88E5; font-size:15px; margin-right:10px;'>Medications</span><span style='color:#9C27B0; font-size:15px; margin-right:10px;'>Diagnostic Testing</span><span style='color:#F06292; font-size:15px; margin-right:10px;'>Other Treatments</span><span style='color:#00897B; font-size:15px; margin-right:10px;'>Follow-up</span><span style='color:#C62828; font-size:15px; margin-right:10px;'>Discussion</span><span style='color:#6A1B9A; font-size:15px; margin-right:10px;'>Referral</span><span style='color:#C2185B; font-size:15px; margin-right:10px;'>Acute Symptoms</span><span style='color:#0288D1; font-size:15px; margin-right:10px;'>Personal Information</span><span style='color:#673AB7; font-size:15px; margin-right:10px;'>Personal History</span><span style='color:#EF6C00; font-size:15px; margin-right:10px;'>Family History</span><span style='color:#009688; font-size:15px; margin-right:10px;'>Drug History</span><span style='color:#303F9F; font-size:15px; margin-right:10px;'>Theraputic History</span><span style='color:#E91E63; font-size:15px; margin-right:10px;'>Vegetative History</span><span style='color:#26C6DA; font-size:15px; margin-right:10px;'>Other Social</span><span style='color:#00796B; font-size:15px; margin-right:10px;'>Physical Examination</span><span style='color:#5D4037; font-size:15px; margin-right:10px;'>Radiology Examination</span><span style='color:#F44336; font-size:15px; margin-right:10px;'>Lab Examination</span>"", ""Note"": ""<ol><li><span style='color:#D84315;' data-toggle='tooltip' data-html='true' title='Acute Assessment'>Left arm pain.</span> <span style='color:#D84315; font-size:14px;'>(<b>Acute Assessment</b>)</span></li><li><span style='color:#689F38;' data-toggle='tooltip' data-html='true' title='Reassessment'>Type 2 diabetes.</span> <span style='color:#689F38; font-size:14px;'>(<b>Reassessment</b>)</span></li><li><span style='color:#689F38;' data-toggle='tooltip' data-html='true' title='Reassessment'>Hypertension.</span> <span style='color:#689F38; font-size:14px;'>(<b>Reassessment</b>)</span></li></ol>""}"
10534,3,"1. Abdominal pain.
- Medical Reasoning: Patient presents with acute abdominal pain with right upper quadrant tenderness concerning for cholelithiasis or cholecystitis.

2. Migraine headaches.
- Medical Reasoning: Patient has a history of chronic migraines with occasional bouts of migraines, but no recent issues.

3. Hypertension.
- Medical Reasoning: Patient has been monitoring her blood pressure at home which has been under adequate control. Her blood pressure was only slightly elevated today in office.",2025-06-24T11:56:45.504262Z,D2N192,11016,"[{""start"":0,""end"":167,""text"":""1. Abdominal pain.\\n- Medical Reasoning: Patient presents with acute abdominal pain with right upper quadrant tenderness concerning for cholelithiasis or cholecystitis."",""labels"":[""Acute Assessment""]},{""start"":169,""end"":313,""text"":""\\n2. Migraine headaches.\\n- Medical Reasoning: Patient has a history of chronic migraines with occasional bouts of migraines, but no recent issues."",""labels"":[""Reassessment""]},{""start"":315,""end"":509,""text"":""3. Hypertension.\\n- Medical Reasoning: Patient has been monitoring her blood pressure at home which has been under adequate control. Her blood pressure was only slightly elevated today in office."",""labels"":[""Reassessment""]}]",98.873,ASSESSMENT,D2N192_2,2025-06-24T11:56:45.504307Z,"{""Intent"": ""<b>ASSESSMENT</b><br><span style='color:#D84315; font-size:15px; margin-right:10px;'>Acute Assessment</span><span style='color:#689F38; font-size:15px; margin-right:10px;'>Reassessment</span><span style='color:#1E88E5; font-size:15px; margin-right:10px;'>Medications</span><span style='color:#9C27B0; font-size:15px; margin-right:10px;'>Diagnostic Testing</span><span style='color:#F06292; font-size:15px; margin-right:10px;'>Other Treatments</span><span style='color:#00897B; font-size:15px; margin-right:10px;'>Follow-up</span><span style='color:#C62828; font-size:15px; margin-right:10px;'>Discussion</span><span style='color:#6A1B9A; font-size:15px; margin-right:10px;'>Referral</span><span style='color:#C2185B; font-size:15px; margin-right:10px;'>Acute Symptoms</span><span style='color:#0288D1; font-size:15px; margin-right:10px;'>Personal Information</span><span style='color:#673AB7; font-size:15px; margin-right:10px;'>Personal History</span><span style='color:#EF6C00; font-size:15px; margin-right:10px;'>Family History</span><span style='color:#009688; font-size:15px; margin-right:10px;'>Drug History</span><span style='color:#303F9F; font-size:15px; margin-right:10px;'>Theraputic History</span><span style='color:#E91E63; font-size:15px; margin-right:10px;'>Vegetative History</span><span style='color:#26C6DA; font-size:15px; margin-right:10px;'>Other Social</span><span style='color:#00796B; font-size:15px; margin-right:10px;'>Physical Examination</span><span style='color:#5D4037; font-size:15px; margin-right:10px;'>Radiology Examination</span><span style='color:#F44336; font-size:15px; margin-right:10px;'>Lab Examination</span>"", ""Note"": ""<ol><li><span style='color:#D84315;' data-toggle='tooltip' data-html='true' title='Acute Assessment'>1. Abdominal pain.\n- Medical Reasoning: Patient presents with acute abdominal pain with right upper quadrant tenderness concerning for cholelithiasis or cholecystitis.</span> <span style='color:#D84315; font-size:14px;'>(<b>Acute Assessment</b>)</span></li><li><span style='color:#689F38;' data-toggle='tooltip' data-html='true' title='Reassessment'>2. Migraine headaches.\n- Medical Reasoning: Patient has a history of chronic migraines with occasional bouts of migraines, but no recent issues.</span> <span style='color:#689F38; font-size:14px;'>(<b>Reassessment</b>)</span></li><li><span style='color:#689F38;' data-toggle='tooltip' data-html='true' title='Reassessment'>3. Hypertension.\n- Medical Reasoning: Patient has been monitoring her blood pressure at home which has been under adequate control. Her blood pressure was only slightly elevated today in office.</span> <span style='color:#689F38; font-size:14px;'>(<b>Reassessment</b>)</span></li></ol>""}"
10536,3,"1. Cough.
- Medical Reasoning: The patient presents with symptoms similar to an upper respiratory infection. Most likely it is a virus that is causing her symptoms, especially as she reports being around some else with similar symptoms.

2. Type 2 diabetes.
- Medical Reasoning: Stable with medication.

3. Hypertension.
- Medical Reasoning: Her blood pressure is elevated today, and it sounds like it has been trending higher at home as well.",2025-06-24T12:04:01.244447Z,D2N193,11017,"[{""start"":0,""end"":107,""text"":""1. Cough.\\n- Medical Reasoning: The patient presents with symptoms similar to an upper respiratory infection"",""labels"":[""Acute Assessment""]},{""start"":109,""end"":236,""text"":""Most likely it is a virus that is causing her symptoms, especially as she reports being around some else with similar symptoms."",""labels"":[""Acute Assessment""]},{""start"":238,""end"":302,""text"":""2. Type 2 diabetes.\\n- Medical Reasoning: Stable with medication."",""labels"":[""Reassessment""]},{""start"":304,""end"":443,""text"":""3. Hypertension.\\n- Medical Reasoning: Her blood pressure is elevated today, and it sounds like it has been trending higher at home as well."",""labels"":[""Reassessment""]}]",433.669,ASSESSMENT,D2N193_2,2025-06-24T12:04:01.244489Z,"{""Intent"": ""<b>ASSESSMENT</b><br><span style='color:#D84315; font-size:15px; margin-right:10px;'>Acute Assessment</span><span style='color:#689F38; font-size:15px; margin-right:10px;'>Reassessment</span><span style='color:#1E88E5; font-size:15px; margin-right:10px;'>Medications</span><span style='color:#9C27B0; font-size:15px; margin-right:10px;'>Diagnostic Testing</span><span style='color:#F06292; font-size:15px; margin-right:10px;'>Other Treatments</span><span style='color:#00897B; font-size:15px; margin-right:10px;'>Follow-up</span><span style='color:#C62828; font-size:15px; margin-right:10px;'>Discussion</span><span style='color:#6A1B9A; font-size:15px; margin-right:10px;'>Referral</span><span style='color:#C2185B; font-size:15px; margin-right:10px;'>Acute Symptoms</span><span style='color:#0288D1; font-size:15px; margin-right:10px;'>Personal Information</span><span style='color:#673AB7; font-size:15px; margin-right:10px;'>Personal History</span><span style='color:#EF6C00; font-size:15px; margin-right:10px;'>Family History</span><span style='color:#009688; font-size:15px; margin-right:10px;'>Drug History</span><span style='color:#303F9F; font-size:15px; margin-right:10px;'>Theraputic History</span><span style='color:#E91E63; font-size:15px; margin-right:10px;'>Vegetative History</span><span style='color:#26C6DA; font-size:15px; margin-right:10px;'>Other Social</span><span style='color:#00796B; font-size:15px; margin-right:10px;'>Physical Examination</span><span style='color:#5D4037; font-size:15px; margin-right:10px;'>Radiology Examination</span><span style='color:#F44336; font-size:15px; margin-right:10px;'>Lab Examination</span>"", ""Note"": ""<ol><li><span style='color:#D84315;' data-toggle='tooltip' data-html='true' title='Acute Assessment'>1. Cough.\n- Medical Reasoning: The patient presents with symptoms similar to an upper respiratory infection</span> <span style='color:#D84315; font-size:14px;'>(<b>Acute Assessment</b>)</span></li><li><span style='color:#D84315;' data-toggle='tooltip' data-html='true' title='Acute Assessment'>Most likely it is a virus that is causing her symptoms, especially as she reports being around some else with similar symptoms.</span> <span style='color:#D84315; font-size:14px;'>(<b>Acute Assessment</b>)</span></li><li><span style='color:#689F38;' data-toggle='tooltip' data-html='true' title='Reassessment'>2. Type 2 diabetes.\n- Medical Reasoning: Stable with medication.</span> <span style='color:#689F38; font-size:14px;'>(<b>Reassessment</b>)</span></li><li><span style='color:#689F38;' data-toggle='tooltip' data-html='true' title='Reassessment'>3. Hypertension.\n- Medical Reasoning: Her blood pressure is elevated today, and it sounds like it has been trending higher at home as well.</span> <span style='color:#689F38; font-size:14px;'>(<b>Reassessment</b>)</span></li></ol>""}"
10538,3,"ASSESSMENT

Left shoulder pain.",2025-06-24T12:09:41.839864Z,D2N194,11018,"[{""start"":12,""end"":31,""text"":""\\nLeft shoulder pain."",""labels"":[""Acute Assessment""]}]",338.46,ASSESSMENT,D2N194_2,2025-06-24T12:09:41.839940Z,"{""Intent"": ""<b>ASSESSMENT</b><br><span style='color:#D84315; font-size:15px; margin-right:10px;'>Acute Assessment</span><span style='color:#689F38; font-size:15px; margin-right:10px;'>Reassessment</span><span style='color:#1E88E5; font-size:15px; margin-right:10px;'>Medications</span><span style='color:#9C27B0; font-size:15px; margin-right:10px;'>Diagnostic Testing</span><span style='color:#F06292; font-size:15px; margin-right:10px;'>Other Treatments</span><span style='color:#00897B; font-size:15px; margin-right:10px;'>Follow-up</span><span style='color:#C62828; font-size:15px; margin-right:10px;'>Discussion</span><span style='color:#6A1B9A; font-size:15px; margin-right:10px;'>Referral</span><span style='color:#C2185B; font-size:15px; margin-right:10px;'>Acute Symptoms</span><span style='color:#0288D1; font-size:15px; margin-right:10px;'>Personal Information</span><span style='color:#673AB7; font-size:15px; margin-right:10px;'>Personal History</span><span style='color:#EF6C00; font-size:15px; margin-right:10px;'>Family History</span><span style='color:#009688; font-size:15px; margin-right:10px;'>Drug History</span><span style='color:#303F9F; font-size:15px; margin-right:10px;'>Theraputic History</span><span style='color:#E91E63; font-size:15px; margin-right:10px;'>Vegetative History</span><span style='color:#26C6DA; font-size:15px; margin-right:10px;'>Other Social</span><span style='color:#00796B; font-size:15px; margin-right:10px;'>Physical Examination</span><span style='color:#5D4037; font-size:15px; margin-right:10px;'>Radiology Examination</span><span style='color:#F44336; font-size:15px; margin-right:10px;'>Lab Examination</span>"", ""Note"": ""<ol><li><span style='color:#D84315;' data-toggle='tooltip' data-html='true' title='Acute Assessment'>Left shoulder pain.</span> <span style='color:#D84315; font-size:14px;'>(<b>Acute Assessment</b>)</span></li></ol>""}"
10540,3,"ASSESSMENT

Right knee MCL strain.
Diabetes.
Hypertension.",2025-06-24T12:11:34.811702Z,D2N195,11019,"[{""start"":12,""end"":33,""text"":""Right knee MCL strain"",""labels"":[""Acute Assessment""]},{""start"":35,""end"":44,""text"":""Diabetes."",""labels"":[""Reassessment""]},{""start"":45,""end"":58,""text"":""Hypertension."",""labels"":[""Reassessment""]}]",110.487,ASSESSMENT,D2N195_2,2025-06-24T12:11:34.811762Z,"{""Intent"": ""<b>ASSESSMENT</b><br><span style='color:#D84315; font-size:15px; margin-right:10px;'>Acute Assessment</span><span style='color:#689F38; font-size:15px; margin-right:10px;'>Reassessment</span><span style='color:#1E88E5; font-size:15px; margin-right:10px;'>Medications</span><span style='color:#9C27B0; font-size:15px; margin-right:10px;'>Diagnostic Testing</span><span style='color:#F06292; font-size:15px; margin-right:10px;'>Other Treatments</span><span style='color:#00897B; font-size:15px; margin-right:10px;'>Follow-up</span><span style='color:#C62828; font-size:15px; margin-right:10px;'>Discussion</span><span style='color:#6A1B9A; font-size:15px; margin-right:10px;'>Referral</span><span style='color:#C2185B; font-size:15px; margin-right:10px;'>Acute Symptoms</span><span style='color:#0288D1; font-size:15px; margin-right:10px;'>Personal Information</span><span style='color:#673AB7; font-size:15px; margin-right:10px;'>Personal History</span><span style='color:#EF6C00; font-size:15px; margin-right:10px;'>Family History</span><span style='color:#009688; font-size:15px; margin-right:10px;'>Drug History</span><span style='color:#303F9F; font-size:15px; margin-right:10px;'>Theraputic History</span><span style='color:#E91E63; font-size:15px; margin-right:10px;'>Vegetative History</span><span style='color:#26C6DA; font-size:15px; margin-right:10px;'>Other Social</span><span style='color:#00796B; font-size:15px; margin-right:10px;'>Physical Examination</span><span style='color:#5D4037; font-size:15px; margin-right:10px;'>Radiology Examination</span><span style='color:#F44336; font-size:15px; margin-right:10px;'>Lab Examination</span>"", ""Note"": ""<ol><li><span style='color:#D84315;' data-toggle='tooltip' data-html='true' title='Acute Assessment'>Right knee MCL strain</span> <span style='color:#D84315; font-size:14px;'>(<b>Acute Assessment</b>)</span></li><li><span style='color:#689F38;' data-toggle='tooltip' data-html='true' title='Reassessment'>Diabetes.</span> <span style='color:#689F38; font-size:14px;'>(<b>Reassessment</b>)</span></li><li><span style='color:#689F38;' data-toggle='tooltip' data-html='true' title='Reassessment'>Hypertension.</span> <span style='color:#689F38; font-size:14px;'>(<b>Reassessment</b>)</span></li></ol>""}"
10542,3,"1. Elevated blood pressure.
- Medical Reasoning: I do think his blood pressure is uncontrolled and we need to make some adjustments to his medication.

2. Hyperlipidemia.
- Medical Reasoning: Stable.

3. Osteoarthritis.
- Medical Reasoning: Stable.",2025-06-24T12:16:03.726533Z,D2N196,11020,"[{""start"":0,""end"":150,""text"":""1. Elevated blood pressure.\\n- Medical Reasoning: I do think his blood pressure is uncontrolled and we need to make some adjustments to his medication."",""labels"":[""Reassessment""]},{""start"":152,""end"":199,""text"":""2. Hyperlipidemia.\\n- Medical Reasoning: Stable."",""labels"":[""Reassessment""]},{""start"":201,""end"":248,""text"":""\\n3. Osteoarthritis.\\n- Medical Reasoning: Stable."",""labels"":[""Reassessment""]}]",266.422,ASSESSMENT,D2N196_2,2025-06-24T12:16:03.726605Z,"{""Intent"": ""<b>ASSESSMENT</b><br><span style='color:#D84315; font-size:15px; margin-right:10px;'>Acute Assessment</span><span style='color:#689F38; font-size:15px; margin-right:10px;'>Reassessment</span><span style='color:#1E88E5; font-size:15px; margin-right:10px;'>Medications</span><span style='color:#9C27B0; font-size:15px; margin-right:10px;'>Diagnostic Testing</span><span style='color:#F06292; font-size:15px; margin-right:10px;'>Other Treatments</span><span style='color:#00897B; font-size:15px; margin-right:10px;'>Follow-up</span><span style='color:#C62828; font-size:15px; margin-right:10px;'>Discussion</span><span style='color:#6A1B9A; font-size:15px; margin-right:10px;'>Referral</span><span style='color:#C2185B; font-size:15px; margin-right:10px;'>Acute Symptoms</span><span style='color:#0288D1; font-size:15px; margin-right:10px;'>Personal Information</span><span style='color:#673AB7; font-size:15px; margin-right:10px;'>Personal History</span><span style='color:#EF6C00; font-size:15px; margin-right:10px;'>Family History</span><span style='color:#009688; font-size:15px; margin-right:10px;'>Drug History</span><span style='color:#303F9F; font-size:15px; margin-right:10px;'>Theraputic History</span><span style='color:#E91E63; font-size:15px; margin-right:10px;'>Vegetative History</span><span style='color:#26C6DA; font-size:15px; margin-right:10px;'>Other Social</span><span style='color:#00796B; font-size:15px; margin-right:10px;'>Physical Examination</span><span style='color:#5D4037; font-size:15px; margin-right:10px;'>Radiology Examination</span><span style='color:#F44336; font-size:15px; margin-right:10px;'>Lab Examination</span>"", ""Note"": ""<ol><li><span style='color:#689F38;' data-toggle='tooltip' data-html='true' title='Reassessment'>1. Elevated blood pressure.\n- Medical Reasoning: I do think his blood pressure is uncontrolled and we need to make some adjustments to his medication.</span> <span style='color:#689F38; font-size:14px;'>(<b>Reassessment</b>)</span></li><li><span style='color:#689F38;' data-toggle='tooltip' data-html='true' title='Reassessment'>2. Hyperlipidemia.\n- Medical Reasoning: Stable.</span> <span style='color:#689F38; font-size:14px;'>(<b>Reassessment</b>)</span></li><li><span style='color:#689F38;' data-toggle='tooltip' data-html='true' title='Reassessment'>3. Osteoarthritis.\n- Medical Reasoning: Stable.</span> <span style='color:#689F38; font-size:14px;'>(<b>Reassessment</b>)</span></li></ol>""}"
10545,3,"1. Hypertension with headaches.
- Medical Reasoning: Patient presents today with complaints of increasing headaches and elevated blood pressure readings at home.

2. Diabetes.
- Medical Reasoning: Patient has been experiencing slightly elevated glucose levels with her home monitoring.",2025-06-24T12:26:47.235309Z,D2N197,11021,"[{""start"":0,""end"":161,""text"":""1. Hypertension with headaches.\\n- Medical Reasoning: Patient presents today with complaints of increasing headaches and elevated blood pressure readings at home.\\n"",""labels"":[""Reassessment""]},{""start"":163,""end"":285,""text"":""2. Diabetes.\\n- Medical Reasoning: Patient has been experiencing slightly elevated glucose levels with her home monitoring."",""labels"":[""Reassessment""]}]",639.143,ASSESSMENT,D2N197_2,2025-06-24T12:26:47.235374Z,"{""Intent"": ""<b>ASSESSMENT</b><br><span style='color:#D84315; font-size:15px; margin-right:10px;'>Acute Assessment</span><span style='color:#689F38; font-size:15px; margin-right:10px;'>Reassessment</span><span style='color:#1E88E5; font-size:15px; margin-right:10px;'>Medications</span><span style='color:#9C27B0; font-size:15px; margin-right:10px;'>Diagnostic Testing</span><span style='color:#F06292; font-size:15px; margin-right:10px;'>Other Treatments</span><span style='color:#00897B; font-size:15px; margin-right:10px;'>Follow-up</span><span style='color:#C62828; font-size:15px; margin-right:10px;'>Discussion</span><span style='color:#6A1B9A; font-size:15px; margin-right:10px;'>Referral</span><span style='color:#C2185B; font-size:15px; margin-right:10px;'>Acute Symptoms</span><span style='color:#0288D1; font-size:15px; margin-right:10px;'>Personal Information</span><span style='color:#673AB7; font-size:15px; margin-right:10px;'>Personal History</span><span style='color:#EF6C00; font-size:15px; margin-right:10px;'>Family History</span><span style='color:#009688; font-size:15px; margin-right:10px;'>Drug History</span><span style='color:#303F9F; font-size:15px; margin-right:10px;'>Theraputic History</span><span style='color:#E91E63; font-size:15px; margin-right:10px;'>Vegetative History</span><span style='color:#26C6DA; font-size:15px; margin-right:10px;'>Other Social</span><span style='color:#00796B; font-size:15px; margin-right:10px;'>Physical Examination</span><span style='color:#5D4037; font-size:15px; margin-right:10px;'>Radiology Examination</span><span style='color:#F44336; font-size:15px; margin-right:10px;'>Lab Examination</span>"", ""Note"": ""<ol><li><span style='color:#689F38;' data-toggle='tooltip' data-html='true' title='Reassessment'>1. Hypertension with headaches.\n- Medical Reasoning: Patient presents today with complaints of increasing headaches and elevated blood pressure readings at home.</span> <span style='color:#689F38; font-size:14px;'>(<b>Reassessment</b>)</span></li><li><span style='color:#689F38;' data-toggle='tooltip' data-html='true' title='Reassessment'>2. Diabetes.\n- Medical Reasoning: Patient has been experiencing slightly elevated glucose levels with her home monitoring.</span> <span style='color:#689F38; font-size:14px;'>(<b>Reassessment</b>)</span></li></ol>""}"
10546,3,"Glomerulonephritis.
- Medical Reasoning: The patient presents today with a complaint of back pain, although this was not present on exam today with palpation. He also has a history of recurrent strep throat and a recent CT scan with concerns of possible glomerulonephritis.",2025-06-24T12:27:39.901805Z,D2N198,11022,"[{""start"":0,""end"":19,""text"":""Glomerulonephritis."",""labels"":[""Acute Assessment""]},{""start"":21,""end"":157,""text"":"" Medical Reasoning: The patient presents today with a complaint of back pain, although this was not present on exam today with palpation"",""labels"":[""Acute Symptoms""]},{""start"":159,""end"":206,""text"":""He also has a history of recurrent strep throat"",""labels"":[""Personal History""]},{""start"":207,""end"":273,""text"":""and a recent CT scan with concerns of possible glomerulonephritis."",""labels"":[""Acute Assessment""]}]",50.713,ASSESSMENT,D2N198_2,2025-06-24T12:27:39.901848Z,"{""Intent"": ""<b>ASSESSMENT</b><br><span style='color:#D84315; font-size:15px; margin-right:10px;'>Acute Assessment</span><span style='color:#689F38; font-size:15px; margin-right:10px;'>Reassessment</span><span style='color:#1E88E5; font-size:15px; margin-right:10px;'>Medications</span><span style='color:#9C27B0; font-size:15px; margin-right:10px;'>Diagnostic Testing</span><span style='color:#F06292; font-size:15px; margin-right:10px;'>Other Treatments</span><span style='color:#00897B; font-size:15px; margin-right:10px;'>Follow-up</span><span style='color:#C62828; font-size:15px; margin-right:10px;'>Discussion</span><span style='color:#6A1B9A; font-size:15px; margin-right:10px;'>Referral</span><span style='color:#C2185B; font-size:15px; margin-right:10px;'>Acute Symptoms</span><span style='color:#0288D1; font-size:15px; margin-right:10px;'>Personal Information</span><span style='color:#673AB7; font-size:15px; margin-right:10px;'>Personal History</span><span style='color:#EF6C00; font-size:15px; margin-right:10px;'>Family History</span><span style='color:#009688; font-size:15px; margin-right:10px;'>Drug History</span><span style='color:#303F9F; font-size:15px; margin-right:10px;'>Theraputic History</span><span style='color:#E91E63; font-size:15px; margin-right:10px;'>Vegetative History</span><span style='color:#26C6DA; font-size:15px; margin-right:10px;'>Other Social</span><span style='color:#00796B; font-size:15px; margin-right:10px;'>Physical Examination</span><span style='color:#5D4037; font-size:15px; margin-right:10px;'>Radiology Examination</span><span style='color:#F44336; font-size:15px; margin-right:10px;'>Lab Examination</span>"", ""Note"": ""<ol><li><span style='color:#D84315;' data-toggle='tooltip' data-html='true' title='Acute Assessment'>Glomerulonephritis.</span> <span style='color:#D84315; font-size:14px;'>(<b>Acute Assessment</b>)</span></li><li><span style='color:#C2185B;' data-toggle='tooltip' data-html='true' title='Acute Symptoms'> Medical Reasoning: The patient presents today with a complaint of back pain, although this was not present on exam today with palpation</span> <span style='color:#C2185B; font-size:14px;'>(<b>Acute Symptoms</b>)</span></li><li><span style='color:#673AB7;' data-toggle='tooltip' data-html='true' title='Personal History'>He also has a history of recurrent strep throat</span> <span style='color:#673AB7; font-size:14px;'>(<b>Personal History</b>)</span></li><li><span style='color:#D84315;' data-toggle='tooltip' data-html='true' title='Acute Assessment'>and a recent CT scan with concerns of possible glomerulonephritis.</span> <span style='color:#D84315; font-size:14px;'>(<b>Acute Assessment</b>)</span></li></ol>""}"
10548,3,"1. Cough.
- Medical Reasoning: The patient presents with a cough likely due to a viral syndrome such as mild bronchitis.

2. Right knee pain.
- Medical Reasoning: The patient's physical exam is consistent with a right medial lateral ligament strain.

3. Hypertension.
- Medical Reasoning: The patient's blood pressure in office today looked great and appears stable at this time.

4. Diabetes.
- Medical Reasoning: The patient does not check his blood sugar at home and admits to not watching his diet.",2025-06-24T12:30:35.506366Z,D2N199,11023,"[{""start"":0,""end"":120,""text"":""1. Cough.\\n- Medical Reasoning: The patient presents with a cough likely due to a viral syndrome such as mild bronchitis."",""labels"":[""Acute Assessment""]},{""start"":122,""end"":249,""text"":""2. Right knee pain.\\n- Medical Reasoning: The patient's physical exam is consistent with a right medial lateral ligament strain."",""labels"":[""Acute Assessment""]},{""start"":251,""end"":379,""text"":""\\n3. Hypertension.\\n- Medical Reasoning: The patient's blood pressure in office today looked great and appears stable at this time."",""labels"":[""Reassessment""]},{""start"":381,""end"":502,""text"":""4. Diabetes.\\n- Medical Reasoning: The patient does not check his blood sugar at home and admits to not watching his diet."",""labels"":[""Reassessment""]}]",173.435,ASSESSMENT,D2N199_2,2025-06-24T12:30:35.506414Z,"{""Intent"": ""<b>ASSESSMENT</b><br><span style='color:#D84315; font-size:15px; margin-right:10px;'>Acute Assessment</span><span style='color:#689F38; font-size:15px; margin-right:10px;'>Reassessment</span><span style='color:#1E88E5; font-size:15px; margin-right:10px;'>Medications</span><span style='color:#9C27B0; font-size:15px; margin-right:10px;'>Diagnostic Testing</span><span style='color:#F06292; font-size:15px; margin-right:10px;'>Other Treatments</span><span style='color:#00897B; font-size:15px; margin-right:10px;'>Follow-up</span><span style='color:#C62828; font-size:15px; margin-right:10px;'>Discussion</span><span style='color:#6A1B9A; font-size:15px; margin-right:10px;'>Referral</span><span style='color:#C2185B; font-size:15px; margin-right:10px;'>Acute Symptoms</span><span style='color:#0288D1; font-size:15px; margin-right:10px;'>Personal Information</span><span style='color:#673AB7; font-size:15px; margin-right:10px;'>Personal History</span><span style='color:#EF6C00; font-size:15px; margin-right:10px;'>Family History</span><span style='color:#009688; font-size:15px; margin-right:10px;'>Drug History</span><span style='color:#303F9F; font-size:15px; margin-right:10px;'>Theraputic History</span><span style='color:#E91E63; font-size:15px; margin-right:10px;'>Vegetative History</span><span style='color:#26C6DA; font-size:15px; margin-right:10px;'>Other Social</span><span style='color:#00796B; font-size:15px; margin-right:10px;'>Physical Examination</span><span style='color:#5D4037; font-size:15px; margin-right:10px;'>Radiology Examination</span><span style='color:#F44336; font-size:15px; margin-right:10px;'>Lab Examination</span>"", ""Note"": ""<ol><li><span style='color:#D84315;' data-toggle='tooltip' data-html='true' title='Acute Assessment'>1. Cough.\n- Medical Reasoning: The patient presents with a cough likely due to a viral syndrome such as mild bronchitis.</span> <span style='color:#D84315; font-size:14px;'>(<b>Acute Assessment</b>)</span></li><li><span style='color:#D84315;' data-toggle='tooltip' data-html='true' title='Acute Assessment'>2. Right knee pain.\n- Medical Reasoning: The patient's physical exam is consistent with a right medial lateral ligament strain.</span> <span style='color:#D84315; font-size:14px;'>(<b>Acute Assessment</b>)</span></li><li><span style='color:#689F38;' data-toggle='tooltip' data-html='true' title='Reassessment'>3. Hypertension.\n- Medical Reasoning: The patient's blood pressure in office today looked great and appears stable at this time.</span> <span style='color:#689F38; font-size:14px;'>(<b>Reassessment</b>)</span></li><li><span style='color:#689F38;' data-toggle='tooltip' data-html='true' title='Reassessment'>4. Diabetes.\n- Medical Reasoning: The patient does not check his blood sugar at home and admits to not watching his diet.</span> <span style='color:#689F38; font-size:14px;'>(<b>Reassessment</b>)</span></li></ol>""}"
10550,3,"1. Hypertension, uncontrolled.
- Medical Reasoning: The patient's blood pressure is is elevated.

2. Type 2 diabetes.
- Medical Reasoning: The patient's diabetes is uncontrolled.",2025-06-24T12:42:31.895226Z,D2N200,11024,"[{""start"":0,""end"":96,""text"":""1. Hypertension, uncontrolled.\\n- Medical Reasoning: The patient's blood pressure is is elevated."",""labels"":[""Reassessment""]},{""start"":98,""end"":178,""text"":""2. Type 2 diabetes.\\n- Medical Reasoning: The patient's diabetes is uncontrolled."",""labels"":[""Reassessment""]}]",701.341,ASSESSMENT,D2N200_2,2025-06-24T12:42:31.895268Z,"{""Intent"": ""<b>ASSESSMENT</b><br><span style='color:#D84315; font-size:15px; margin-right:10px;'>Acute Assessment</span><span style='color:#689F38; font-size:15px; margin-right:10px;'>Reassessment</span><span style='color:#1E88E5; font-size:15px; margin-right:10px;'>Medications</span><span style='color:#9C27B0; font-size:15px; margin-right:10px;'>Diagnostic Testing</span><span style='color:#F06292; font-size:15px; margin-right:10px;'>Other Treatments</span><span style='color:#00897B; font-size:15px; margin-right:10px;'>Follow-up</span><span style='color:#C62828; font-size:15px; margin-right:10px;'>Discussion</span><span style='color:#6A1B9A; font-size:15px; margin-right:10px;'>Referral</span><span style='color:#C2185B; font-size:15px; margin-right:10px;'>Acute Symptoms</span><span style='color:#0288D1; font-size:15px; margin-right:10px;'>Personal Information</span><span style='color:#673AB7; font-size:15px; margin-right:10px;'>Personal History</span><span style='color:#EF6C00; font-size:15px; margin-right:10px;'>Family History</span><span style='color:#009688; font-size:15px; margin-right:10px;'>Drug History</span><span style='color:#303F9F; font-size:15px; margin-right:10px;'>Theraputic History</span><span style='color:#E91E63; font-size:15px; margin-right:10px;'>Vegetative History</span><span style='color:#26C6DA; font-size:15px; margin-right:10px;'>Other Social</span><span style='color:#00796B; font-size:15px; margin-right:10px;'>Physical Examination</span><span style='color:#5D4037; font-size:15px; margin-right:10px;'>Radiology Examination</span><span style='color:#F44336; font-size:15px; margin-right:10px;'>Lab Examination</span>"", ""Note"": ""<ol><li><span style='color:#689F38;' data-toggle='tooltip' data-html='true' title='Reassessment'>1. Hypertension, uncontrolled.\n- Medical Reasoning: The patient's blood pressure is is elevated.</span> <span style='color:#689F38; font-size:14px;'>(<b>Reassessment</b>)</span></li><li><span style='color:#689F38;' data-toggle='tooltip' data-html='true' title='Reassessment'>2. Type 2 diabetes.\n- Medical Reasoning: The patient's diabetes is uncontrolled.</span> <span style='color:#689F38; font-size:14px;'>(<b>Reassessment</b>)</span></li></ol>""}"
10552,3,"ASSESSMENT

Chronic lumbar back pain.",2025-06-24T13:01:01.826287Z,D2N201,11025,"[{""start"":12,""end"":37,""text"":""Chronic lumbar back pain."",""labels"":[""Acute Assessment""]}]",1108.136,ASSESSMENT,D2N201_2,2025-06-24T13:01:01.826342Z,"{""Intent"": ""<b>ASSESSMENT</b><br><span style='color:#D84315; font-size:15px; margin-right:10px;'>Acute Assessment</span><span style='color:#689F38; font-size:15px; margin-right:10px;'>Reassessment</span><span style='color:#1E88E5; font-size:15px; margin-right:10px;'>Medications</span><span style='color:#9C27B0; font-size:15px; margin-right:10px;'>Diagnostic Testing</span><span style='color:#F06292; font-size:15px; margin-right:10px;'>Other Treatments</span><span style='color:#00897B; font-size:15px; margin-right:10px;'>Follow-up</span><span style='color:#C62828; font-size:15px; margin-right:10px;'>Discussion</span><span style='color:#6A1B9A; font-size:15px; margin-right:10px;'>Referral</span><span style='color:#C2185B; font-size:15px; margin-right:10px;'>Acute Symptoms</span><span style='color:#0288D1; font-size:15px; margin-right:10px;'>Personal Information</span><span style='color:#673AB7; font-size:15px; margin-right:10px;'>Personal History</span><span style='color:#EF6C00; font-size:15px; margin-right:10px;'>Family History</span><span style='color:#009688; font-size:15px; margin-right:10px;'>Drug History</span><span style='color:#303F9F; font-size:15px; margin-right:10px;'>Theraputic History</span><span style='color:#E91E63; font-size:15px; margin-right:10px;'>Vegetative History</span><span style='color:#26C6DA; font-size:15px; margin-right:10px;'>Other Social</span><span style='color:#00796B; font-size:15px; margin-right:10px;'>Physical Examination</span><span style='color:#5D4037; font-size:15px; margin-right:10px;'>Radiology Examination</span><span style='color:#F44336; font-size:15px; margin-right:10px;'>Lab Examination</span>"", ""Note"": ""<ol><li><span style='color:#D84315;' data-toggle='tooltip' data-html='true' title='Acute Assessment'>Chronic lumbar back pain.</span> <span style='color:#D84315; font-size:14px;'>(<b>Acute Assessment</b>)</span></li></ol>""}"
10554,3,"ASSESSMENT

Right shoulder rotator cuff tendinopathy.",2025-06-24T13:07:37.899160Z,D2N202,11026,"[{""start"":12,""end"":53,""text"":""Right shoulder rotator cuff tendinopathy."",""labels"":[""Acute Assessment""]}]",392.936,ASSESSMENT,D2N202_2,2025-06-24T13:07:37.899203Z,"{""Intent"": ""<b>ASSESSMENT</b><br><span style='color:#D84315; font-size:15px; margin-right:10px;'>Acute Assessment</span><span style='color:#689F38; font-size:15px; margin-right:10px;'>Reassessment</span><span style='color:#1E88E5; font-size:15px; margin-right:10px;'>Medications</span><span style='color:#9C27B0; font-size:15px; margin-right:10px;'>Diagnostic Testing</span><span style='color:#F06292; font-size:15px; margin-right:10px;'>Other Treatments</span><span style='color:#00897B; font-size:15px; margin-right:10px;'>Follow-up</span><span style='color:#C62828; font-size:15px; margin-right:10px;'>Discussion</span><span style='color:#6A1B9A; font-size:15px; margin-right:10px;'>Referral</span><span style='color:#C2185B; font-size:15px; margin-right:10px;'>Acute Symptoms</span><span style='color:#0288D1; font-size:15px; margin-right:10px;'>Personal Information</span><span style='color:#673AB7; font-size:15px; margin-right:10px;'>Personal History</span><span style='color:#EF6C00; font-size:15px; margin-right:10px;'>Family History</span><span style='color:#009688; font-size:15px; margin-right:10px;'>Drug History</span><span style='color:#303F9F; font-size:15px; margin-right:10px;'>Theraputic History</span><span style='color:#E91E63; font-size:15px; margin-right:10px;'>Vegetative History</span><span style='color:#26C6DA; font-size:15px; margin-right:10px;'>Other Social</span><span style='color:#00796B; font-size:15px; margin-right:10px;'>Physical Examination</span><span style='color:#5D4037; font-size:15px; margin-right:10px;'>Radiology Examination</span><span style='color:#F44336; font-size:15px; margin-right:10px;'>Lab Examination</span>"", ""Note"": ""<ol><li><span style='color:#D84315;' data-toggle='tooltip' data-html='true' title='Acute Assessment'>Right shoulder rotator cuff tendinopathy.</span> <span style='color:#D84315; font-size:14px;'>(<b>Acute Assessment</b>)</span></li></ol>""}"
10556,3,"1. Wet macular degeneration.
- Medical Reasoning: The diagnostic test and eye exams are consistent with neovascular age-related macular degeneration, also called wet macular degeneration.",2025-06-24T13:10:08.241533Z,D2N203,11027,"[{""start"":0,""end"":187,""text"":""1. Wet macular degeneration.\\n- Medical Reasoning: The diagnostic test and eye exams are consistent with neovascular age-related macular degeneration, also called wet macular degeneration."",""labels"":[""Acute Assessment""]}]",148.287,ASSESSMENT,D2N203_2,2025-06-24T13:10:08.241577Z,"{""Intent"": ""<b>ASSESSMENT</b><br><span style='color:#D84315; font-size:15px; margin-right:10px;'>Acute Assessment</span><span style='color:#689F38; font-size:15px; margin-right:10px;'>Reassessment</span><span style='color:#1E88E5; font-size:15px; margin-right:10px;'>Medications</span><span style='color:#9C27B0; font-size:15px; margin-right:10px;'>Diagnostic Testing</span><span style='color:#F06292; font-size:15px; margin-right:10px;'>Other Treatments</span><span style='color:#00897B; font-size:15px; margin-right:10px;'>Follow-up</span><span style='color:#C62828; font-size:15px; margin-right:10px;'>Discussion</span><span style='color:#6A1B9A; font-size:15px; margin-right:10px;'>Referral</span><span style='color:#C2185B; font-size:15px; margin-right:10px;'>Acute Symptoms</span><span style='color:#0288D1; font-size:15px; margin-right:10px;'>Personal Information</span><span style='color:#673AB7; font-size:15px; margin-right:10px;'>Personal History</span><span style='color:#EF6C00; font-size:15px; margin-right:10px;'>Family History</span><span style='color:#009688; font-size:15px; margin-right:10px;'>Drug History</span><span style='color:#303F9F; font-size:15px; margin-right:10px;'>Theraputic History</span><span style='color:#E91E63; font-size:15px; margin-right:10px;'>Vegetative History</span><span style='color:#26C6DA; font-size:15px; margin-right:10px;'>Other Social</span><span style='color:#00796B; font-size:15px; margin-right:10px;'>Physical Examination</span><span style='color:#5D4037; font-size:15px; margin-right:10px;'>Radiology Examination</span><span style='color:#F44336; font-size:15px; margin-right:10px;'>Lab Examination</span>"", ""Note"": ""<ol><li><span style='color:#D84315;' data-toggle='tooltip' data-html='true' title='Acute Assessment'>1. Wet macular degeneration.\n- Medical Reasoning: The diagnostic test and eye exams are consistent with neovascular age-related macular degeneration, also called wet macular degeneration.</span> <span style='color:#D84315; font-size:14px;'>(<b>Acute Assessment</b>)</span></li></ol>""}"
10558,3,"ASSESSMENT

1. Right knee contusion.
2. Right shoulder pain.",2025-06-24T13:13:26.519517Z,D2N204,11028,"[{""start"":12,""end"":36,""text"":""1. Right knee contusion."",""labels"":[""Acute Assessment""]},{""start"":37,""end"":60,""text"":""2. Right shoulder pain."",""labels"":[""Acute Assessment""]}]",196.884,ASSESSMENT,D2N204_2,2025-06-24T13:13:26.519564Z,"{""Intent"": ""<b>ASSESSMENT</b><br><span style='color:#D84315; font-size:15px; margin-right:10px;'>Acute Assessment</span><span style='color:#689F38; font-size:15px; margin-right:10px;'>Reassessment</span><span style='color:#1E88E5; font-size:15px; margin-right:10px;'>Medications</span><span style='color:#9C27B0; font-size:15px; margin-right:10px;'>Diagnostic Testing</span><span style='color:#F06292; font-size:15px; margin-right:10px;'>Other Treatments</span><span style='color:#00897B; font-size:15px; margin-right:10px;'>Follow-up</span><span style='color:#C62828; font-size:15px; margin-right:10px;'>Discussion</span><span style='color:#6A1B9A; font-size:15px; margin-right:10px;'>Referral</span><span style='color:#C2185B; font-size:15px; margin-right:10px;'>Acute Symptoms</span><span style='color:#0288D1; font-size:15px; margin-right:10px;'>Personal Information</span><span style='color:#673AB7; font-size:15px; margin-right:10px;'>Personal History</span><span style='color:#EF6C00; font-size:15px; margin-right:10px;'>Family History</span><span style='color:#009688; font-size:15px; margin-right:10px;'>Drug History</span><span style='color:#303F9F; font-size:15px; margin-right:10px;'>Theraputic History</span><span style='color:#E91E63; font-size:15px; margin-right:10px;'>Vegetative History</span><span style='color:#26C6DA; font-size:15px; margin-right:10px;'>Other Social</span><span style='color:#00796B; font-size:15px; margin-right:10px;'>Physical Examination</span><span style='color:#5D4037; font-size:15px; margin-right:10px;'>Radiology Examination</span><span style='color:#F44336; font-size:15px; margin-right:10px;'>Lab Examination</span>"", ""Note"": ""<ol><li><span style='color:#D84315;' data-toggle='tooltip' data-html='true' title='Acute Assessment'>1. Right knee contusion.</span> <span style='color:#D84315; font-size:14px;'>(<b>Acute Assessment</b>)</span></li><li><span style='color:#D84315;' data-toggle='tooltip' data-html='true' title='Acute Assessment'>2. Right shoulder pain.</span> <span style='color:#D84315; font-size:14px;'>(<b>Acute Assessment</b>)</span></li></ol>""}"
10560,3,"1. Stage III non-small cell lung cancer.
- Medical Reasoning: This is a new diagnosis for this patient. Recent pathology report showed evidence of a 4.4 cm left upper lobe nodule.

2. Radiation pneumonitis.
- Medical Reasoning: Recent chest x-ray showed evidence of mild radiation pneumonitis.

3. Odynophagia.
- Medical Reasoning: Patient reports symptoms of painful swallowing.",2025-06-24T13:17:41.655228Z,D2N205,11029,"[{""start"":0,""end"":179,""text"":""1. Stage III non-small cell lung cancer.\\n- Medical Reasoning: This is a new diagnosis for this patient. Recent pathology report showed evidence of a 4.4 cm left upper lobe nodule."",""labels"":[""Acute Assessment""]},{""start"":181,""end"":293,""text"":""\\n2. Radiation pneumonitis.\\n- Medical Reasoning: Recent chest x-ray showed evidence of mild radiation pneumonitis."",""labels"":[""Acute Assessment""]},{""start"":295,""end"":379,""text"":""3. Odynophagia.\\n- Medical Reasoning: Patient reports symptoms of painful swallowing."",""labels"":[""Acute Assessment""]}]",252.506,ASSESSMENT,D2N205_2,2025-06-24T13:17:41.655271Z,"{""Intent"": ""<b>ASSESSMENT</b><br><span style='color:#D84315; font-size:15px; margin-right:10px;'>Acute Assessment</span><span style='color:#689F38; font-size:15px; margin-right:10px;'>Reassessment</span><span style='color:#1E88E5; font-size:15px; margin-right:10px;'>Medications</span><span style='color:#9C27B0; font-size:15px; margin-right:10px;'>Diagnostic Testing</span><span style='color:#F06292; font-size:15px; margin-right:10px;'>Other Treatments</span><span style='color:#00897B; font-size:15px; margin-right:10px;'>Follow-up</span><span style='color:#C62828; font-size:15px; margin-right:10px;'>Discussion</span><span style='color:#6A1B9A; font-size:15px; margin-right:10px;'>Referral</span><span style='color:#C2185B; font-size:15px; margin-right:10px;'>Acute Symptoms</span><span style='color:#0288D1; font-size:15px; margin-right:10px;'>Personal Information</span><span style='color:#673AB7; font-size:15px; margin-right:10px;'>Personal History</span><span style='color:#EF6C00; font-size:15px; margin-right:10px;'>Family History</span><span style='color:#009688; font-size:15px; margin-right:10px;'>Drug History</span><span style='color:#303F9F; font-size:15px; margin-right:10px;'>Theraputic History</span><span style='color:#E91E63; font-size:15px; margin-right:10px;'>Vegetative History</span><span style='color:#26C6DA; font-size:15px; margin-right:10px;'>Other Social</span><span style='color:#00796B; font-size:15px; margin-right:10px;'>Physical Examination</span><span style='color:#5D4037; font-size:15px; margin-right:10px;'>Radiology Examination</span><span style='color:#F44336; font-size:15px; margin-right:10px;'>Lab Examination</span>"", ""Note"": ""<ol><li><span style='color:#D84315;' data-toggle='tooltip' data-html='true' title='Acute Assessment'>1. Stage III non-small cell lung cancer.\n- Medical Reasoning: This is a new diagnosis for this patient. Recent pathology report showed evidence of a 4.4 cm left upper lobe nodule.</span> <span style='color:#D84315; font-size:14px;'>(<b>Acute Assessment</b>)</span></li><li><span style='color:#D84315;' data-toggle='tooltip' data-html='true' title='Acute Assessment'>2. Radiation pneumonitis.\n- Medical Reasoning: Recent chest x-ray showed evidence of mild radiation pneumonitis.</span> <span style='color:#D84315; font-size:14px;'>(<b>Acute Assessment</b>)</span></li><li><span style='color:#D84315;' data-toggle='tooltip' data-html='true' title='Acute Assessment'>3. Odynophagia.\n- Medical Reasoning: Patient reports symptoms of painful swallowing.</span> <span style='color:#D84315; font-size:14px;'>(<b>Acute Assessment</b>)</span></li></ol>""}"
10562,3,"ASSESSMENT

Kidney stone, right side.",2025-06-24T13:19:40.346223Z,D2N206,11030,"[{""start"":12,""end"":37,""text"":""Kidney stone, right side."",""labels"":[""Acute Assessment""]}]",115.902,ASSESSMENT,D2N206_2,2025-06-24T13:19:40.346269Z,"{""Intent"": ""<b>ASSESSMENT</b><br><span style='color:#D84315; font-size:15px; margin-right:10px;'>Acute Assessment</span><span style='color:#689F38; font-size:15px; margin-right:10px;'>Reassessment</span><span style='color:#1E88E5; font-size:15px; margin-right:10px;'>Medications</span><span style='color:#9C27B0; font-size:15px; margin-right:10px;'>Diagnostic Testing</span><span style='color:#F06292; font-size:15px; margin-right:10px;'>Other Treatments</span><span style='color:#00897B; font-size:15px; margin-right:10px;'>Follow-up</span><span style='color:#C62828; font-size:15px; margin-right:10px;'>Discussion</span><span style='color:#6A1B9A; font-size:15px; margin-right:10px;'>Referral</span><span style='color:#C2185B; font-size:15px; margin-right:10px;'>Acute Symptoms</span><span style='color:#0288D1; font-size:15px; margin-right:10px;'>Personal Information</span><span style='color:#673AB7; font-size:15px; margin-right:10px;'>Personal History</span><span style='color:#EF6C00; font-size:15px; margin-right:10px;'>Family History</span><span style='color:#009688; font-size:15px; margin-right:10px;'>Drug History</span><span style='color:#303F9F; font-size:15px; margin-right:10px;'>Theraputic History</span><span style='color:#E91E63; font-size:15px; margin-right:10px;'>Vegetative History</span><span style='color:#26C6DA; font-size:15px; margin-right:10px;'>Other Social</span><span style='color:#00796B; font-size:15px; margin-right:10px;'>Physical Examination</span><span style='color:#5D4037; font-size:15px; margin-right:10px;'>Radiology Examination</span><span style='color:#F44336; font-size:15px; margin-right:10px;'>Lab Examination</span>"", ""Note"": ""<ol><li><span style='color:#D84315;' data-toggle='tooltip' data-html='true' title='Acute Assessment'>Kidney stone, right side.</span> <span style='color:#D84315; font-size:14px;'>(<b>Acute Assessment</b>)</span></li></ol>""}"
10564,3,"1. Acute heart failure exacerbation.
- Medical Reasoning: The patientâs physical examination today suggests he is retaining fluid. His shortness of breath is also the result of an acute heart failure exacerbation. His recent dietary indiscretion may have contributed to this development.

2. Coronary artery disease.
- Medical Reasoning: He is doing well except for the heart failure exacerbation.

3. Stage 3 chronic kidney disease.
- Medical Reasoning: This appears to be stable.

4. Possible gout flare.
- Medical Reasoning: The patientâs recent great toe pain may have been a possible gout flare related to his chronic kidney disease.",2025-06-24T13:23:22.666082Z,D2N207,11031,"[{""start"":0,""end"":289,""text"":""1. Acute heart failure exacerbation.\\n- Medical Reasoning: The patientâs physical examination today suggests he is retaining fluid. His shortness of breath is also the result of an acute heart failure exacerbation. His recent dietary indiscretion may have contributed to this development.\\n"",""labels"":[""Acute Assessment""]},{""start"":291,""end"":399,""text"":""2. Coronary artery disease.\\n- Medical Reasoning: He is doing well except for the heart failure exacerbation."",""labels"":[""Reassessment""]},{""start"":401,""end"":483,""text"":""3. Stage 3 chronic kidney disease.\\n- Medical Reasoning: This appears to be stable.\\n"",""labels"":[""Reassessment""]},{""start"":485,""end"":642,""text"":""4. Possible gout flare.\\n- Medical Reasoning: The patientâs recent great toe pain may have been a possible gout flare related to his chronic kidney disease."",""labels"":[""Acute Assessment""]}]",218.099,ASSESSMENT,D2N207_2,2025-06-24T13:23:22.666129Z,"{""Intent"": ""<b>ASSESSMENT</b><br><span style='color:#D84315; font-size:15px; margin-right:10px;'>Acute Assessment</span><span style='color:#689F38; font-size:15px; margin-right:10px;'>Reassessment</span><span style='color:#1E88E5; font-size:15px; margin-right:10px;'>Medications</span><span style='color:#9C27B0; font-size:15px; margin-right:10px;'>Diagnostic Testing</span><span style='color:#F06292; font-size:15px; margin-right:10px;'>Other Treatments</span><span style='color:#00897B; font-size:15px; margin-right:10px;'>Follow-up</span><span style='color:#C62828; font-size:15px; margin-right:10px;'>Discussion</span><span style='color:#6A1B9A; font-size:15px; margin-right:10px;'>Referral</span><span style='color:#C2185B; font-size:15px; margin-right:10px;'>Acute Symptoms</span><span style='color:#0288D1; font-size:15px; margin-right:10px;'>Personal Information</span><span style='color:#673AB7; font-size:15px; margin-right:10px;'>Personal History</span><span style='color:#EF6C00; font-size:15px; margin-right:10px;'>Family History</span><span style='color:#009688; font-size:15px; margin-right:10px;'>Drug History</span><span style='color:#303F9F; font-size:15px; margin-right:10px;'>Theraputic History</span><span style='color:#E91E63; font-size:15px; margin-right:10px;'>Vegetative History</span><span style='color:#26C6DA; font-size:15px; margin-right:10px;'>Other Social</span><span style='color:#00796B; font-size:15px; margin-right:10px;'>Physical Examination</span><span style='color:#5D4037; font-size:15px; margin-right:10px;'>Radiology Examination</span><span style='color:#F44336; font-size:15px; margin-right:10px;'>Lab Examination</span>"", ""Note"": ""<ol><li><span style='color:#D84315;' data-toggle='tooltip' data-html='true' title='Acute Assessment'>1. Acute heart failure exacerbation.\n- Medical Reasoning: The patientâs physical examination today suggests he is retaining fluid. His shortness of breath is also the result of an acute heart failure exacerbation. His recent dietary indiscretion may have contributed to this development.</span> <span style='color:#D84315; font-size:14px;'>(<b>Acute Assessment</b>)</span></li><li><span style='color:#689F38;' data-toggle='tooltip' data-html='true' title='Reassessment'>2. Coronary artery disease.\n- Medical Reasoning: He is doing well except for the heart failure exacerbation.</span> <span style='color:#689F38; font-size:14px;'>(<b>Reassessment</b>)</span></li><li><span style='color:#689F38;' data-toggle='tooltip' data-html='true' title='Reassessment'>3. Stage 3 chronic kidney disease.\n- Medical Reasoning: This appears to be stable.</span> <span style='color:#689F38; font-size:14px;'>(<b>Reassessment</b>)</span></li><li><span style='color:#D84315;' data-toggle='tooltip' data-html='true' title='Acute Assessment'>4. Possible gout flare.\n- Medical Reasoning: The patientâs recent great toe pain may have been a possible gout flare related to his chronic kidney disease.</span> <span style='color:#D84315; font-size:14px;'>(<b>Acute Assessment</b>)</span></li></ol>""}"
10566,3,"Martha Collins is a 50-year-old female with a past medical history significant for congestive heart failure, depression, and hypertension who presents for her annual exam.

Congestive heart failure.
- Medical Reasoning: She has been compliant with her medication and dietary modifications. Her previous year's echocardiogram demonstrated a reduced ejection fraction of 45%, as well as some mitral regurgitation. Her cholesterol levels were slightly elevated on her lipid panel from last year.

Depression.
• Medical Reasoning: She is doing well with weekly therapy.

Hypertension.
• Medical Reasoning: She has been compliant with dietary modifications but has been inconsistent with the use of her medication. She attributes elevations in her blood pressure to increased stress.

Healthcare maintenance.
• Medical Reasoning: The patient is due for her routine mammogram.

",2025-06-24T13:39:27.486507Z,D2N001,11032,"[{""start"":0,""end"":38,""text"":""Martha Collins is a 50-year-old female"",""labels"":[""Personal Information""]},{""start"":39,""end"":137,""text"":""with a past medical history significant for congestive heart failure, depression, and hypertension"",""labels"":[""Personal History""]},{""start"":138,""end"":171,""text"":""who presents for her annual exam."",""labels"":[""Acute Symptoms""]},{""start"":199,""end"":289,""text"":""- Medical Reasoning: She has been compliant with her medication and dietary modifications."",""labels"":[""Reassessment""]},{""start"":290,""end"":411,""text"":""Her previous year's echocardiogram demonstrated a reduced ejection fraction of 45%, as well as some mitral regurgitation."",""labels"":[""Reassessment""]},{""start"":412,""end"":493,""text"":"""",""labels"":[""Reassessment""]},{""start"":494,""end"":565,""text"":""Depression.\\n• Medical Reasoning: She is doing well with weekly therapy."",""labels"":[""Reassessment""]},{""start"":567,""end"":708,""text"":""Hypertension.\\n• Medical Reasoning: She has been compliant with dietary modifications but has been inconsistent with the use of her medication"",""labels"":[""Reassessment""]},{""start"":581,""end"":710,""text"":""\\n• Medical Reasoning: She has been compliant with dietary modifications but has been inconsistent with the use of her medication. "",""labels"":[""Reassessment""]},{""start"":710,""end"":778,""text"":""She attributes elevations in her blood pressure to increased stress."",""labels"":[""Acute Symptoms""]},{""start"":780,""end"":870,""text"":""Healthcare maintenance.\\n• Medical Reasoning: The patient is due for her routine mammogram.\\n\\n"",""labels"":[""Diagnostic Testing""]}]",961.785,ASSESSMENT,D2N001_2,2025-06-24T13:39:27.486556Z,"{""Intent"": ""<b>ASSESSMENT</b><br><span style='color:#D84315; font-size:15px; margin-right:10px;'>Acute Assessment</span><span style='color:#689F38; font-size:15px; margin-right:10px;'>Reassessment</span><span style='color:#1E88E5; font-size:15px; margin-right:10px;'>Medications</span><span style='color:#9C27B0; font-size:15px; margin-right:10px;'>Diagnostic Testing</span><span style='color:#F06292; font-size:15px; margin-right:10px;'>Other Treatments</span><span style='color:#00897B; font-size:15px; margin-right:10px;'>Follow-up</span><span style='color:#C62828; font-size:15px; margin-right:10px;'>Discussion</span><span style='color:#6A1B9A; font-size:15px; margin-right:10px;'>Referral</span><span style='color:#C2185B; font-size:15px; margin-right:10px;'>Acute Symptoms</span><span style='color:#0288D1; font-size:15px; margin-right:10px;'>Personal Information</span><span style='color:#673AB7; font-size:15px; margin-right:10px;'>Personal History</span><span style='color:#EF6C00; font-size:15px; margin-right:10px;'>Family History</span><span style='color:#009688; font-size:15px; margin-right:10px;'>Drug History</span><span style='color:#303F9F; font-size:15px; margin-right:10px;'>Theraputic History</span><span style='color:#E91E63; font-size:15px; margin-right:10px;'>Vegetative History</span><span style='color:#26C6DA; font-size:15px; margin-right:10px;'>Other Social</span><span style='color:#00796B; font-size:15px; margin-right:10px;'>Physical Examination</span><span style='color:#5D4037; font-size:15px; margin-right:10px;'>Radiology Examination</span><span style='color:#F44336; font-size:15px; margin-right:10px;'>Lab Examination</span>"", ""Note"": ""<ol><li><span style='color:#0288D1;' data-toggle='tooltip' data-html='true' title='Personal Information'>Martha Collins is a 50-year-old female</span> <span style='color:#0288D1; font-size:14px;'>(<b>Personal Information</b>)</span></li><li><span style='color:#673AB7;' data-toggle='tooltip' data-html='true' title='Personal History'>with a past medical history significant for congestive heart failure, depression, and hypertension</span> <span style='color:#673AB7; font-size:14px;'>(<b>Personal History</b>)</span></li><li><span style='color:#C2185B;' data-toggle='tooltip' data-html='true' title='Acute Symptoms'>who presents for her annual exam.</span> <span style='color:#C2185B; font-size:14px;'>(<b>Acute Symptoms</b>)</span></li><li><span style='color:#689F38;' data-toggle='tooltip' data-html='true' title='Reassessment'>- Medical Reasoning: She has been compliant with her medication and dietary modifications.</span> <span style='color:#689F38; font-size:14px;'>(<b>Reassessment</b>)</span></li><li><span style='color:#689F38;' data-toggle='tooltip' data-html='true' title='Reassessment'>Her previous year's echocardiogram demonstrated a reduced ejection fraction of 45%, as well as some mitral regurgitation.</span> <span style='color:#689F38; font-size:14px;'>(<b>Reassessment</b>)</span></li><li><span style='color:#689F38;' data-toggle='tooltip' data-html='true' title='Reassessment'>Her cholesterol levels were slightly elevated on her lipid panel from last year.\n</span> <span style='color:#689F38; font-size:14px;'>(<b>Reassessment</b>)</span></li><li><span style='color:#689F38;' data-toggle='tooltip' data-html='true' title='Reassessment'>Depression.\n• Medical Reasoning: She is doing well with weekly therapy.</span> <span style='color:#689F38; font-size:14px;'>(<b>Reassessment</b>)</span></li><li><span style='color:#689F38;' data-toggle='tooltip' data-html='true' title='Reassessment'>Hypertension.\n• Medical Reasoning: She has been compliant with dietary modifications but has been inconsistent with the use of her medication</span> <span style='color:#689F38; font-size:14px;'>(<b>Reassessment</b>)</span></li><li><span style='color:#689F38;' data-toggle='tooltip' data-html='true' title='Reassessment'>• Medical Reasoning: She has been compliant with dietary modifications but has been inconsistent with the use of her medication. </span> <span style='color:#689F38; font-size:14px;'>(<b>Reassessment</b>)</span></li><li><span style='color:#C2185B;' data-toggle='tooltip' data-html='true' title='Acute Symptoms'>She attributes elevations in her blood pressure to increased stress.</span> <span style='color:#C2185B; font-size:14px;'>(<b>Acute Symptoms</b>)</span></li><li><span style='color:#9C27B0;' data-toggle='tooltip' data-html='true' title='Diagnostic Testing'>Healthcare maintenance.\n• Medical Reasoning: The patient is due for her routine mammogram.</span> <span style='color:#9C27B0; font-size:14px;'>(<b>Diagnostic Testing</b>)</span></li></ol>""}"
10567,3,"Andrew Perez is a 62-year-old male with a past medical history significant for a kidney transplant, hypothyroidism, and arthritis. He presents today with complaints of joint pain.

Arthritis.
- Medical Reasoning: The patient reports increased joint pain in his bilateral knees over the past weekend. Given that his right knee x-ray was unremarkable, I believe this is an acute exacerbation of his arthritis.

Hypothyroidism.
• Medical Reasoning: The patient is doing well on Synthroid and is asymptomatic at this time.

Status post renal transplant.
• Medical Reasoning: He is doing well and has been compliant with his immunosuppressive medications. On recent labs, his white blood cell count was within a normal limits and his kidney function is stable.

",2025-06-25T09:35:48.791488Z,D2N002,11033,"[{""start"":0,""end"":34,""text"":""Andrew Perez is a 62-year-old male"",""labels"":[""Personal Information""]},{""start"":35,""end"":129,""text"":""with a past medical history significant for a kidney transplant, hypothyroidism, and arthritis"",""labels"":[""Personal History""]},{""start"":131,""end"":179,""text"":""He presents today with complaints of joint pain.\\n"",""labels"":[""Acute Symptoms""]},{""start"":181,""end"":191,""text"":""Arthritis."",""labels"":[""Acute Assessment""]},{""start"":192,""end"":298,""text"":""- Medical Reasoning: The patient reports increased joint pain in his bilateral knees over the past weekend"",""labels"":[""Acute Symptoms""]},{""start"":300,""end"":349,""text"":""Given that his right knee x-ray was unremarkable,"",""labels"":[""Radiology Examination""]},{""start"":409,""end"":518,""text"":""Hypothyroidism.\\n• Medical Reasoning: The patient is doing well on Synthroid and is asymptomatic at this time."",""labels"":[""Reassessment""]},{""start"":520,""end"":650,""text"":""Status post renal transplant.\\n• Medical Reasoning: He is doing well and has been compliant with his immunosuppressive medications."",""labels"":[""Reassessment""]},{""start"":651,""end"":755,""text"":""On recent labs, his white blood cell count was within a normal limits and his kidney function is stable."",""labels"":[""Reassessment""]},{""start"":350,""end"":407,""text"":""I believe this is an acute exacerbation of his arthritis."",""labels"":[""Acute Assessment""]}]",488.854,ASSESSMENT,D2N002_2,2025-06-25T13:54:11.463037Z,"{""Intent"": ""<b>ASSESSMENT</b><br><span style='color:#D84315; font-size:15px; margin-right:10px;'>Acute Assessment</span><span style='color:#689F38; font-size:15px; margin-right:10px;'>Reassessment</span><span style='color:#1E88E5; font-size:15px; margin-right:10px;'>Medications</span><span style='color:#9C27B0; font-size:15px; margin-right:10px;'>Diagnostic Testing</span><span style='color:#F06292; font-size:15px; margin-right:10px;'>Other Treatments</span><span style='color:#00897B; font-size:15px; margin-right:10px;'>Follow-up</span><span style='color:#C62828; font-size:15px; margin-right:10px;'>Discussion</span><span style='color:#6A1B9A; font-size:15px; margin-right:10px;'>Referral</span><span style='color:#C2185B; font-size:15px; margin-right:10px;'>Acute Symptoms</span><span style='color:#0288D1; font-size:15px; margin-right:10px;'>Personal Information</span><span style='color:#673AB7; font-size:15px; margin-right:10px;'>Personal History</span><span style='color:#EF6C00; font-size:15px; margin-right:10px;'>Family History</span><span style='color:#009688; font-size:15px; margin-right:10px;'>Drug History</span><span style='color:#303F9F; font-size:15px; margin-right:10px;'>Theraputic History</span><span style='color:#E91E63; font-size:15px; margin-right:10px;'>Vegetative History</span><span style='color:#26C6DA; font-size:15px; margin-right:10px;'>Other Social</span><span style='color:#00796B; font-size:15px; margin-right:10px;'>Physical Examination</span><span style='color:#5D4037; font-size:15px; margin-right:10px;'>Radiology Examination</span><span style='color:#F44336; font-size:15px; margin-right:10px;'>Lab Examination</span>"", ""Note"": ""<ol><li><span style='color:#0288D1;' data-toggle='tooltip' data-html='true' title='Personal Information'>Andrew Perez is a 62-year-old male</span> <span style='color:#0288D1; font-size:14px;'>(<b>Personal Information</b>)</span></li><li><span style='color:#673AB7;' data-toggle='tooltip' data-html='true' title='Personal History'>with a past medical history significant for a kidney transplant, hypothyroidism, and arthritis</span> <span style='color:#673AB7; font-size:14px;'>(<b>Personal History</b>)</span></li><li><span style='color:#C2185B;' data-toggle='tooltip' data-html='true' title='Acute Symptoms'>He presents today with complaints of joint pain.</span> <span style='color:#C2185B; font-size:14px;'>(<b>Acute Symptoms</b>)</span></li><li><span style='color:#D84315;' data-toggle='tooltip' data-html='true' title='Acute Assessment'>Arthritis.</span> <span style='color:#D84315; font-size:14px;'>(<b>Acute Assessment</b>)</span></li><li><span style='color:#C2185B;' data-toggle='tooltip' data-html='true' title='Acute Symptoms'>- Medical Reasoning: The patient reports increased joint pain in his bilateral knees over the past weekend</span> <span style='color:#C2185B; font-size:14px;'>(<b>Acute Symptoms</b>)</span></li><li><span style='color:#5D4037;' data-toggle='tooltip' data-html='true' title='Radiology Examination'>Given that his right knee x-ray was unremarkable,</span> <span style='color:#5D4037; font-size:14px;'>(<b>Radiology Examination</b>)</span></li><li><span style='color:#D84315;' data-toggle='tooltip' data-html='true' title='Acute Assessment'>I believe this is an acute exacerbation of his arthritis.</span> <span style='color:#D84315; font-size:14px;'>(<b>Acute Assessment</b>)</span></li><li><span style='color:#689F38;' data-toggle='tooltip' data-html='true' title='Reassessment'>Hypothyroidism.\n• Medical Reasoning: The patient is doing well on Synthroid and is asymptomatic at this time.</span> <span style='color:#689F38; font-size:14px;'>(<b>Reassessment</b>)</span></li><li><span style='color:#689F38;' data-toggle='tooltip' data-html='true' title='Reassessment'>Status post renal transplant.\n• Medical Reasoning: He is doing well and has been compliant with his immunosuppressive medications.</span> <span style='color:#689F38; font-size:14px;'>(<b>Reassessment</b>)</span></li><li><span style='color:#689F38;' data-toggle='tooltip' data-html='true' title='Reassessment'>On recent labs, his white blood cell count was within a normal limits and his kidney function is stable.</span> <span style='color:#689F38; font-size:14px;'>(<b>Reassessment</b>)</span></li></ol>""}"
10569,3,"Mr. John Perry is a 61-year-old male with a past medical history significant for kidney stones, migraines, and gastroesophageal reflux, who presents with back pain.

Kidney stones.
- Medical Reasoning: He is experiencing pain in his back that is similar to his previous kidney stone pain. His recent abdominal x-ray demonstrates what appears to be a recurrent kidney stone.

Migraines.
• Medical Reasoning: He has been compliant with Imitrex and is doing well at this time.

Reflux.
• Medical Reasoning: This is typically well-controlled with dietary modifications.

",2025-06-25T09:39:02.465581Z,D2N003,11034,"[{""start"":0,""end"":36,""text"":""Mr. John Perry is a 61-year-old male"",""labels"":[""Personal Information""]},{""start"":37,""end"":135,""text"":""with a past medical history significant for kidney stones, migraines, and gastroesophageal reflux,"",""labels"":[""Personal History""]},{""start"":136,""end"":164,""text"":""who presents with back pain."",""labels"":[""Acute Symptoms""]},{""start"":166,""end"":287,""text"":""Kidney stones.\\n- Medical Reasoning: He is experiencing pain in his back that is similar to his previous kidney stone pain"",""labels"":[""Reassessment""]},{""start"":289,""end"":373,""text"":""His recent abdominal x-ray demonstrates what appears to be a recurrent kidney stone."",""labels"":[""Acute Assessment""]},{""start"":375,""end"":385,""text"":""Migraines."",""labels"":[""Reassessment""]},{""start"":387,""end"":441,""text"":"" Medical Reasoning: He has been compliant with Imitrex"",""labels"":[""Theraputic History""]},{""start"":442,""end"":473,""text"":""and is doing well at this time."",""labels"":[""Reassessment""]},{""start"":475,""end"":565,""text"":""Reflux.\\n• Medical Reasoning: This is typically well-controlled with dietary modifications."",""labels"":[""Reassessment""]}]",191.452,ASSESSMENT,D2N003_2,2025-06-25T09:39:02.465627Z,"{""Intent"": ""<b>ASSESSMENT</b><br><span style='color:#D84315; font-size:15px; margin-right:10px;'>Acute Assessment</span><span style='color:#689F38; font-size:15px; margin-right:10px;'>Reassessment</span><span style='color:#1E88E5; font-size:15px; margin-right:10px;'>Medications</span><span style='color:#9C27B0; font-size:15px; margin-right:10px;'>Diagnostic Testing</span><span style='color:#F06292; font-size:15px; margin-right:10px;'>Other Treatments</span><span style='color:#00897B; font-size:15px; margin-right:10px;'>Follow-up</span><span style='color:#C62828; font-size:15px; margin-right:10px;'>Discussion</span><span style='color:#6A1B9A; font-size:15px; margin-right:10px;'>Referral</span><span style='color:#C2185B; font-size:15px; margin-right:10px;'>Acute Symptoms</span><span style='color:#0288D1; font-size:15px; margin-right:10px;'>Personal Information</span><span style='color:#673AB7; font-size:15px; margin-right:10px;'>Personal History</span><span style='color:#EF6C00; font-size:15px; margin-right:10px;'>Family History</span><span style='color:#009688; font-size:15px; margin-right:10px;'>Drug History</span><span style='color:#303F9F; font-size:15px; margin-right:10px;'>Theraputic History</span><span style='color:#E91E63; font-size:15px; margin-right:10px;'>Vegetative History</span><span style='color:#26C6DA; font-size:15px; margin-right:10px;'>Other Social</span><span style='color:#00796B; font-size:15px; margin-right:10px;'>Physical Examination</span><span style='color:#5D4037; font-size:15px; margin-right:10px;'>Radiology Examination</span><span style='color:#F44336; font-size:15px; margin-right:10px;'>Lab Examination</span>"", ""Note"": ""<ol><li><span style='color:#0288D1;' data-toggle='tooltip' data-html='true' title='Personal Information'>Mr. John Perry is a 61-year-old male</span> <span style='color:#0288D1; font-size:14px;'>(<b>Personal Information</b>)</span></li><li><span style='color:#673AB7;' data-toggle='tooltip' data-html='true' title='Personal History'>with a past medical history significant for kidney stones, migraines, and gastroesophageal reflux,</span> <span style='color:#673AB7; font-size:14px;'>(<b>Personal History</b>)</span></li><li><span style='color:#C2185B;' data-toggle='tooltip' data-html='true' title='Acute Symptoms'>who presents with back pain.</span> <span style='color:#C2185B; font-size:14px;'>(<b>Acute Symptoms</b>)</span></li><li><span style='color:#689F38;' data-toggle='tooltip' data-html='true' title='Reassessment'>Kidney stones.\n- Medical Reasoning: He is experiencing pain in his back that is similar to his previous kidney stone pain</span> <span style='color:#689F38; font-size:14px;'>(<b>Reassessment</b>)</span></li><li><span style='color:#D84315;' data-toggle='tooltip' data-html='true' title='Acute Assessment'>His recent abdominal x-ray demonstrates what appears to be a recurrent kidney stone.</span> <span style='color:#D84315; font-size:14px;'>(<b>Acute Assessment</b>)</span></li><li><span style='color:#689F38;' data-toggle='tooltip' data-html='true' title='Reassessment'>Migraines.</span> <span style='color:#689F38; font-size:14px;'>(<b>Reassessment</b>)</span></li><li><span style='color:#303F9F;' data-toggle='tooltip' data-html='true' title='Theraputic History'> Medical Reasoning: He has been compliant with Imitrex</span> <span style='color:#303F9F; font-size:14px;'>(<b>Theraputic History</b>)</span></li><li><span style='color:#689F38;' data-toggle='tooltip' data-html='true' title='Reassessment'>and is doing well at this time.</span> <span style='color:#689F38; font-size:14px;'>(<b>Reassessment</b>)</span></li><li><span style='color:#689F38;' data-toggle='tooltip' data-html='true' title='Reassessment'>Reflux.\n• Medical Reasoning: This is typically well-controlled with dietary modifications.</span> <span style='color:#689F38; font-size:14px;'>(<b>Reassessment</b>)</span></li></ol>""}"
10572,3,"James Allen is a 57-year-old male with a past medical history significant for congestive heart failure and type 2 diabetes, who presents today with back pain.

Acute lumbar strain.
- Medical Reasoning: The patient reports feeling a 'pop' and immediate pain while golfing approximately 4 days ago. He has tried Tylenol and ibuprofen without significant relief.

Diabetes type 2.
• Medical Reasoning: He has been compliant with metformin and dietary modifications, but his recent hemoglobin A1c was 8.

Congestive heart failure.
• Medical Reasoning: He is doing well from this standpoint. He has been compliant with his medications, dietary modifications, and regular physical activity.



",2025-06-25T09:42:14.866488Z,D2N004,11035,"[{""start"":0,""end"":33,""text"":""James Allen is a 57-year-old male"",""labels"":[""Personal Information""]},{""start"":33,""end"":122,""text"":"" with a past medical history significant for congestive heart failure and type 2 diabetes"",""labels"":[""Personal History""]},{""start"":124,""end"":158,""text"":""who presents today with back pain."",""labels"":[""Acute Symptoms""]},{""start"":160,""end"":180,""text"":""Acute lumbar strain."",""labels"":[""Acute Assessment""]},{""start"":181,""end"":295,""text"":""- Medical Reasoning: The patient reports feeling a 'pop' and immediate pain while golfing approximately 4 days ago"",""labels"":[""Acute Symptoms""]},{""start"":297,""end"":359,""text"":""He has tried Tylenol and ibuprofen without significant relief."",""labels"":[""Theraputic History""]},{""start"":361,""end"":377,""text"":""Diabetes type 2."",""labels"":[""Reassessment""]},{""start"":378,""end"":435,""text"":""• Medical Reasoning: He has been compliant with metformin"",""labels"":[""Theraputic History""]},{""start"":436,""end"":462,""text"":""and dietary modifications,"",""labels"":[""Personal History""]},{""start"":463,""end"":499,""text"":""but his recent hemoglobin A1c was 8."",""labels"":[""Lab Examination""]},{""start"":501,""end"":526,""text"":""Congestive heart failure."",""labels"":[""Reassessment""]},{""start"":527,""end"":585,""text"":""• Medical Reasoning: He is doing well from this standpoint"",""labels"":[""Theraputic History""]},{""start"":586,""end"":683,""text"":"" He has been compliant with his medications, dietary modifications, and regular physical activity"",""labels"":[""Personal History""]}]",190.149,ASSESSMENT,D2N004_2,2025-06-25T09:42:14.866530Z,"{""Intent"": ""<b>ASSESSMENT</b><br><span style='color:#D84315; font-size:15px; margin-right:10px;'>Acute Assessment</span><span style='color:#689F38; font-size:15px; margin-right:10px;'>Reassessment</span><span style='color:#1E88E5; font-size:15px; margin-right:10px;'>Medications</span><span style='color:#9C27B0; font-size:15px; margin-right:10px;'>Diagnostic Testing</span><span style='color:#F06292; font-size:15px; margin-right:10px;'>Other Treatments</span><span style='color:#00897B; font-size:15px; margin-right:10px;'>Follow-up</span><span style='color:#C62828; font-size:15px; margin-right:10px;'>Discussion</span><span style='color:#6A1B9A; font-size:15px; margin-right:10px;'>Referral</span><span style='color:#C2185B; font-size:15px; margin-right:10px;'>Acute Symptoms</span><span style='color:#0288D1; font-size:15px; margin-right:10px;'>Personal Information</span><span style='color:#673AB7; font-size:15px; margin-right:10px;'>Personal History</span><span style='color:#EF6C00; font-size:15px; margin-right:10px;'>Family History</span><span style='color:#009688; font-size:15px; margin-right:10px;'>Drug History</span><span style='color:#303F9F; font-size:15px; margin-right:10px;'>Theraputic History</span><span style='color:#E91E63; font-size:15px; margin-right:10px;'>Vegetative History</span><span style='color:#26C6DA; font-size:15px; margin-right:10px;'>Other Social</span><span style='color:#00796B; font-size:15px; margin-right:10px;'>Physical Examination</span><span style='color:#5D4037; font-size:15px; margin-right:10px;'>Radiology Examination</span><span style='color:#F44336; font-size:15px; margin-right:10px;'>Lab Examination</span>"", ""Note"": ""<ol><li><span style='color:#0288D1;' data-toggle='tooltip' data-html='true' title='Personal Information'>James Allen is a 57-year-old male</span> <span style='color:#0288D1; font-size:14px;'>(<b>Personal Information</b>)</span></li><li><span style='color:#673AB7;' data-toggle='tooltip' data-html='true' title='Personal History'> with a past medical history significant for congestive heart failure and type 2 diabetes</span> <span style='color:#673AB7; font-size:14px;'>(<b>Personal History</b>)</span></li><li><span style='color:#C2185B;' data-toggle='tooltip' data-html='true' title='Acute Symptoms'>who presents today with back pain.</span> <span style='color:#C2185B; font-size:14px;'>(<b>Acute Symptoms</b>)</span></li><li><span style='color:#D84315;' data-toggle='tooltip' data-html='true' title='Acute Assessment'>Acute lumbar strain.</span> <span style='color:#D84315; font-size:14px;'>(<b>Acute Assessment</b>)</span></li><li><span style='color:#C2185B;' data-toggle='tooltip' data-html='true' title='Acute Symptoms'>- Medical Reasoning: The patient reports feeling a 'pop' and immediate pain while golfing approximately 4 days ago</span> <span style='color:#C2185B; font-size:14px;'>(<b>Acute Symptoms</b>)</span></li><li><span style='color:#303F9F;' data-toggle='tooltip' data-html='true' title='Theraputic History'>He has tried Tylenol and ibuprofen without significant relief.</span> <span style='color:#303F9F; font-size:14px;'>(<b>Theraputic History</b>)</span></li><li><span style='color:#689F38;' data-toggle='tooltip' data-html='true' title='Reassessment'>Diabetes type 2.</span> <span style='color:#689F38; font-size:14px;'>(<b>Reassessment</b>)</span></li><li><span style='color:#303F9F;' data-toggle='tooltip' data-html='true' title='Theraputic History'>• Medical Reasoning: He has been compliant with metformin</span> <span style='color:#303F9F; font-size:14px;'>(<b>Theraputic History</b>)</span></li><li><span style='color:#673AB7;' data-toggle='tooltip' data-html='true' title='Personal History'>and dietary modifications,</span> <span style='color:#673AB7; font-size:14px;'>(<b>Personal History</b>)</span></li><li><span style='color:#F44336;' data-toggle='tooltip' data-html='true' title='Lab Examination'>but his recent hemoglobin A1c was 8.</span> <span style='color:#F44336; font-size:14px;'>(<b>Lab Examination</b>)</span></li><li><span style='color:#689F38;' data-toggle='tooltip' data-html='true' title='Reassessment'>Congestive heart failure.</span> <span style='color:#689F38; font-size:14px;'>(<b>Reassessment</b>)</span></li><li><span style='color:#303F9F;' data-toggle='tooltip' data-html='true' title='Theraputic History'>• Medical Reasoning: He is doing well from this standpoint</span> <span style='color:#303F9F; font-size:14px;'>(<b>Theraputic History</b>)</span></li><li><span style='color:#673AB7;' data-toggle='tooltip' data-html='true' title='Personal History'> He has been compliant with his medications, dietary modifications, and regular physical activity</span> <span style='color:#673AB7; font-size:14px;'>(<b>Personal History</b>)</span></li></ol>""}"
10574,3,"IMPRESSION

Right middle finger distal phalanx fracture.",2025-06-25T09:43:20.946510Z,D2N005,11036,"[{""start"":12,""end"":56,""text"":""Right middle finger distal phalanx fracture."",""labels"":[""Acute Assessment""]}]",64.735,ASSESSMENT,D2N005_2,2025-06-25T09:43:20.946559Z,"{""Intent"": ""<b>ASSESSMENT</b><br><span style='color:#D84315; font-size:15px; margin-right:10px;'>Acute Assessment</span><span style='color:#689F38; font-size:15px; margin-right:10px;'>Reassessment</span><span style='color:#1E88E5; font-size:15px; margin-right:10px;'>Medications</span><span style='color:#9C27B0; font-size:15px; margin-right:10px;'>Diagnostic Testing</span><span style='color:#F06292; font-size:15px; margin-right:10px;'>Other Treatments</span><span style='color:#00897B; font-size:15px; margin-right:10px;'>Follow-up</span><span style='color:#C62828; font-size:15px; margin-right:10px;'>Discussion</span><span style='color:#6A1B9A; font-size:15px; margin-right:10px;'>Referral</span><span style='color:#C2185B; font-size:15px; margin-right:10px;'>Acute Symptoms</span><span style='color:#0288D1; font-size:15px; margin-right:10px;'>Personal Information</span><span style='color:#673AB7; font-size:15px; margin-right:10px;'>Personal History</span><span style='color:#EF6C00; font-size:15px; margin-right:10px;'>Family History</span><span style='color:#009688; font-size:15px; margin-right:10px;'>Drug History</span><span style='color:#303F9F; font-size:15px; margin-right:10px;'>Theraputic History</span><span style='color:#E91E63; font-size:15px; margin-right:10px;'>Vegetative History</span><span style='color:#26C6DA; font-size:15px; margin-right:10px;'>Other Social</span><span style='color:#00796B; font-size:15px; margin-right:10px;'>Physical Examination</span><span style='color:#5D4037; font-size:15px; margin-right:10px;'>Radiology Examination</span><span style='color:#F44336; font-size:15px; margin-right:10px;'>Lab Examination</span>"", ""Note"": ""<ol><li><span style='color:#D84315;' data-toggle='tooltip' data-html='true' title='Acute Assessment'>Right middle finger distal phalanx fracture.</span> <span style='color:#D84315; font-size:14px;'>(<b>Acute Assessment</b>)</span></li></ol>""}"
10576,3,"Anna Mitchell is a 44-year-old female with a past medical history significant for arthritis, gout, and reflux, who presents today for follow-up of her chronic problems.

Acid reflux with nausea and vomiting.
- Medical Reasoning: She reports episodes of vomiting in the morning, as well as abdominal pain and bloating. She has been compliant with omeprazole and has made a few dietary modifications.

Gout.
• Medical Reasoning: Her flares are well controlled on allopurinol.

Arthritis.
• Medical Reasoning: She is doing well and has remained active since her last visit. Physical therapy has also been beneficial for her. Her right knee x-ray demonstrated residual arthritis but was otherwise normal.

",2025-06-25T09:46:09.008700Z,D2N006,11037,"[{""start"":0,""end"":37,""text"":""Anna Mitchell is a 44-year-old female"",""labels"":[""Personal Information""]},{""start"":38,""end"":110,""text"":""with a past medical history significant for arthritis, gout, and reflux,"",""labels"":[""Personal History""]},{""start"":111,""end"":168,""text"":""who presents today for follow-up of her chronic problems."",""labels"":[""Acute Symptoms""]},{""start"":170,""end"":207,""text"":""Acid reflux with nausea and vomiting."",""labels"":[""Reassessment""]},{""start"":208,""end"":316,""text"":""- Medical Reasoning: She reports episodes of vomiting in the morning, as well as abdominal pain and bloating"",""labels"":[""Acute Symptoms""]},{""start"":318,""end"":356,""text"":""She has been compliant with omeprazole"",""labels"":[""Theraputic History""]},{""start"":357,""end"":398,""text"":""and has made a few dietary modifications."",""labels"":[""Personal History""]},{""start"":400,""end"":457,""text"":""Gout.\\n• Medical Reasoning: Her flares are well controlled"",""labels"":[""Reassessment""]},{""start"":458,""end"":473,""text"":""on allopurinol."",""labels"":[""Theraputic History""]},{""start"":475,""end"":569,""text"":""Arthritis.\\n• Medical Reasoning: She is doing well and has remained active since her last visit"",""labels"":[""Reassessment""]},{""start"":570,""end"":620,""text"":"" Physical therapy has also been beneficial for her"",""labels"":[""Theraputic History""]},{""start"":622,""end"":700,""text"":""Her right knee x-ray demonstrated residual arthritis but was otherwise normal.\\n"",""labels"":[""Reassessment""]}]",165.069,ASSESSMENT,D2N006_2,2025-06-25T09:46:09.008743Z,"{""Intent"": ""<b>ASSESSMENT</b><br><span style='color:#D84315; font-size:15px; margin-right:10px;'>Acute Assessment</span><span style='color:#689F38; font-size:15px; margin-right:10px;'>Reassessment</span><span style='color:#1E88E5; font-size:15px; margin-right:10px;'>Medications</span><span style='color:#9C27B0; font-size:15px; margin-right:10px;'>Diagnostic Testing</span><span style='color:#F06292; font-size:15px; margin-right:10px;'>Other Treatments</span><span style='color:#00897B; font-size:15px; margin-right:10px;'>Follow-up</span><span style='color:#C62828; font-size:15px; margin-right:10px;'>Discussion</span><span style='color:#6A1B9A; font-size:15px; margin-right:10px;'>Referral</span><span style='color:#C2185B; font-size:15px; margin-right:10px;'>Acute Symptoms</span><span style='color:#0288D1; font-size:15px; margin-right:10px;'>Personal Information</span><span style='color:#673AB7; font-size:15px; margin-right:10px;'>Personal History</span><span style='color:#EF6C00; font-size:15px; margin-right:10px;'>Family History</span><span style='color:#009688; font-size:15px; margin-right:10px;'>Drug History</span><span style='color:#303F9F; font-size:15px; margin-right:10px;'>Theraputic History</span><span style='color:#E91E63; font-size:15px; margin-right:10px;'>Vegetative History</span><span style='color:#26C6DA; font-size:15px; margin-right:10px;'>Other Social</span><span style='color:#00796B; font-size:15px; margin-right:10px;'>Physical Examination</span><span style='color:#5D4037; font-size:15px; margin-right:10px;'>Radiology Examination</span><span style='color:#F44336; font-size:15px; margin-right:10px;'>Lab Examination</span>"", ""Note"": ""<ol><li><span style='color:#0288D1;' data-toggle='tooltip' data-html='true' title='Personal Information'>Anna Mitchell is a 44-year-old female</span> <span style='color:#0288D1; font-size:14px;'>(<b>Personal Information</b>)</span></li><li><span style='color:#673AB7;' data-toggle='tooltip' data-html='true' title='Personal History'>with a past medical history significant for arthritis, gout, and reflux,</span> <span style='color:#673AB7; font-size:14px;'>(<b>Personal History</b>)</span></li><li><span style='color:#C2185B;' data-toggle='tooltip' data-html='true' title='Acute Symptoms'>who presents today for follow-up of her chronic problems.</span> <span style='color:#C2185B; font-size:14px;'>(<b>Acute Symptoms</b>)</span></li><li><span style='color:#689F38;' data-toggle='tooltip' data-html='true' title='Reassessment'>Acid reflux with nausea and vomiting.</span> <span style='color:#689F38; font-size:14px;'>(<b>Reassessment</b>)</span></li><li><span style='color:#C2185B;' data-toggle='tooltip' data-html='true' title='Acute Symptoms'>- Medical Reasoning: She reports episodes of vomiting in the morning, as well as abdominal pain and bloating</span> <span style='color:#C2185B; font-size:14px;'>(<b>Acute Symptoms</b>)</span></li><li><span style='color:#303F9F;' data-toggle='tooltip' data-html='true' title='Theraputic History'>She has been compliant with omeprazole</span> <span style='color:#303F9F; font-size:14px;'>(<b>Theraputic History</b>)</span></li><li><span style='color:#673AB7;' data-toggle='tooltip' data-html='true' title='Personal History'>and has made a few dietary modifications.</span> <span style='color:#673AB7; font-size:14px;'>(<b>Personal History</b>)</span></li><li><span style='color:#689F38;' data-toggle='tooltip' data-html='true' title='Reassessment'>Gout.\n• Medical Reasoning: Her flares are well controlled</span> <span style='color:#689F38; font-size:14px;'>(<b>Reassessment</b>)</span></li><li><span style='color:#303F9F;' data-toggle='tooltip' data-html='true' title='Theraputic History'>on allopurinol.</span> <span style='color:#303F9F; font-size:14px;'>(<b>Theraputic History</b>)</span></li><li><span style='color:#689F38;' data-toggle='tooltip' data-html='true' title='Reassessment'>Arthritis.\n• Medical Reasoning: She is doing well and has remained active since her last visit</span> <span style='color:#689F38; font-size:14px;'>(<b>Reassessment</b>)</span></li><li><span style='color:#303F9F;' data-toggle='tooltip' data-html='true' title='Theraputic History'> Physical therapy has also been beneficial for her</span> <span style='color:#303F9F; font-size:14px;'>(<b>Theraputic History</b>)</span></li><li><span style='color:#689F38;' data-toggle='tooltip' data-html='true' title='Reassessment'>Her right knee x-ray demonstrated residual arthritis but was otherwise normal.</span> <span style='color:#689F38; font-size:14px;'>(<b>Reassessment</b>)</span></li></ol>""}"
10578,3,"The patient is a 27-year-old female who presents today for an annual followup of chronic conditions.

Chronic back pain.
- Medical Reasoning: She is experiencing worsened pain with sitting for extended periods of time.

Depression
• Medical Reasoning: The patient was previously doing well on Prozac 20 mg once daily but feels as though she needs a higher dose at this time.

History of coronary artery bypass graft.
• Medical Reasoning: She is doing well at this time. We will continue to monitor this.",2025-06-25T09:47:33.566888Z,D2N007,11038,"[{""start"":0,""end"":35,""text"":""The patient is a 27-year-old female"",""labels"":[""Personal Information""]},{""start"":36,""end"":100,""text"":""who presents today for an annual followup of chronic conditions."",""labels"":[""Acute Symptoms""]},{""start"":102,""end"":218,""text"":""Chronic back pain.\\n- Medical Reasoning: She is experiencing worsened pain with sitting for extended periods of time."",""labels"":[""Reassessment""]},{""start"":220,""end"":230,""text"":""Depression"",""labels"":[""Reassessment""]},{""start"":231,""end"":374,""text"":""• Medical Reasoning: The patient was previously doing well on Prozac 20 mg once daily but feels as though she needs a higher dose at this time."",""labels"":[""Theraputic History""]},{""start"":376,""end"":503,""text"":""History of coronary artery bypass graft.\\n• Medical Reasoning: She is doing well at this time. We will continue to monitor this."",""labels"":[""Reassessment""]}]",82.284,ASSESSMENT,D2N007_2,2025-06-25T09:47:33.566932Z,"{""Intent"": ""<b>ASSESSMENT</b><br><span style='color:#D84315; font-size:15px; margin-right:10px;'>Acute Assessment</span><span style='color:#689F38; font-size:15px; margin-right:10px;'>Reassessment</span><span style='color:#1E88E5; font-size:15px; margin-right:10px;'>Medications</span><span style='color:#9C27B0; font-size:15px; margin-right:10px;'>Diagnostic Testing</span><span style='color:#F06292; font-size:15px; margin-right:10px;'>Other Treatments</span><span style='color:#00897B; font-size:15px; margin-right:10px;'>Follow-up</span><span style='color:#C62828; font-size:15px; margin-right:10px;'>Discussion</span><span style='color:#6A1B9A; font-size:15px; margin-right:10px;'>Referral</span><span style='color:#C2185B; font-size:15px; margin-right:10px;'>Acute Symptoms</span><span style='color:#0288D1; font-size:15px; margin-right:10px;'>Personal Information</span><span style='color:#673AB7; font-size:15px; margin-right:10px;'>Personal History</span><span style='color:#EF6C00; font-size:15px; margin-right:10px;'>Family History</span><span style='color:#009688; font-size:15px; margin-right:10px;'>Drug History</span><span style='color:#303F9F; font-size:15px; margin-right:10px;'>Theraputic History</span><span style='color:#E91E63; font-size:15px; margin-right:10px;'>Vegetative History</span><span style='color:#26C6DA; font-size:15px; margin-right:10px;'>Other Social</span><span style='color:#00796B; font-size:15px; margin-right:10px;'>Physical Examination</span><span style='color:#5D4037; font-size:15px; margin-right:10px;'>Radiology Examination</span><span style='color:#F44336; font-size:15px; margin-right:10px;'>Lab Examination</span>"", ""Note"": ""<ol><li><span style='color:#0288D1;' data-toggle='tooltip' data-html='true' title='Personal Information'>The patient is a 27-year-old female</span> <span style='color:#0288D1; font-size:14px;'>(<b>Personal Information</b>)</span></li><li><span style='color:#C2185B;' data-toggle='tooltip' data-html='true' title='Acute Symptoms'>who presents today for an annual followup of chronic conditions.</span> <span style='color:#C2185B; font-size:14px;'>(<b>Acute Symptoms</b>)</span></li><li><span style='color:#689F38;' data-toggle='tooltip' data-html='true' title='Reassessment'>Chronic back pain.\n- Medical Reasoning: She is experiencing worsened pain with sitting for extended periods of time.</span> <span style='color:#689F38; font-size:14px;'>(<b>Reassessment</b>)</span></li><li><span style='color:#689F38;' data-toggle='tooltip' data-html='true' title='Reassessment'>Depression</span> <span style='color:#689F38; font-size:14px;'>(<b>Reassessment</b>)</span></li><li><span style='color:#303F9F;' data-toggle='tooltip' data-html='true' title='Theraputic History'>• Medical Reasoning: The patient was previously doing well on Prozac 20 mg once daily but feels as though she needs a higher dose at this time.</span> <span style='color:#303F9F; font-size:14px;'>(<b>Theraputic History</b>)</span></li><li><span style='color:#689F38;' data-toggle='tooltip' data-html='true' title='Reassessment'>History of coronary artery bypass graft.\n• Medical Reasoning: She is doing well at this time. We will continue to monitor this.</span> <span style='color:#689F38; font-size:14px;'>(<b>Reassessment</b>)</span></li></ol>""}"
10580,3,"Ms. Stephanie Diaz is a 49-year-old female with a past medical history significant for congestive heart failure, kidney stones, and prior colonoscopy, who presents today for abnormal labs.

Anemia.
- Medical Reasoning: This is a new issue. Her recent hemoglobin level was low at 8.2, but she denies any signs of gastrointestinal bleeding or urinary tract bleeding, as well as any abnormal menstrual bleeding. Her colonoscopy from 3 years ago demonstrated mild diverticulosis.

Congestive heart failure.
• Medical Reasoning: She has noticed some lower extremity edema. Her echocardiogram from 6 months ago demonstrated a reduced ejection fraction of 45%, as well as moderate mitral regurgitation.

Kidney stones.
• Medical Reasoning: She as asymptomatic denies any recent flare ups.

",2025-06-25T09:49:41.773594Z,D2N008,11039,"[{""start"":0,""end"":42,""text"":""Ms. Stephanie Diaz is a 49-year-old female"",""labels"":[""Personal Information""]},{""start"":43,""end"":150,""text"":""with a past medical history significant for congestive heart failure, kidney stones, and prior colonoscopy,"",""labels"":[""Personal History""]},{""start"":151,""end"":188,""text"":""who presents today for abnormal labs."",""labels"":[""Acute Symptoms""]},{""start"":190,""end"":239,""text"":""Anemia.\\n- Medical Reasoning: This is a new issue."",""labels"":[""Acute Assessment""]},{""start"":240,""end"":407,""text"":""Her recent hemoglobin level was low at 8.2, but she denies any signs of gastrointestinal bleeding or urinary tract bleeding, as well as any abnormal menstrual bleeding"",""labels"":[""Acute Assessment""]},{""start"":409,""end"":474,""text"":""Her colonoscopy from 3 years ago demonstrated mild diverticulosis"",""labels"":[""Personal History""]},{""start"":477,""end"":566,""text"":""Congestive heart failure.\\n• Medical Reasoning: She has noticed some lower extremity edema"",""labels"":[""Reassessment""]},{""start"":568,""end"":695,""text"":""Her echocardiogram from 6 months ago demonstrated a reduced ejection fraction of 45%, as well as moderate mitral regurgitation.\\n"",""labels"":[""Personal History""]},{""start"":697,""end"":781,""text"":""Kidney stones.\\n• Medical Reasoning: She as asymptomatic denies any recent flare ups.\\n"",""labels"":[""Reassessment""]}]",124.82,ASSESSMENT,D2N008_2,2025-06-25T09:49:41.773643Z,"{""Intent"": ""<b>ASSESSMENT</b><br><span style='color:#D84315; font-size:15px; margin-right:10px;'>Acute Assessment</span><span style='color:#689F38; font-size:15px; margin-right:10px;'>Reassessment</span><span style='color:#1E88E5; font-size:15px; margin-right:10px;'>Medications</span><span style='color:#9C27B0; font-size:15px; margin-right:10px;'>Diagnostic Testing</span><span style='color:#F06292; font-size:15px; margin-right:10px;'>Other Treatments</span><span style='color:#00897B; font-size:15px; margin-right:10px;'>Follow-up</span><span style='color:#C62828; font-size:15px; margin-right:10px;'>Discussion</span><span style='color:#6A1B9A; font-size:15px; margin-right:10px;'>Referral</span><span style='color:#C2185B; font-size:15px; margin-right:10px;'>Acute Symptoms</span><span style='color:#0288D1; font-size:15px; margin-right:10px;'>Personal Information</span><span style='color:#673AB7; font-size:15px; margin-right:10px;'>Personal History</span><span style='color:#EF6C00; font-size:15px; margin-right:10px;'>Family History</span><span style='color:#009688; font-size:15px; margin-right:10px;'>Drug History</span><span style='color:#303F9F; font-size:15px; margin-right:10px;'>Theraputic History</span><span style='color:#E91E63; font-size:15px; margin-right:10px;'>Vegetative History</span><span style='color:#26C6DA; font-size:15px; margin-right:10px;'>Other Social</span><span style='color:#00796B; font-size:15px; margin-right:10px;'>Physical Examination</span><span style='color:#5D4037; font-size:15px; margin-right:10px;'>Radiology Examination</span><span style='color:#F44336; font-size:15px; margin-right:10px;'>Lab Examination</span>"", ""Note"": ""<ol><li><span style='color:#0288D1;' data-toggle='tooltip' data-html='true' title='Personal Information'>Ms. Stephanie Diaz is a 49-year-old female</span> <span style='color:#0288D1; font-size:14px;'>(<b>Personal Information</b>)</span></li><li><span style='color:#673AB7;' data-toggle='tooltip' data-html='true' title='Personal History'>with a past medical history significant for congestive heart failure, kidney stones, and prior colonoscopy,</span> <span style='color:#673AB7; font-size:14px;'>(<b>Personal History</b>)</span></li><li><span style='color:#C2185B;' data-toggle='tooltip' data-html='true' title='Acute Symptoms'>who presents today for abnormal labs.</span> <span style='color:#C2185B; font-size:14px;'>(<b>Acute Symptoms</b>)</span></li><li><span style='color:#D84315;' data-toggle='tooltip' data-html='true' title='Acute Assessment'>Anemia.\n- Medical Reasoning: This is a new issue.</span> <span style='color:#D84315; font-size:14px;'>(<b>Acute Assessment</b>)</span></li><li><span style='color:#D84315;' data-toggle='tooltip' data-html='true' title='Acute Assessment'>Her recent hemoglobin level was low at 8.2, but she denies any signs of gastrointestinal bleeding or urinary tract bleeding, as well as any abnormal menstrual bleeding</span> <span style='color:#D84315; font-size:14px;'>(<b>Acute Assessment</b>)</span></li><li><span style='color:#673AB7;' data-toggle='tooltip' data-html='true' title='Personal History'>Her colonoscopy from 3 years ago demonstrated mild diverticulosis</span> <span style='color:#673AB7; font-size:14px;'>(<b>Personal History</b>)</span></li><li><span style='color:#689F38;' data-toggle='tooltip' data-html='true' title='Reassessment'>Congestive heart failure.\n• Medical Reasoning: She has noticed some lower extremity edema</span> <span style='color:#689F38; font-size:14px;'>(<b>Reassessment</b>)</span></li><li><span style='color:#673AB7;' data-toggle='tooltip' data-html='true' title='Personal History'>Her echocardiogram from 6 months ago demonstrated a reduced ejection fraction of 45%, as well as moderate mitral regurgitation.</span> <span style='color:#673AB7; font-size:14px;'>(<b>Personal History</b>)</span></li><li><span style='color:#689F38;' data-toggle='tooltip' data-html='true' title='Reassessment'>Kidney stones.\n• Medical Reasoning: She as asymptomatic denies any recent flare ups.</span> <span style='color:#689F38; font-size:14px;'>(<b>Reassessment</b>)</span></li></ol>""}"
10582,3,"Bryan Smith is a 55-year-old male with a past medical history significant for prior discectomy, who presents with back pain.

Lumbar strain.
- Medical Reasoning: He reports right-sided low back after moving a refrigerator approximately 5 days ago. X-ray of his lumbar spine is unremarkable. I do not believe this is related to his previous discectomy.

",2025-06-25T09:52:16.829627Z,D2N009,11040,"[{""start"":0,""end"":33,""text"":""Bryan Smith is a 55-year-old male"",""labels"":[""Personal Information""]},{""start"":34,""end"":94,""text"":""with a past medical history significant for prior discectomy"",""labels"":[""Personal History""]},{""start"":95,""end"":124,""text"":"" who presents with back pain.\\n"",""labels"":[""Acute Symptoms""]},{""start"":126,""end"":140,""text"":""Lumbar strain."",""labels"":[""Acute Assessment""]},{""start"":141,""end"":246,""text"":""- Medical Reasoning: He reports right-sided low back after moving a refrigerator approximately 5 days ago"",""labels"":[""Acute Symptoms""]},{""start"":247,""end"":290,""text"":"" X-ray of his lumbar spine is unremarkable."",""labels"":[""Radiology Examination""]},{""start"":291,""end"":351,""text"":""I do not believe this is related to his previous discectomy."",""labels"":[""Acute Assessment""]}]",161.116,ASSESSMENT,D2N009_2,2025-06-25T13:55:40.725757Z,"{""Intent"": ""<b>ASSESSMENT</b><br><span style='color:#D84315; font-size:15px; margin-right:10px;'>Acute Assessment</span><span style='color:#689F38; font-size:15px; margin-right:10px;'>Reassessment</span><span style='color:#1E88E5; font-size:15px; margin-right:10px;'>Medications</span><span style='color:#9C27B0; font-size:15px; margin-right:10px;'>Diagnostic Testing</span><span style='color:#F06292; font-size:15px; margin-right:10px;'>Other Treatments</span><span style='color:#00897B; font-size:15px; margin-right:10px;'>Follow-up</span><span style='color:#C62828; font-size:15px; margin-right:10px;'>Discussion</span><span style='color:#6A1B9A; font-size:15px; margin-right:10px;'>Referral</span><span style='color:#C2185B; font-size:15px; margin-right:10px;'>Acute Symptoms</span><span style='color:#0288D1; font-size:15px; margin-right:10px;'>Personal Information</span><span style='color:#673AB7; font-size:15px; margin-right:10px;'>Personal History</span><span style='color:#EF6C00; font-size:15px; margin-right:10px;'>Family History</span><span style='color:#009688; font-size:15px; margin-right:10px;'>Drug History</span><span style='color:#303F9F; font-size:15px; margin-right:10px;'>Theraputic History</span><span style='color:#E91E63; font-size:15px; margin-right:10px;'>Vegetative History</span><span style='color:#26C6DA; font-size:15px; margin-right:10px;'>Other Social</span><span style='color:#00796B; font-size:15px; margin-right:10px;'>Physical Examination</span><span style='color:#5D4037; font-size:15px; margin-right:10px;'>Radiology Examination</span><span style='color:#F44336; font-size:15px; margin-right:10px;'>Lab Examination</span>"", ""Note"": ""<ol><li><span style='color:#0288D1;' data-toggle='tooltip' data-html='true' title='Personal Information'>Bryan Smith is a 55-year-old male</span> <span style='color:#0288D1; font-size:14px;'>(<b>Personal Information</b>)</span></li><li><span style='color:#673AB7;' data-toggle='tooltip' data-html='true' title='Personal History'>with a past medical history significant for prior discectomy</span> <span style='color:#673AB7; font-size:14px;'>(<b>Personal History</b>)</span></li><li><span style='color:#C2185B;' data-toggle='tooltip' data-html='true' title='Acute Symptoms'> who presents with back pain.</span> <span style='color:#C2185B; font-size:14px;'>(<b>Acute Symptoms</b>)</span></li><li><span style='color:#D84315;' data-toggle='tooltip' data-html='true' title='Acute Assessment'>Lumbar strain.</span> <span style='color:#D84315; font-size:14px;'>(<b>Acute Assessment</b>)</span></li><li><span style='color:#C2185B;' data-toggle='tooltip' data-html='true' title='Acute Symptoms'>- Medical Reasoning: He reports right-sided low back after moving a refrigerator approximately 5 days ago</span> <span style='color:#C2185B; font-size:14px;'>(<b>Acute Symptoms</b>)</span></li><li><span style='color:#5D4037;' data-toggle='tooltip' data-html='true' title='Radiology Examination'> X-ray of his lumbar spine is unremarkable.</span> <span style='color:#5D4037; font-size:14px;'>(<b>Radiology Examination</b>)</span></li><li><span style='color:#D84315;' data-toggle='tooltip' data-html='true' title='Acute Assessment'>I do not believe this is related to his previous discectomy.</span> <span style='color:#D84315; font-size:14px;'>(<b>Acute Assessment</b>)</span></li></ol>""}"
10584,3,"The patient is a 58-year-old male who presents for evaluation of high blood sugar.

Hyperglycemia
- Medical Reasoning: This is likely related to an inflammatory response as the patient had an elevated Lyme titer and positive rapid strep test.

",2025-06-25T09:53:36.163939Z,D2N010,11041,"[{""start"":0,""end"":33,""text"":""The patient is a 58-year-old male"",""labels"":[""Personal Information""]},{""start"":34,""end"":82,""text"":""who presents for evaluation of high blood sugar."",""labels"":[""Acute Symptoms""]},{""start"":84,""end"":242,""text"":""Hyperglycemia\\n- Medical Reasoning: This is likely related to an inflammatory response as the patient had an elevated Lyme titer and positive rapid strep test."",""labels"":[""Acute Assessment""]}]",78.09,ASSESSMENT,D2N010_2,2025-06-25T09:53:36.163983Z,"{""Intent"": ""<b>ASSESSMENT</b><br><span style='color:#D84315; font-size:15px; margin-right:10px;'>Acute Assessment</span><span style='color:#689F38; font-size:15px; margin-right:10px;'>Reassessment</span><span style='color:#1E88E5; font-size:15px; margin-right:10px;'>Medications</span><span style='color:#9C27B0; font-size:15px; margin-right:10px;'>Diagnostic Testing</span><span style='color:#F06292; font-size:15px; margin-right:10px;'>Other Treatments</span><span style='color:#00897B; font-size:15px; margin-right:10px;'>Follow-up</span><span style='color:#C62828; font-size:15px; margin-right:10px;'>Discussion</span><span style='color:#6A1B9A; font-size:15px; margin-right:10px;'>Referral</span><span style='color:#C2185B; font-size:15px; margin-right:10px;'>Acute Symptoms</span><span style='color:#0288D1; font-size:15px; margin-right:10px;'>Personal Information</span><span style='color:#673AB7; font-size:15px; margin-right:10px;'>Personal History</span><span style='color:#EF6C00; font-size:15px; margin-right:10px;'>Family History</span><span style='color:#009688; font-size:15px; margin-right:10px;'>Drug History</span><span style='color:#303F9F; font-size:15px; margin-right:10px;'>Theraputic History</span><span style='color:#E91E63; font-size:15px; margin-right:10px;'>Vegetative History</span><span style='color:#26C6DA; font-size:15px; margin-right:10px;'>Other Social</span><span style='color:#00796B; font-size:15px; margin-right:10px;'>Physical Examination</span><span style='color:#5D4037; font-size:15px; margin-right:10px;'>Radiology Examination</span><span style='color:#F44336; font-size:15px; margin-right:10px;'>Lab Examination</span>"", ""Note"": ""<ol><li><span style='color:#0288D1;' data-toggle='tooltip' data-html='true' title='Personal Information'>The patient is a 58-year-old male</span> <span style='color:#0288D1; font-size:14px;'>(<b>Personal Information</b>)</span></li><li><span style='color:#C2185B;' data-toggle='tooltip' data-html='true' title='Acute Symptoms'>who presents for evaluation of high blood sugar.</span> <span style='color:#C2185B; font-size:14px;'>(<b>Acute Symptoms</b>)</span></li><li><span style='color:#D84315;' data-toggle='tooltip' data-html='true' title='Acute Assessment'>Hyperglycemia\n- Medical Reasoning: This is likely related to an inflammatory response as the patient had an elevated Lyme titer and positive rapid strep test.</span> <span style='color:#D84315; font-size:14px;'>(<b>Acute Assessment</b>)</span></li></ol>""}"
10586,3,"The patient is a 62-year-old male who presents for emergency room follow-up. He presented to the emergency room for chest pain and elevated blood pressure of 180/95. His EKG from the emergency room was normal, but ejection fraction on echocardiogram was abnormal. His blood pressure today was still elevated.

Chest pain and hypertension.
- Medical Reasoning: Given his recent episode of blood pressure elevation and chest pain, I suspect an element of coronary artery disease as well as pumping dysfunction.

",2025-06-25T09:54:41.449047Z,D2N011,11042,"[{""start"":0,""end"":33,""text"":""The patient is a 62-year-old male"",""labels"":[""Personal Information""]},{""start"":34,""end"":75,""text"":""who presents for emergency room follow-up"",""labels"":[""Acute Symptoms""]},{""start"":77,""end"":164,""text"":""He presented to the emergency room for chest pain and elevated blood pressure of 180\/95"",""labels"":[""Personal History""]},{""start"":165,""end"":262,""text"":"" His EKG from the emergency room was normal, but ejection fraction on echocardiogram was abnormal"",""labels"":[""Personal History""]},{""start"":264,""end"":308,""text"":""His blood pressure today was still elevated."",""labels"":[""Acute Symptoms""]},{""start"":310,""end"":508,""text"":""Chest pain and hypertension.\\n- Medical Reasoning: Given his recent episode of blood pressure elevation and chest pain, I suspect an element of coronary artery disease as well as pumping dysfunction."",""labels"":[""Acute Assessment""]}]",64.254,ASSESSMENT,D2N011_2,2025-06-25T09:54:41.449093Z,"{""Intent"": ""<b>ASSESSMENT</b><br><span style='color:#D84315; font-size:15px; margin-right:10px;'>Acute Assessment</span><span style='color:#689F38; font-size:15px; margin-right:10px;'>Reassessment</span><span style='color:#1E88E5; font-size:15px; margin-right:10px;'>Medications</span><span style='color:#9C27B0; font-size:15px; margin-right:10px;'>Diagnostic Testing</span><span style='color:#F06292; font-size:15px; margin-right:10px;'>Other Treatments</span><span style='color:#00897B; font-size:15px; margin-right:10px;'>Follow-up</span><span style='color:#C62828; font-size:15px; margin-right:10px;'>Discussion</span><span style='color:#6A1B9A; font-size:15px; margin-right:10px;'>Referral</span><span style='color:#C2185B; font-size:15px; margin-right:10px;'>Acute Symptoms</span><span style='color:#0288D1; font-size:15px; margin-right:10px;'>Personal Information</span><span style='color:#673AB7; font-size:15px; margin-right:10px;'>Personal History</span><span style='color:#EF6C00; font-size:15px; margin-right:10px;'>Family History</span><span style='color:#009688; font-size:15px; margin-right:10px;'>Drug History</span><span style='color:#303F9F; font-size:15px; margin-right:10px;'>Theraputic History</span><span style='color:#E91E63; font-size:15px; margin-right:10px;'>Vegetative History</span><span style='color:#26C6DA; font-size:15px; margin-right:10px;'>Other Social</span><span style='color:#00796B; font-size:15px; margin-right:10px;'>Physical Examination</span><span style='color:#5D4037; font-size:15px; margin-right:10px;'>Radiology Examination</span><span style='color:#F44336; font-size:15px; margin-right:10px;'>Lab Examination</span>"", ""Note"": ""<ol><li><span style='color:#0288D1;' data-toggle='tooltip' data-html='true' title='Personal Information'>The patient is a 62-year-old male</span> <span style='color:#0288D1; font-size:14px;'>(<b>Personal Information</b>)</span></li><li><span style='color:#C2185B;' data-toggle='tooltip' data-html='true' title='Acute Symptoms'>who presents for emergency room follow-up</span> <span style='color:#C2185B; font-size:14px;'>(<b>Acute Symptoms</b>)</span></li><li><span style='color:#673AB7;' data-toggle='tooltip' data-html='true' title='Personal History'>He presented to the emergency room for chest pain and elevated blood pressure of 180/95</span> <span style='color:#673AB7; font-size:14px;'>(<b>Personal History</b>)</span></li><li><span style='color:#673AB7;' data-toggle='tooltip' data-html='true' title='Personal History'> His EKG from the emergency room was normal, but ejection fraction on echocardiogram was abnormal</span> <span style='color:#673AB7; font-size:14px;'>(<b>Personal History</b>)</span></li><li><span style='color:#C2185B;' data-toggle='tooltip' data-html='true' title='Acute Symptoms'>His blood pressure today was still elevated.</span> <span style='color:#C2185B; font-size:14px;'>(<b>Acute Symptoms</b>)</span></li><li><span style='color:#D84315;' data-toggle='tooltip' data-html='true' title='Acute Assessment'>Chest pain and hypertension.\n- Medical Reasoning: Given his recent episode of blood pressure elevation and chest pain, I suspect an element of coronary artery disease as well as pumping dysfunction.</span> <span style='color:#D84315; font-size:14px;'>(<b>Acute Assessment</b>)</span></li></ol>""}"
10588,3,"Mr. Joseph Fisher is a 59-year-old male who presents for routine follow up of his chronic problems.

Asthma.
- Medical Reasoning: His symptoms are exacerbated during warmer weather, but his recent pulmonary function tests were normal.

Depression.
• Medical Reasoning: The patient self-weened from Prozac 20 mg daily due to side effects.

Diabetes Type II.
• Medical Reasoning: Recent blood glucose levels and hemoglobin A1c were elevated.
",2025-06-25T09:55:59.390213Z,D2N012,11043,"[{""start"":0,""end"":39,""text"":""Mr. Joseph Fisher is a 59-year-old male"",""labels"":[""Personal Information""]},{""start"":40,""end"":99,""text"":""who presents for routine follow up of his chronic problems."",""labels"":[""Acute Symptoms""]},{""start"":101,""end"":234,""text"":""Asthma.\\n- Medical Reasoning: His symptoms are exacerbated during warmer weather, but his recent pulmonary function tests were normal."",""labels"":[""Reassessment""]},{""start"":248,""end"":440,""text"":"""",""labels"":[""Theraputic History""]},{""start"":236,""end"":247,""text"":""Depression."",""labels"":[""Reassessment""]},{""start"":339,""end"":356,""text"":""Diabetes Type II."",""labels"":[""Reassessment""]},{""start"":357,""end"":439,""text"":""• Medical Reasoning: Recent blood glucose levels and hemoglobin A1c were elevated."",""labels"":[""Lab Examination""]}]",119.073,ASSESSMENT,D2N012_2,2025-06-25T13:57:13.629081Z,"{""Intent"": ""<b>ASSESSMENT</b><br><span style='color:#D84315; font-size:15px; margin-right:10px;'>Acute Assessment</span><span style='color:#689F38; font-size:15px; margin-right:10px;'>Reassessment</span><span style='color:#1E88E5; font-size:15px; margin-right:10px;'>Medications</span><span style='color:#9C27B0; font-size:15px; margin-right:10px;'>Diagnostic Testing</span><span style='color:#F06292; font-size:15px; margin-right:10px;'>Other Treatments</span><span style='color:#00897B; font-size:15px; margin-right:10px;'>Follow-up</span><span style='color:#C62828; font-size:15px; margin-right:10px;'>Discussion</span><span style='color:#6A1B9A; font-size:15px; margin-right:10px;'>Referral</span><span style='color:#C2185B; font-size:15px; margin-right:10px;'>Acute Symptoms</span><span style='color:#0288D1; font-size:15px; margin-right:10px;'>Personal Information</span><span style='color:#673AB7; font-size:15px; margin-right:10px;'>Personal History</span><span style='color:#EF6C00; font-size:15px; margin-right:10px;'>Family History</span><span style='color:#009688; font-size:15px; margin-right:10px;'>Drug History</span><span style='color:#303F9F; font-size:15px; margin-right:10px;'>Theraputic History</span><span style='color:#E91E63; font-size:15px; margin-right:10px;'>Vegetative History</span><span style='color:#26C6DA; font-size:15px; margin-right:10px;'>Other Social</span><span style='color:#00796B; font-size:15px; margin-right:10px;'>Physical Examination</span><span style='color:#5D4037; font-size:15px; margin-right:10px;'>Radiology Examination</span><span style='color:#F44336; font-size:15px; margin-right:10px;'>Lab Examination</span>"", ""Note"": ""<ol><li><span style='color:#0288D1;' data-toggle='tooltip' data-html='true' title='Personal Information'>Mr. Joseph Fisher is a 59-year-old male</span> <span style='color:#0288D1; font-size:14px;'>(<b>Personal Information</b>)</span></li><li><span style='color:#C2185B;' data-toggle='tooltip' data-html='true' title='Acute Symptoms'>who presents for routine follow up of his chronic problems.</span> <span style='color:#C2185B; font-size:14px;'>(<b>Acute Symptoms</b>)</span></li><li><span style='color:#689F38;' data-toggle='tooltip' data-html='true' title='Reassessment'>Asthma.\n- Medical Reasoning: His symptoms are exacerbated during warmer weather, but his recent pulmonary function tests were normal.</span> <span style='color:#689F38; font-size:14px;'>(<b>Reassessment</b>)</span></li><li><span style='color:#689F38;' data-toggle='tooltip' data-html='true' title='Reassessment'>Depression.</span> <span style='color:#689F38; font-size:14px;'>(<b>Reassessment</b>)</span></li><li><span style='color:#303F9F;' data-toggle='tooltip' data-html='true' title='Theraputic History'>• Medical Reasoning: The patient self-weened from Prozac 20 mg daily due to side effects.\n\nDiabetes Type II.\n• Medical Reasoning: Recent blood glucose levels and hemoglobin A1c were elevated.\n</span> <span style='color:#303F9F; font-size:14px;'>(<b>Theraputic History</b>)</span></li><li><span style='color:#689F38;' data-toggle='tooltip' data-html='true' title='Reassessment'>Diabetes Type II.</span> <span style='color:#689F38; font-size:14px;'>(<b>Reassessment</b>)</span></li><li><span style='color:#F44336;' data-toggle='tooltip' data-html='true' title='Lab Examination'>• Medical Reasoning: Recent blood glucose levels and hemoglobin A1c were elevated.</span> <span style='color:#F44336; font-size:14px;'>(<b>Lab Examination</b>)</span></li></ol>""}"
10591,3,"John Brooks is a 55-year-old male with a past medical history significant for anxiety and epilepsy. He presents today with an abnormal lab finding.

Newly diagnosed diabetes.
- Medical Reasoning: His past hemoglobin A1c levels have been borderline high, but his most recent level was 8. His blood glucose level is also elevated in clinic today.

Epilepsy.
• Medical Reasoning: He saw his neurologist about 3 months ago and has been asymptomatic for the past few months.

",2025-06-25T09:59:19.051195Z,D2N013,11044,"[{""start"":0,""end"":33,""text"":""John Brooks is a 55-year-old male"",""labels"":[""Personal Information""]},{""start"":34,""end"":99,""text"":""with a past medical history significant for anxiety and epilepsy."",""labels"":[""Personal History""]},{""start"":100,""end"":147,""text"":""He presents today with an abnormal lab finding.\\n"",""labels"":[""Acute Symptoms""]},{""start"":149,""end"":174,""text"":""Newly diagnosed diabetes."",""labels"":[""Acute Assessment""]},{""start"":346,""end"":355,""text"":""Epilepsy."",""labels"":[""Reassessment""]},{""start"":356,""end"":418,""text"":""• Medical Reasoning: He saw his neurologist about 3 months ago"",""labels"":[""Personal History""]},{""start"":419,""end"":469,""text"":""and has been asymptomatic for the past few months."",""labels"":[""Reassessment""]},{""start"":175,""end"":252,""text"":""- Medical Reasoning: His past hemoglobin A1c levels have been borderline high"",""labels"":[""Personal History""]},{""start"":254,""end"":285,""text"":""but his most recent level was 8"",""labels"":[""Lab Examination""]},{""start"":286,""end"":344,""text"":"" His blood glucose level is also elevated in clinic today.\\n"",""labels"":[""Lab Examination""]}]",292.635,ASSESSMENT,D2N013_2,2025-06-25T13:58:51.754473Z,"{""Intent"": ""<b>ASSESSMENT</b><br><span style='color:#D84315; font-size:15px; margin-right:10px;'>Acute Assessment</span><span style='color:#689F38; font-size:15px; margin-right:10px;'>Reassessment</span><span style='color:#1E88E5; font-size:15px; margin-right:10px;'>Medications</span><span style='color:#9C27B0; font-size:15px; margin-right:10px;'>Diagnostic Testing</span><span style='color:#F06292; font-size:15px; margin-right:10px;'>Other Treatments</span><span style='color:#00897B; font-size:15px; margin-right:10px;'>Follow-up</span><span style='color:#C62828; font-size:15px; margin-right:10px;'>Discussion</span><span style='color:#6A1B9A; font-size:15px; margin-right:10px;'>Referral</span><span style='color:#C2185B; font-size:15px; margin-right:10px;'>Acute Symptoms</span><span style='color:#0288D1; font-size:15px; margin-right:10px;'>Personal Information</span><span style='color:#673AB7; font-size:15px; margin-right:10px;'>Personal History</span><span style='color:#EF6C00; font-size:15px; margin-right:10px;'>Family History</span><span style='color:#009688; font-size:15px; margin-right:10px;'>Drug History</span><span style='color:#303F9F; font-size:15px; margin-right:10px;'>Theraputic History</span><span style='color:#E91E63; font-size:15px; margin-right:10px;'>Vegetative History</span><span style='color:#26C6DA; font-size:15px; margin-right:10px;'>Other Social</span><span style='color:#00796B; font-size:15px; margin-right:10px;'>Physical Examination</span><span style='color:#5D4037; font-size:15px; margin-right:10px;'>Radiology Examination</span><span style='color:#F44336; font-size:15px; margin-right:10px;'>Lab Examination</span>"", ""Note"": ""<ol><li><span style='color:#0288D1;' data-toggle='tooltip' data-html='true' title='Personal Information'>John Brooks is a 55-year-old male</span> <span style='color:#0288D1; font-size:14px;'>(<b>Personal Information</b>)</span></li><li><span style='color:#673AB7;' data-toggle='tooltip' data-html='true' title='Personal History'>with a past medical history significant for anxiety and epilepsy.</span> <span style='color:#673AB7; font-size:14px;'>(<b>Personal History</b>)</span></li><li><span style='color:#C2185B;' data-toggle='tooltip' data-html='true' title='Acute Symptoms'>He presents today with an abnormal lab finding.</span> <span style='color:#C2185B; font-size:14px;'>(<b>Acute Symptoms</b>)</span></li><li><span style='color:#D84315;' data-toggle='tooltip' data-html='true' title='Acute Assessment'>Newly diagnosed diabetes.</span> <span style='color:#D84315; font-size:14px;'>(<b>Acute Assessment</b>)</span></li><li><span style='color:#673AB7;' data-toggle='tooltip' data-html='true' title='Personal History'>- Medical Reasoning: His past hemoglobin A1c levels have been borderline high</span> <span style='color:#673AB7; font-size:14px;'>(<b>Personal History</b>)</span></li><li><span style='color:#F44336;' data-toggle='tooltip' data-html='true' title='Lab Examination'>but his most recent level was 8</span> <span style='color:#F44336; font-size:14px;'>(<b>Lab Examination</b>)</span></li><li><span style='color:#F44336;' data-toggle='tooltip' data-html='true' title='Lab Examination'> His blood glucose level is also elevated in clinic today.</span> <span style='color:#F44336; font-size:14px;'>(<b>Lab Examination</b>)</span></li><li><span style='color:#689F38;' data-toggle='tooltip' data-html='true' title='Reassessment'>Epilepsy.</span> <span style='color:#689F38; font-size:14px;'>(<b>Reassessment</b>)</span></li><li><span style='color:#673AB7;' data-toggle='tooltip' data-html='true' title='Personal History'>• Medical Reasoning: He saw his neurologist about 3 months ago</span> <span style='color:#673AB7; font-size:14px;'>(<b>Personal History</b>)</span></li><li><span style='color:#689F38;' data-toggle='tooltip' data-html='true' title='Reassessment'>and has been asymptomatic for the past few months.</span> <span style='color:#689F38; font-size:14px;'>(<b>Reassessment</b>)</span></li></ol>""}"
10593,3,"The patient is a 58-year-old male who presents for follow-up after emergency room visit.

ED follow-up and congestive heart failure
- Medical Reasoning: I believe his symptoms which led to his ED visit were due to an exacerbation of his heart failure. He admits to some dietary indiscretion, which likely resulted in fluid retention.

Status post basal cell carcinoma removal.
• Medical Reasoning: He seems to be doing well and the removal site is well-healed. No change in treatment is necessary at this time.

Status post cataract surgery.
• Medical Reasoning: He seems to be doing well. We will continue to observe, but no treatment changes are needed today.
",2025-06-25T10:02:04.217754Z,D2N014,11045,"[{""start"":0,""end"":33,""text"":""The patient is a 58-year-old male"",""labels"":[""Personal Information""]},{""start"":34,""end"":88,""text"":""who presents for follow-up after emergency room visit."",""labels"":[""Acute Symptoms""]},{""start"":90,""end"":333,""text"":""ED follow-up and congestive heart failure\\n- Medical Reasoning: I believe his symptoms which led to his ED visit were due to an exacerbation of his heart failure. He admits to some dietary indiscretion, which likely resulted in fluid retention.\\n"",""labels"":[""Acute Assessment""]},{""start"":335,""end"":510,""text"":""Status post basal cell carcinoma removal.\\n• Medical Reasoning: He seems to be doing well and the removal site is well-healed. No change in treatment is necessary at this time."",""labels"":[""Reassessment""]},{""start"":512,""end"":661,""text"":""Status post cataract surgery.\\n• Medical Reasoning: He seems to be doing well. We will continue to observe, but no treatment changes are needed today.\\n"",""labels"":[""Reassessment""]}]",163.441,ASSESSMENT,D2N014_2,2025-06-25T10:02:04.217800Z,"{""Intent"": ""<b>ASSESSMENT</b><br><span style='color:#D84315; font-size:15px; margin-right:10px;'>Acute Assessment</span><span style='color:#689F38; font-size:15px; margin-right:10px;'>Reassessment</span><span style='color:#1E88E5; font-size:15px; margin-right:10px;'>Medications</span><span style='color:#9C27B0; font-size:15px; margin-right:10px;'>Diagnostic Testing</span><span style='color:#F06292; font-size:15px; margin-right:10px;'>Other Treatments</span><span style='color:#00897B; font-size:15px; margin-right:10px;'>Follow-up</span><span style='color:#C62828; font-size:15px; margin-right:10px;'>Discussion</span><span style='color:#6A1B9A; font-size:15px; margin-right:10px;'>Referral</span><span style='color:#C2185B; font-size:15px; margin-right:10px;'>Acute Symptoms</span><span style='color:#0288D1; font-size:15px; margin-right:10px;'>Personal Information</span><span style='color:#673AB7; font-size:15px; margin-right:10px;'>Personal History</span><span style='color:#EF6C00; font-size:15px; margin-right:10px;'>Family History</span><span style='color:#009688; font-size:15px; margin-right:10px;'>Drug History</span><span style='color:#303F9F; font-size:15px; margin-right:10px;'>Theraputic History</span><span style='color:#E91E63; font-size:15px; margin-right:10px;'>Vegetative History</span><span style='color:#26C6DA; font-size:15px; margin-right:10px;'>Other Social</span><span style='color:#00796B; font-size:15px; margin-right:10px;'>Physical Examination</span><span style='color:#5D4037; font-size:15px; margin-right:10px;'>Radiology Examination</span><span style='color:#F44336; font-size:15px; margin-right:10px;'>Lab Examination</span>"", ""Note"": ""<ol><li><span style='color:#0288D1;' data-toggle='tooltip' data-html='true' title='Personal Information'>The patient is a 58-year-old male</span> <span style='color:#0288D1; font-size:14px;'>(<b>Personal Information</b>)</span></li><li><span style='color:#C2185B;' data-toggle='tooltip' data-html='true' title='Acute Symptoms'>who presents for follow-up after emergency room visit.</span> <span style='color:#C2185B; font-size:14px;'>(<b>Acute Symptoms</b>)</span></li><li><span style='color:#D84315;' data-toggle='tooltip' data-html='true' title='Acute Assessment'>ED follow-up and congestive heart failure\n- Medical Reasoning: I believe his symptoms which led to his ED visit were due to an exacerbation of his heart failure. He admits to some dietary indiscretion, which likely resulted in fluid retention.</span> <span style='color:#D84315; font-size:14px;'>(<b>Acute Assessment</b>)</span></li><li><span style='color:#689F38;' data-toggle='tooltip' data-html='true' title='Reassessment'>Status post basal cell carcinoma removal.\n• Medical Reasoning: He seems to be doing well and the removal site is well-healed. No change in treatment is necessary at this time.</span> <span style='color:#689F38; font-size:14px;'>(<b>Reassessment</b>)</span></li><li><span style='color:#689F38;' data-toggle='tooltip' data-html='true' title='Reassessment'>Status post cataract surgery.\n• Medical Reasoning: He seems to be doing well. We will continue to observe, but no treatment changes are needed today.</span> <span style='color:#689F38; font-size:14px;'>(<b>Reassessment</b>)</span></li></ol>""}"
10595,3,"COPD.
- Medical Reasoning: The patient presents today with shortness of breath with exertion. Her pulmonary function tests suggest asthma or COPD and her most recent chest x-ray and physical examination today are also consistent with COPD.

Depression.
• Medical Reasoning: It sounds like her depression is stable, so we will not change anything at this time.

Chronic back pain.
• Medical Reasoning: The patient says she is doing well on Neurontin with only occasional exacerbation of the pain.

",2025-06-25T10:03:39.894411Z,D2N015,11046,"[{""start"":0,""end"":5,""text"":""COPD."",""labels"":[""Acute Assessment""]},{""start"":6,""end"":92,""text"":""- Medical Reasoning: The patient presents today with shortness of breath with exertion"",""labels"":[""Acute Symptoms""]},{""start"":94,""end"":239,""text"":""Her pulmonary function tests suggest asthma or COPD and her most recent chest x-ray and physical examination today are also consistent with COPD."",""labels"":[""Acute Assessment""]},{""start"":241,""end"":359,""text"":""Depression.\\n• Medical Reasoning: It sounds like her depression is stable, so we will not change anything at this time."",""labels"":[""Reassessment""]},{""start"":361,""end"":435,""text"":""Chronic back pain.\\n• Medical Reasoning: The patient says she is doing well"",""labels"":[""Reassessment""]},{""start"":436,""end"":495,""text"":""on Neurontin with only occasional exacerbation of the pain."",""labels"":[""Theraputic History""]}]",94.3,ASSESSMENT,D2N015_2,2025-06-25T10:03:39.894465Z,"{""Intent"": ""<b>ASSESSMENT</b><br><span style='color:#D84315; font-size:15px; margin-right:10px;'>Acute Assessment</span><span style='color:#689F38; font-size:15px; margin-right:10px;'>Reassessment</span><span style='color:#1E88E5; font-size:15px; margin-right:10px;'>Medications</span><span style='color:#9C27B0; font-size:15px; margin-right:10px;'>Diagnostic Testing</span><span style='color:#F06292; font-size:15px; margin-right:10px;'>Other Treatments</span><span style='color:#00897B; font-size:15px; margin-right:10px;'>Follow-up</span><span style='color:#C62828; font-size:15px; margin-right:10px;'>Discussion</span><span style='color:#6A1B9A; font-size:15px; margin-right:10px;'>Referral</span><span style='color:#C2185B; font-size:15px; margin-right:10px;'>Acute Symptoms</span><span style='color:#0288D1; font-size:15px; margin-right:10px;'>Personal Information</span><span style='color:#673AB7; font-size:15px; margin-right:10px;'>Personal History</span><span style='color:#EF6C00; font-size:15px; margin-right:10px;'>Family History</span><span style='color:#009688; font-size:15px; margin-right:10px;'>Drug History</span><span style='color:#303F9F; font-size:15px; margin-right:10px;'>Theraputic History</span><span style='color:#E91E63; font-size:15px; margin-right:10px;'>Vegetative History</span><span style='color:#26C6DA; font-size:15px; margin-right:10px;'>Other Social</span><span style='color:#00796B; font-size:15px; margin-right:10px;'>Physical Examination</span><span style='color:#5D4037; font-size:15px; margin-right:10px;'>Radiology Examination</span><span style='color:#F44336; font-size:15px; margin-right:10px;'>Lab Examination</span>"", ""Note"": ""<ol><li><span style='color:#D84315;' data-toggle='tooltip' data-html='true' title='Acute Assessment'>COPD.</span> <span style='color:#D84315; font-size:14px;'>(<b>Acute Assessment</b>)</span></li><li><span style='color:#C2185B;' data-toggle='tooltip' data-html='true' title='Acute Symptoms'>- Medical Reasoning: The patient presents today with shortness of breath with exertion</span> <span style='color:#C2185B; font-size:14px;'>(<b>Acute Symptoms</b>)</span></li><li><span style='color:#D84315;' data-toggle='tooltip' data-html='true' title='Acute Assessment'>Her pulmonary function tests suggest asthma or COPD and her most recent chest x-ray and physical examination today are also consistent with COPD.</span> <span style='color:#D84315; font-size:14px;'>(<b>Acute Assessment</b>)</span></li><li><span style='color:#689F38;' data-toggle='tooltip' data-html='true' title='Reassessment'>Depression.\n• Medical Reasoning: It sounds like her depression is stable, so we will not change anything at this time.</span> <span style='color:#689F38; font-size:14px;'>(<b>Reassessment</b>)</span></li><li><span style='color:#689F38;' data-toggle='tooltip' data-html='true' title='Reassessment'>Chronic back pain.\n• Medical Reasoning: The patient says she is doing well</span> <span style='color:#689F38; font-size:14px;'>(<b>Reassessment</b>)</span></li><li><span style='color:#303F9F;' data-toggle='tooltip' data-html='true' title='Theraputic History'>on Neurontin with only occasional exacerbation of the pain.</span> <span style='color:#303F9F; font-size:14px;'>(<b>Theraputic History</b>)</span></li></ol>""}"
10596,3,"Edward Butler is a 59-year-old male with a past medical history significant for depression, hypertension, and prior rotator cuff repair. He presents for a follow-up of his chronic problems.

Depression.
- Medical Reasoning: He is doing well with therapy and physical activity. He continues to decline medication for this.

Hypertension.
• Medical Reasoning: This is uncontrolled at this time. He is compliant with Norvasc, but admits to occasional dietary indiscretion.

8 months status post rotator cuff repair.
• Medical Reasoning: He is doing well postoperatively. He has progressed from formal physical therapy to solely home exercise.

",2025-06-25T10:06:05.934450Z,D2N016,11047,"[{""start"":0,""end"":35,""text"":""Edward Butler is a 59-year-old male"",""labels"":[""Personal Information""]},{""start"":35,""end"":135,""text"":"" with a past medical history significant for depression, hypertension, and prior rotator cuff repair"",""labels"":[""Personal History""]},{""start"":136,""end"":189,""text"":"" He presents for a follow-up of his chronic problems."",""labels"":[""Acute Symptoms""]},{""start"":191,""end"":275,""text"":""Depression.\\n- Medical Reasoning: He is doing well with therapy and physical activity"",""labels"":[""Reassessment""]},{""start"":276,""end"":321,""text"":"" He continues to decline medication for this."",""labels"":[""Discussion""]},{""start"":323,""end"":391,""text"":""Hypertension.\\n• Medical Reasoning: This is uncontrolled at this time"",""labels"":[""Reassessment""]},{""start"":393,""end"":422,""text"":""He is compliant with Norvasc,"",""labels"":[""Theraputic History""]},{""start"":423,""end"":469,""text"":""but admits to occasional dietary indiscretion."",""labels"":[""Personal History""]},{""start"":471,""end"":566,""text"":""8 months status post rotator cuff repair.\\n• Medical Reasoning: He is doing well postoperatively"",""labels"":[""Reassessment""]},{""start"":568,""end"":639,""text"":""He has progressed from formal physical therapy to solely home exercise."",""labels"":[""Personal History""]}]",144.791,ASSESSMENT,D2N016_2,2025-06-25T10:06:05.934490Z,"{""Intent"": ""<b>ASSESSMENT</b><br><span style='color:#D84315; font-size:15px; margin-right:10px;'>Acute Assessment</span><span style='color:#689F38; font-size:15px; margin-right:10px;'>Reassessment</span><span style='color:#1E88E5; font-size:15px; margin-right:10px;'>Medications</span><span style='color:#9C27B0; font-size:15px; margin-right:10px;'>Diagnostic Testing</span><span style='color:#F06292; font-size:15px; margin-right:10px;'>Other Treatments</span><span style='color:#00897B; font-size:15px; margin-right:10px;'>Follow-up</span><span style='color:#C62828; font-size:15px; margin-right:10px;'>Discussion</span><span style='color:#6A1B9A; font-size:15px; margin-right:10px;'>Referral</span><span style='color:#C2185B; font-size:15px; margin-right:10px;'>Acute Symptoms</span><span style='color:#0288D1; font-size:15px; margin-right:10px;'>Personal Information</span><span style='color:#673AB7; font-size:15px; margin-right:10px;'>Personal History</span><span style='color:#EF6C00; font-size:15px; margin-right:10px;'>Family History</span><span style='color:#009688; font-size:15px; margin-right:10px;'>Drug History</span><span style='color:#303F9F; font-size:15px; margin-right:10px;'>Theraputic History</span><span style='color:#E91E63; font-size:15px; margin-right:10px;'>Vegetative History</span><span style='color:#26C6DA; font-size:15px; margin-right:10px;'>Other Social</span><span style='color:#00796B; font-size:15px; margin-right:10px;'>Physical Examination</span><span style='color:#5D4037; font-size:15px; margin-right:10px;'>Radiology Examination</span><span style='color:#F44336; font-size:15px; margin-right:10px;'>Lab Examination</span>"", ""Note"": ""<ol><li><span style='color:#0288D1;' data-toggle='tooltip' data-html='true' title='Personal Information'>Edward Butler is a 59-year-old male</span> <span style='color:#0288D1; font-size:14px;'>(<b>Personal Information</b>)</span></li><li><span style='color:#673AB7;' data-toggle='tooltip' data-html='true' title='Personal History'> with a past medical history significant for depression, hypertension, and prior rotator cuff repair</span> <span style='color:#673AB7; font-size:14px;'>(<b>Personal History</b>)</span></li><li><span style='color:#C2185B;' data-toggle='tooltip' data-html='true' title='Acute Symptoms'> He presents for a follow-up of his chronic problems.</span> <span style='color:#C2185B; font-size:14px;'>(<b>Acute Symptoms</b>)</span></li><li><span style='color:#689F38;' data-toggle='tooltip' data-html='true' title='Reassessment'>Depression.\n- Medical Reasoning: He is doing well with therapy and physical activity</span> <span style='color:#689F38; font-size:14px;'>(<b>Reassessment</b>)</span></li><li><span style='color:#C62828;' data-toggle='tooltip' data-html='true' title='Discussion'> He continues to decline medication for this.</span> <span style='color:#C62828; font-size:14px;'>(<b>Discussion</b>)</span></li><li><span style='color:#689F38;' data-toggle='tooltip' data-html='true' title='Reassessment'>Hypertension.\n• Medical Reasoning: This is uncontrolled at this time</span> <span style='color:#689F38; font-size:14px;'>(<b>Reassessment</b>)</span></li><li><span style='color:#303F9F;' data-toggle='tooltip' data-html='true' title='Theraputic History'>He is compliant with Norvasc,</span> <span style='color:#303F9F; font-size:14px;'>(<b>Theraputic History</b>)</span></li><li><span style='color:#673AB7;' data-toggle='tooltip' data-html='true' title='Personal History'>but admits to occasional dietary indiscretion.</span> <span style='color:#673AB7; font-size:14px;'>(<b>Personal History</b>)</span></li><li><span style='color:#689F38;' data-toggle='tooltip' data-html='true' title='Reassessment'>8 months status post rotator cuff repair.\n• Medical Reasoning: He is doing well postoperatively</span> <span style='color:#689F38; font-size:14px;'>(<b>Reassessment</b>)</span></li><li><span style='color:#673AB7;' data-toggle='tooltip' data-html='true' title='Personal History'>He has progressed from formal physical therapy to solely home exercise.</span> <span style='color:#673AB7; font-size:14px;'>(<b>Personal History</b>)</span></li></ol>""}"
10598,3,"IMPRESSION

Right leg contusion.",2025-06-25T10:10:21.058084Z,D2N017,11048,"[{""start"":12,""end"":32,""text"":""Right leg contusion."",""labels"":[""Acute Assessment""]}]",253.472,ASSESSMENT,D2N017_2,2025-06-25T10:10:21.058134Z,"{""Intent"": ""<b>ASSESSMENT</b><br><span style='color:#D84315; font-size:15px; margin-right:10px;'>Acute Assessment</span><span style='color:#689F38; font-size:15px; margin-right:10px;'>Reassessment</span><span style='color:#1E88E5; font-size:15px; margin-right:10px;'>Medications</span><span style='color:#9C27B0; font-size:15px; margin-right:10px;'>Diagnostic Testing</span><span style='color:#F06292; font-size:15px; margin-right:10px;'>Other Treatments</span><span style='color:#00897B; font-size:15px; margin-right:10px;'>Follow-up</span><span style='color:#C62828; font-size:15px; margin-right:10px;'>Discussion</span><span style='color:#6A1B9A; font-size:15px; margin-right:10px;'>Referral</span><span style='color:#C2185B; font-size:15px; margin-right:10px;'>Acute Symptoms</span><span style='color:#0288D1; font-size:15px; margin-right:10px;'>Personal Information</span><span style='color:#673AB7; font-size:15px; margin-right:10px;'>Personal History</span><span style='color:#EF6C00; font-size:15px; margin-right:10px;'>Family History</span><span style='color:#009688; font-size:15px; margin-right:10px;'>Drug History</span><span style='color:#303F9F; font-size:15px; margin-right:10px;'>Theraputic History</span><span style='color:#E91E63; font-size:15px; margin-right:10px;'>Vegetative History</span><span style='color:#26C6DA; font-size:15px; margin-right:10px;'>Other Social</span><span style='color:#00796B; font-size:15px; margin-right:10px;'>Physical Examination</span><span style='color:#5D4037; font-size:15px; margin-right:10px;'>Radiology Examination</span><span style='color:#F44336; font-size:15px; margin-right:10px;'>Lab Examination</span>"", ""Note"": ""<ol><li><span style='color:#D84315;' data-toggle='tooltip' data-html='true' title='Acute Assessment'>Right leg contusion.</span> <span style='color:#D84315; font-size:14px;'>(<b>Acute Assessment</b>)</span></li></ol>""}"
10600,3,"IMPRESSION

Right proximal humerus fracture.",2025-06-25T10:11:04.424590Z,D2N018,11049,"[{""start"":12,""end"":44,""text"":""Right proximal humerus fracture."",""labels"":[""Acute Assessment""]}]",41.892,ASSESSMENT,D2N018_2,2025-06-25T10:11:04.424630Z,"{""Intent"": ""<b>ASSESSMENT</b><br><span style='color:#D84315; font-size:15px; margin-right:10px;'>Acute Assessment</span><span style='color:#689F38; font-size:15px; margin-right:10px;'>Reassessment</span><span style='color:#1E88E5; font-size:15px; margin-right:10px;'>Medications</span><span style='color:#9C27B0; font-size:15px; margin-right:10px;'>Diagnostic Testing</span><span style='color:#F06292; font-size:15px; margin-right:10px;'>Other Treatments</span><span style='color:#00897B; font-size:15px; margin-right:10px;'>Follow-up</span><span style='color:#C62828; font-size:15px; margin-right:10px;'>Discussion</span><span style='color:#6A1B9A; font-size:15px; margin-right:10px;'>Referral</span><span style='color:#C2185B; font-size:15px; margin-right:10px;'>Acute Symptoms</span><span style='color:#0288D1; font-size:15px; margin-right:10px;'>Personal Information</span><span style='color:#673AB7; font-size:15px; margin-right:10px;'>Personal History</span><span style='color:#EF6C00; font-size:15px; margin-right:10px;'>Family History</span><span style='color:#009688; font-size:15px; margin-right:10px;'>Drug History</span><span style='color:#303F9F; font-size:15px; margin-right:10px;'>Theraputic History</span><span style='color:#E91E63; font-size:15px; margin-right:10px;'>Vegetative History</span><span style='color:#26C6DA; font-size:15px; margin-right:10px;'>Other Social</span><span style='color:#00796B; font-size:15px; margin-right:10px;'>Physical Examination</span><span style='color:#5D4037; font-size:15px; margin-right:10px;'>Radiology Examination</span><span style='color:#F44336; font-size:15px; margin-right:10px;'>Lab Examination</span>"", ""Note"": ""<ol><li><span style='color:#D84315;' data-toggle='tooltip' data-html='true' title='Acute Assessment'>Right proximal humerus fracture.</span> <span style='color:#D84315; font-size:14px;'>(<b>Acute Assessment</b>)</span></li></ol>""}"
10602,3,"IMPRESSION

Right elbow lateral epicondylitis.",2025-06-25T10:11:49.768084Z,D2N019,11050,"[{""start"":12,""end"":46,""text"":""Right elbow lateral epicondylitis."",""labels"":[""Acute Assessment""]}]",43.183,ASSESSMENT,D2N019_2,2025-06-25T10:11:49.768130Z,"{""Intent"": ""<b>ASSESSMENT</b><br><span style='color:#D84315; font-size:15px; margin-right:10px;'>Acute Assessment</span><span style='color:#689F38; font-size:15px; margin-right:10px;'>Reassessment</span><span style='color:#1E88E5; font-size:15px; margin-right:10px;'>Medications</span><span style='color:#9C27B0; font-size:15px; margin-right:10px;'>Diagnostic Testing</span><span style='color:#F06292; font-size:15px; margin-right:10px;'>Other Treatments</span><span style='color:#00897B; font-size:15px; margin-right:10px;'>Follow-up</span><span style='color:#C62828; font-size:15px; margin-right:10px;'>Discussion</span><span style='color:#6A1B9A; font-size:15px; margin-right:10px;'>Referral</span><span style='color:#C2185B; font-size:15px; margin-right:10px;'>Acute Symptoms</span><span style='color:#0288D1; font-size:15px; margin-right:10px;'>Personal Information</span><span style='color:#673AB7; font-size:15px; margin-right:10px;'>Personal History</span><span style='color:#EF6C00; font-size:15px; margin-right:10px;'>Family History</span><span style='color:#009688; font-size:15px; margin-right:10px;'>Drug History</span><span style='color:#303F9F; font-size:15px; margin-right:10px;'>Theraputic History</span><span style='color:#E91E63; font-size:15px; margin-right:10px;'>Vegetative History</span><span style='color:#26C6DA; font-size:15px; margin-right:10px;'>Other Social</span><span style='color:#00796B; font-size:15px; margin-right:10px;'>Physical Examination</span><span style='color:#5D4037; font-size:15px; margin-right:10px;'>Radiology Examination</span><span style='color:#F44336; font-size:15px; margin-right:10px;'>Lab Examination</span>"", ""Note"": ""<ol><li><span style='color:#D84315;' data-toggle='tooltip' data-html='true' title='Acute Assessment'>Right elbow lateral epicondylitis.</span> <span style='color:#D84315; font-size:14px;'>(<b>Acute Assessment</b>)</span></li></ol>""}"
10604,3,"Vincent Young is a 56-year-old male who presents today for lab review.

New found anemia.
- Medical Reasoning: His hemoglobin was 8.2, which is low for his height and weight. Endoscopy from the hospital showed gastritis which could be the source of bleeding. The endoscopy also showed a polyp and a polypectomy was performed. The pathology is still pending.

",2025-06-25T10:14:41.474523Z,D2N020,11051,"[{""start"":0,""end"":35,""text"":""Vincent Young is a 56-year-old male"",""labels"":[""Personal Information""]},{""start"":36,""end"":70,""text"":""who presents today for lab review.\\n"",""labels"":[""Acute Symptoms""]},{""start"":72,""end"":173,""text"":""New found anemia.\\n- Medical Reasoning: His hemoglobin was 8.2, which is low for his height and weight"",""labels"":[""Acute Assessment""]},{""start"":175,""end"":257,""text"":""Endoscopy from the hospital showed gastritis which could be the source of bleeding"",""labels"":[""Acute Assessment""]},{""start"":259,""end"":324,""text"":""The endoscopy also showed a polyp and a polypectomy was performed"",""labels"":[""Radiology Examination""]},{""start"":326,""end"":356,""text"":""The pathology is still pending"",""labels"":[""Lab Examination""]}]",170.084,ASSESSMENT,D2N020_2,2025-06-25T10:14:41.474563Z,"{""Intent"": ""<b>ASSESSMENT</b><br><span style='color:#D84315; font-size:15px; margin-right:10px;'>Acute Assessment</span><span style='color:#689F38; font-size:15px; margin-right:10px;'>Reassessment</span><span style='color:#1E88E5; font-size:15px; margin-right:10px;'>Medications</span><span style='color:#9C27B0; font-size:15px; margin-right:10px;'>Diagnostic Testing</span><span style='color:#F06292; font-size:15px; margin-right:10px;'>Other Treatments</span><span style='color:#00897B; font-size:15px; margin-right:10px;'>Follow-up</span><span style='color:#C62828; font-size:15px; margin-right:10px;'>Discussion</span><span style='color:#6A1B9A; font-size:15px; margin-right:10px;'>Referral</span><span style='color:#C2185B; font-size:15px; margin-right:10px;'>Acute Symptoms</span><span style='color:#0288D1; font-size:15px; margin-right:10px;'>Personal Information</span><span style='color:#673AB7; font-size:15px; margin-right:10px;'>Personal History</span><span style='color:#EF6C00; font-size:15px; margin-right:10px;'>Family History</span><span style='color:#009688; font-size:15px; margin-right:10px;'>Drug History</span><span style='color:#303F9F; font-size:15px; margin-right:10px;'>Theraputic History</span><span style='color:#E91E63; font-size:15px; margin-right:10px;'>Vegetative History</span><span style='color:#26C6DA; font-size:15px; margin-right:10px;'>Other Social</span><span style='color:#00796B; font-size:15px; margin-right:10px;'>Physical Examination</span><span style='color:#5D4037; font-size:15px; margin-right:10px;'>Radiology Examination</span><span style='color:#F44336; font-size:15px; margin-right:10px;'>Lab Examination</span>"", ""Note"": ""<ol><li><span style='color:#0288D1;' data-toggle='tooltip' data-html='true' title='Personal Information'>Vincent Young is a 56-year-old male</span> <span style='color:#0288D1; font-size:14px;'>(<b>Personal Information</b>)</span></li><li><span style='color:#C2185B;' data-toggle='tooltip' data-html='true' title='Acute Symptoms'>who presents today for lab review.</span> <span style='color:#C2185B; font-size:14px;'>(<b>Acute Symptoms</b>)</span></li><li><span style='color:#D84315;' data-toggle='tooltip' data-html='true' title='Acute Assessment'>New found anemia.\n- Medical Reasoning: His hemoglobin was 8.2, which is low for his height and weight</span> <span style='color:#D84315; font-size:14px;'>(<b>Acute Assessment</b>)</span></li><li><span style='color:#D84315;' data-toggle='tooltip' data-html='true' title='Acute Assessment'>Endoscopy from the hospital showed gastritis which could be the source of bleeding</span> <span style='color:#D84315; font-size:14px;'>(<b>Acute Assessment</b>)</span></li><li><span style='color:#5D4037;' data-toggle='tooltip' data-html='true' title='Radiology Examination'>The endoscopy also showed a polyp and a polypectomy was performed</span> <span style='color:#5D4037; font-size:14px;'>(<b>Radiology Examination</b>)</span></li><li><span style='color:#F44336;' data-toggle='tooltip' data-html='true' title='Lab Examination'>The pathology is still pending</span> <span style='color:#F44336; font-size:14px;'>(<b>Lab Examination</b>)</span></li></ol>""}"
10606,3,"ASSESSMENT

• Hypothyroidism.
• Abnormal liver enzymes.
• Abnormal weight gain.
• Acne vulgaris
• Vitamin D deficiency.
• Hirsutism",2025-06-25T10:16:08.628046Z,D2N021,11052,"[{""start"":12,""end"":29,""text"":""• Hypothyroidism."",""labels"":[""Reassessment""]},{""start"":30,""end"":55,""text"":""• Abnormal liver enzymes."",""labels"":[""Reassessment""]},{""start"":56,""end"":79,""text"":""• Abnormal weight gain."",""labels"":[""Reassessment""]},{""start"":80,""end"":95,""text"":""• Acne vulgaris"",""labels"":[""Reassessment""]},{""start"":96,""end"":119,""text"":""• Vitamin D deficiency."",""labels"":[""Reassessment""]},{""start"":120,""end"":131,""text"":""• Hirsutism"",""labels"":[""Reassessment""]}]",84.921,ASSESSMENT,D2N021_2,2025-06-25T10:16:08.628089Z,"{""Intent"": ""<b>ASSESSMENT</b><br><span style='color:#D84315; font-size:15px; margin-right:10px;'>Acute Assessment</span><span style='color:#689F38; font-size:15px; margin-right:10px;'>Reassessment</span><span style='color:#1E88E5; font-size:15px; margin-right:10px;'>Medications</span><span style='color:#9C27B0; font-size:15px; margin-right:10px;'>Diagnostic Testing</span><span style='color:#F06292; font-size:15px; margin-right:10px;'>Other Treatments</span><span style='color:#00897B; font-size:15px; margin-right:10px;'>Follow-up</span><span style='color:#C62828; font-size:15px; margin-right:10px;'>Discussion</span><span style='color:#6A1B9A; font-size:15px; margin-right:10px;'>Referral</span><span style='color:#C2185B; font-size:15px; margin-right:10px;'>Acute Symptoms</span><span style='color:#0288D1; font-size:15px; margin-right:10px;'>Personal Information</span><span style='color:#673AB7; font-size:15px; margin-right:10px;'>Personal History</span><span style='color:#EF6C00; font-size:15px; margin-right:10px;'>Family History</span><span style='color:#009688; font-size:15px; margin-right:10px;'>Drug History</span><span style='color:#303F9F; font-size:15px; margin-right:10px;'>Theraputic History</span><span style='color:#E91E63; font-size:15px; margin-right:10px;'>Vegetative History</span><span style='color:#26C6DA; font-size:15px; margin-right:10px;'>Other Social</span><span style='color:#00796B; font-size:15px; margin-right:10px;'>Physical Examination</span><span style='color:#5D4037; font-size:15px; margin-right:10px;'>Radiology Examination</span><span style='color:#F44336; font-size:15px; margin-right:10px;'>Lab Examination</span>"", ""Note"": ""<ol><li><span style='color:#689F38;' data-toggle='tooltip' data-html='true' title='Reassessment'>• Hypothyroidism.</span> <span style='color:#689F38; font-size:14px;'>(<b>Reassessment</b>)</span></li><li><span style='color:#689F38;' data-toggle='tooltip' data-html='true' title='Reassessment'>• Abnormal liver enzymes.</span> <span style='color:#689F38; font-size:14px;'>(<b>Reassessment</b>)</span></li><li><span style='color:#689F38;' data-toggle='tooltip' data-html='true' title='Reassessment'>• Abnormal weight gain.</span> <span style='color:#689F38; font-size:14px;'>(<b>Reassessment</b>)</span></li><li><span style='color:#689F38;' data-toggle='tooltip' data-html='true' title='Reassessment'>• Acne vulgaris</span> <span style='color:#689F38; font-size:14px;'>(<b>Reassessment</b>)</span></li><li><span style='color:#689F38;' data-toggle='tooltip' data-html='true' title='Reassessment'>• Vitamin D deficiency.</span> <span style='color:#689F38; font-size:14px;'>(<b>Reassessment</b>)</span></li><li><span style='color:#689F38;' data-toggle='tooltip' data-html='true' title='Reassessment'>• Hirsutism</span> <span style='color:#689F38; font-size:14px;'>(<b>Reassessment</b>)</span></li></ol>""}"
10608,3,"ASSESSMENT

• Stenosing tenosynovitis of right index finger.

Ms. Philip Gutierrez is a pleasant 50-year-old right-hand-dominant male here today for a 2nd opinion of his right index finger hyperextension injury sustained during a motor vehicle accident in March of this year. The findings of his examination are consistent with rather severe post-traumatic stenosing tenosynovitis.",2025-06-25T10:19:08.489417Z,D2N022,11053,"[{""start"":12,""end"":60,""text"":""• Stenosing tenosynovitis of right index finger."",""labels"":[""Acute Assessment""]},{""start"":62,""end"":133,""text"":""Ms. Philip Gutierrez is a pleasant 50-year-old right-hand-dominant male"",""labels"":[""Personal Information""]},{""start"":134,""end"":275,""text"":""here today for a 2nd opinion of his right index finger hyperextension injury sustained during a motor vehicle accident in March of this year."",""labels"":[""Acute Symptoms""]},{""start"":276,""end"":381,""text"":""The findings of his examination are consistent with rather severe post-traumatic stenosing tenosynovitis."",""labels"":[""Acute Assessment""]}]",178.071,ASSESSMENT,D2N022_2,2025-06-25T10:19:08.489534Z,"{""Intent"": ""<b>ASSESSMENT</b><br><span style='color:#D84315; font-size:15px; margin-right:10px;'>Acute Assessment</span><span style='color:#689F38; font-size:15px; margin-right:10px;'>Reassessment</span><span style='color:#1E88E5; font-size:15px; margin-right:10px;'>Medications</span><span style='color:#9C27B0; font-size:15px; margin-right:10px;'>Diagnostic Testing</span><span style='color:#F06292; font-size:15px; margin-right:10px;'>Other Treatments</span><span style='color:#00897B; font-size:15px; margin-right:10px;'>Follow-up</span><span style='color:#C62828; font-size:15px; margin-right:10px;'>Discussion</span><span style='color:#6A1B9A; font-size:15px; margin-right:10px;'>Referral</span><span style='color:#C2185B; font-size:15px; margin-right:10px;'>Acute Symptoms</span><span style='color:#0288D1; font-size:15px; margin-right:10px;'>Personal Information</span><span style='color:#673AB7; font-size:15px; margin-right:10px;'>Personal History</span><span style='color:#EF6C00; font-size:15px; margin-right:10px;'>Family History</span><span style='color:#009688; font-size:15px; margin-right:10px;'>Drug History</span><span style='color:#303F9F; font-size:15px; margin-right:10px;'>Theraputic History</span><span style='color:#E91E63; font-size:15px; margin-right:10px;'>Vegetative History</span><span style='color:#26C6DA; font-size:15px; margin-right:10px;'>Other Social</span><span style='color:#00796B; font-size:15px; margin-right:10px;'>Physical Examination</span><span style='color:#5D4037; font-size:15px; margin-right:10px;'>Radiology Examination</span><span style='color:#F44336; font-size:15px; margin-right:10px;'>Lab Examination</span>"", ""Note"": ""<ol><li><span style='color:#D84315;' data-toggle='tooltip' data-html='true' title='Acute Assessment'>• Stenosing tenosynovitis of right index finger.</span> <span style='color:#D84315; font-size:14px;'>(<b>Acute Assessment</b>)</span></li><li><span style='color:#0288D1;' data-toggle='tooltip' data-html='true' title='Personal Information'>Ms. Philip Gutierrez is a pleasant 50-year-old right-hand-dominant male</span> <span style='color:#0288D1; font-size:14px;'>(<b>Personal Information</b>)</span></li><li><span style='color:#C2185B;' data-toggle='tooltip' data-html='true' title='Acute Symptoms'>here today for a 2nd opinion of his right index finger hyperextension injury sustained during a motor vehicle accident in March of this year.</span> <span style='color:#C2185B; font-size:14px;'>(<b>Acute Symptoms</b>)</span></li><li><span style='color:#D84315;' data-toggle='tooltip' data-html='true' title='Acute Assessment'>The findings of his examination are consistent with rather severe post-traumatic stenosing tenosynovitis.</span> <span style='color:#D84315; font-size:14px;'>(<b>Acute Assessment</b>)</span></li></ol>""}"
10610,3,"ASSESSMENT

• Hypogonadism.",2025-06-25T10:26:25.940794Z,D2N023,11054,"[{""start"":12,""end"":27,""text"":""• Hypogonadism."",""labels"":[""Acute Assessment""]}]",435.932,ASSESSMENT,D2N023_2,2025-06-25T10:26:25.940857Z,"{""Intent"": ""<b>ASSESSMENT</b><br><span style='color:#D84315; font-size:15px; margin-right:10px;'>Acute Assessment</span><span style='color:#689F38; font-size:15px; margin-right:10px;'>Reassessment</span><span style='color:#1E88E5; font-size:15px; margin-right:10px;'>Medications</span><span style='color:#9C27B0; font-size:15px; margin-right:10px;'>Diagnostic Testing</span><span style='color:#F06292; font-size:15px; margin-right:10px;'>Other Treatments</span><span style='color:#00897B; font-size:15px; margin-right:10px;'>Follow-up</span><span style='color:#C62828; font-size:15px; margin-right:10px;'>Discussion</span><span style='color:#6A1B9A; font-size:15px; margin-right:10px;'>Referral</span><span style='color:#C2185B; font-size:15px; margin-right:10px;'>Acute Symptoms</span><span style='color:#0288D1; font-size:15px; margin-right:10px;'>Personal Information</span><span style='color:#673AB7; font-size:15px; margin-right:10px;'>Personal History</span><span style='color:#EF6C00; font-size:15px; margin-right:10px;'>Family History</span><span style='color:#009688; font-size:15px; margin-right:10px;'>Drug History</span><span style='color:#303F9F; font-size:15px; margin-right:10px;'>Theraputic History</span><span style='color:#E91E63; font-size:15px; margin-right:10px;'>Vegetative History</span><span style='color:#26C6DA; font-size:15px; margin-right:10px;'>Other Social</span><span style='color:#00796B; font-size:15px; margin-right:10px;'>Physical Examination</span><span style='color:#5D4037; font-size:15px; margin-right:10px;'>Radiology Examination</span><span style='color:#F44336; font-size:15px; margin-right:10px;'>Lab Examination</span>"", ""Note"": ""<ol><li><span style='color:#D84315;' data-toggle='tooltip' data-html='true' title='Acute Assessment'>• Hypogonadism.</span> <span style='color:#D84315; font-size:14px;'>(<b>Acute Assessment</b>)</span></li></ol>""}"
10612,3,"ASSESSMENT

• Status post bilateral reduction mammoplasty.

Pamela Cook is a 36-year-old female who is status post bilateral reduction mammaplasty on 10/10/2020. There is some widening of the scar tissue bilaterally.",2025-06-25T10:30:29.642609Z,D2N024,11055,"[{""start"":12,""end"":58,""text"":""• Status post bilateral reduction mammoplasty.\\n"",""labels"":[""Reassessment""]},{""start"":60,""end"":95,""text"":""Pamela Cook is a 36-year-old female"",""labels"":[""Personal Information""]},{""start"":96,""end"":160,""text"":""who is status post bilateral reduction mammaplasty on 10\/10\/2020"",""labels"":[""Personal History""]},{""start"":162,""end"":216,""text"":""There is some widening of the scar tissue bilaterally."",""labels"":[""Reassessment""]}]",160.527,ASSESSMENT,D2N024_2,2025-06-25T10:30:29.642677Z,"{""Intent"": ""<b>ASSESSMENT</b><br><span style='color:#D84315; font-size:15px; margin-right:10px;'>Acute Assessment</span><span style='color:#689F38; font-size:15px; margin-right:10px;'>Reassessment</span><span style='color:#1E88E5; font-size:15px; margin-right:10px;'>Medications</span><span style='color:#9C27B0; font-size:15px; margin-right:10px;'>Diagnostic Testing</span><span style='color:#F06292; font-size:15px; margin-right:10px;'>Other Treatments</span><span style='color:#00897B; font-size:15px; margin-right:10px;'>Follow-up</span><span style='color:#C62828; font-size:15px; margin-right:10px;'>Discussion</span><span style='color:#6A1B9A; font-size:15px; margin-right:10px;'>Referral</span><span style='color:#C2185B; font-size:15px; margin-right:10px;'>Acute Symptoms</span><span style='color:#0288D1; font-size:15px; margin-right:10px;'>Personal Information</span><span style='color:#673AB7; font-size:15px; margin-right:10px;'>Personal History</span><span style='color:#EF6C00; font-size:15px; margin-right:10px;'>Family History</span><span style='color:#009688; font-size:15px; margin-right:10px;'>Drug History</span><span style='color:#303F9F; font-size:15px; margin-right:10px;'>Theraputic History</span><span style='color:#E91E63; font-size:15px; margin-right:10px;'>Vegetative History</span><span style='color:#26C6DA; font-size:15px; margin-right:10px;'>Other Social</span><span style='color:#00796B; font-size:15px; margin-right:10px;'>Physical Examination</span><span style='color:#5D4037; font-size:15px; margin-right:10px;'>Radiology Examination</span><span style='color:#F44336; font-size:15px; margin-right:10px;'>Lab Examination</span>"", ""Note"": ""<ol><li><span style='color:#689F38;' data-toggle='tooltip' data-html='true' title='Reassessment'>• Status post bilateral reduction mammoplasty.</span> <span style='color:#689F38; font-size:14px;'>(<b>Reassessment</b>)</span></li><li><span style='color:#0288D1;' data-toggle='tooltip' data-html='true' title='Personal Information'>Pamela Cook is a 36-year-old female</span> <span style='color:#0288D1; font-size:14px;'>(<b>Personal Information</b>)</span></li><li><span style='color:#673AB7;' data-toggle='tooltip' data-html='true' title='Personal History'>who is status post bilateral reduction mammaplasty on 10/10/2020</span> <span style='color:#673AB7; font-size:14px;'>(<b>Personal History</b>)</span></li><li><span style='color:#689F38;' data-toggle='tooltip' data-html='true' title='Reassessment'>There is some widening of the scar tissue bilaterally.</span> <span style='color:#689F38; font-size:14px;'>(<b>Reassessment</b>)</span></li></ol>""}"
10614,3,"ASSESSMENT

• Chronic congestive heart failure with mixed presentation.
• Preop examination.
• Diabetes mellitus.
• Colonoscopy",2025-06-25T10:31:16.006395Z,D2N025,11056,"[{""start"":12,""end"":71,""text"":""• Chronic congestive heart failure with mixed presentation."",""labels"":[""Reassessment""]},{""start"":72,""end"":92,""text"":""• Preop examination."",""labels"":[""Reassessment""]},{""start"":93,""end"":113,""text"":""• Diabetes mellitus."",""labels"":[""Reassessment""]},{""start"":114,""end"":127,""text"":""• Colonoscopy"",""labels"":[""Reassessment""]}]",44.282,ASSESSMENT,D2N025_2,2025-06-25T10:31:16.006438Z,"{""Intent"": ""<b>ASSESSMENT</b><br><span style='color:#D84315; font-size:15px; margin-right:10px;'>Acute Assessment</span><span style='color:#689F38; font-size:15px; margin-right:10px;'>Reassessment</span><span style='color:#1E88E5; font-size:15px; margin-right:10px;'>Medications</span><span style='color:#9C27B0; font-size:15px; margin-right:10px;'>Diagnostic Testing</span><span style='color:#F06292; font-size:15px; margin-right:10px;'>Other Treatments</span><span style='color:#00897B; font-size:15px; margin-right:10px;'>Follow-up</span><span style='color:#C62828; font-size:15px; margin-right:10px;'>Discussion</span><span style='color:#6A1B9A; font-size:15px; margin-right:10px;'>Referral</span><span style='color:#C2185B; font-size:15px; margin-right:10px;'>Acute Symptoms</span><span style='color:#0288D1; font-size:15px; margin-right:10px;'>Personal Information</span><span style='color:#673AB7; font-size:15px; margin-right:10px;'>Personal History</span><span style='color:#EF6C00; font-size:15px; margin-right:10px;'>Family History</span><span style='color:#009688; font-size:15px; margin-right:10px;'>Drug History</span><span style='color:#303F9F; font-size:15px; margin-right:10px;'>Theraputic History</span><span style='color:#E91E63; font-size:15px; margin-right:10px;'>Vegetative History</span><span style='color:#26C6DA; font-size:15px; margin-right:10px;'>Other Social</span><span style='color:#00796B; font-size:15px; margin-right:10px;'>Physical Examination</span><span style='color:#5D4037; font-size:15px; margin-right:10px;'>Radiology Examination</span><span style='color:#F44336; font-size:15px; margin-right:10px;'>Lab Examination</span>"", ""Note"": ""<ol><li><span style='color:#689F38;' data-toggle='tooltip' data-html='true' title='Reassessment'>• Chronic congestive heart failure with mixed presentation.</span> <span style='color:#689F38; font-size:14px;'>(<b>Reassessment</b>)</span></li><li><span style='color:#689F38;' data-toggle='tooltip' data-html='true' title='Reassessment'>• Preop examination.</span> <span style='color:#689F38; font-size:14px;'>(<b>Reassessment</b>)</span></li><li><span style='color:#689F38;' data-toggle='tooltip' data-html='true' title='Reassessment'>• Diabetes mellitus.</span> <span style='color:#689F38; font-size:14px;'>(<b>Reassessment</b>)</span></li><li><span style='color:#689F38;' data-toggle='tooltip' data-html='true' title='Reassessment'>• Colonoscopy</span> <span style='color:#689F38; font-size:14px;'>(<b>Reassessment</b>)</span></li></ol>""}"
10615,3,"ASSESSMENT

• Left upper extremity neuropathy, suspicious for cervical radiculopathy, possible contribution of peripheral neuropathy
• Neck pain in the setting of arthritis and disc generation",2025-06-25T10:41:08.392638Z,D2N026,11057,"[{""start"":12,""end"":132,""text"":""• Left upper extremity neuropathy, suspicious for cervical radiculopathy, possible contribution of peripheral neuropathy"",""labels"":[""Acute Assessment""]},{""start"":133,""end"":192,""text"":""• Neck pain in the setting of arthritis and disc generation"",""labels"":[""Acute Assessment""]}]",590.565,ASSESSMENT,D2N026_2,2025-06-25T10:41:08.392697Z,"{""Intent"": ""<b>ASSESSMENT</b><br><span style='color:#D84315; font-size:15px; margin-right:10px;'>Acute Assessment</span><span style='color:#689F38; font-size:15px; margin-right:10px;'>Reassessment</span><span style='color:#1E88E5; font-size:15px; margin-right:10px;'>Medications</span><span style='color:#9C27B0; font-size:15px; margin-right:10px;'>Diagnostic Testing</span><span style='color:#F06292; font-size:15px; margin-right:10px;'>Other Treatments</span><span style='color:#00897B; font-size:15px; margin-right:10px;'>Follow-up</span><span style='color:#C62828; font-size:15px; margin-right:10px;'>Discussion</span><span style='color:#6A1B9A; font-size:15px; margin-right:10px;'>Referral</span><span style='color:#C2185B; font-size:15px; margin-right:10px;'>Acute Symptoms</span><span style='color:#0288D1; font-size:15px; margin-right:10px;'>Personal Information</span><span style='color:#673AB7; font-size:15px; margin-right:10px;'>Personal History</span><span style='color:#EF6C00; font-size:15px; margin-right:10px;'>Family History</span><span style='color:#009688; font-size:15px; margin-right:10px;'>Drug History</span><span style='color:#303F9F; font-size:15px; margin-right:10px;'>Theraputic History</span><span style='color:#E91E63; font-size:15px; margin-right:10px;'>Vegetative History</span><span style='color:#26C6DA; font-size:15px; margin-right:10px;'>Other Social</span><span style='color:#00796B; font-size:15px; margin-right:10px;'>Physical Examination</span><span style='color:#5D4037; font-size:15px; margin-right:10px;'>Radiology Examination</span><span style='color:#F44336; font-size:15px; margin-right:10px;'>Lab Examination</span>"", ""Note"": ""<ol><li><span style='color:#D84315;' data-toggle='tooltip' data-html='true' title='Acute Assessment'>• Left upper extremity neuropathy, suspicious for cervical radiculopathy, possible contribution of peripheral neuropathy</span> <span style='color:#D84315; font-size:14px;'>(<b>Acute Assessment</b>)</span></li><li><span style='color:#D84315;' data-toggle='tooltip' data-html='true' title='Acute Assessment'>• Neck pain in the setting of arthritis and disc generation</span> <span style='color:#D84315; font-size:14px;'>(<b>Acute Assessment</b>)</span></li></ol>""}"
10617,3,"ASSESSMENT

• History of aortic aneurysm repair.
• Elevated alkaline phosphate level.
• Lung field abnormal finding on examination.
• Right testicular nodule.
• Preventative health.",2025-06-25T10:53:29.495380Z,D2N027,11058,"[{""start"":12,""end"":48,""text"":""• History of aortic aneurysm repair."",""labels"":[""Reassessment""]},{""start"":49,""end"":85,""text"":""• Elevated alkaline phosphate level."",""labels"":[""Reassessment""]},{""start"":86,""end"":131,""text"":""• Lung field abnormal finding on examination."",""labels"":[""Reassessment""]},{""start"":132,""end"":158,""text"":""• Right testicular nodule."",""labels"":[""Reassessment""]},{""start"":159,""end"":181,""text"":""• Preventative health."",""labels"":[""Reassessment""]}]",590.172,ASSESSMENT,D2N027_2,2025-06-25T10:53:29.495429Z,"{""Intent"": ""<b>ASSESSMENT</b><br><span style='color:#D84315; font-size:15px; margin-right:10px;'>Acute Assessment</span><span style='color:#689F38; font-size:15px; margin-right:10px;'>Reassessment</span><span style='color:#1E88E5; font-size:15px; margin-right:10px;'>Medications</span><span style='color:#9C27B0; font-size:15px; margin-right:10px;'>Diagnostic Testing</span><span style='color:#F06292; font-size:15px; margin-right:10px;'>Other Treatments</span><span style='color:#00897B; font-size:15px; margin-right:10px;'>Follow-up</span><span style='color:#C62828; font-size:15px; margin-right:10px;'>Discussion</span><span style='color:#6A1B9A; font-size:15px; margin-right:10px;'>Referral</span><span style='color:#C2185B; font-size:15px; margin-right:10px;'>Acute Symptoms</span><span style='color:#0288D1; font-size:15px; margin-right:10px;'>Personal Information</span><span style='color:#673AB7; font-size:15px; margin-right:10px;'>Personal History</span><span style='color:#EF6C00; font-size:15px; margin-right:10px;'>Family History</span><span style='color:#009688; font-size:15px; margin-right:10px;'>Drug History</span><span style='color:#303F9F; font-size:15px; margin-right:10px;'>Theraputic History</span><span style='color:#E91E63; font-size:15px; margin-right:10px;'>Vegetative History</span><span style='color:#26C6DA; font-size:15px; margin-right:10px;'>Other Social</span><span style='color:#00796B; font-size:15px; margin-right:10px;'>Physical Examination</span><span style='color:#5D4037; font-size:15px; margin-right:10px;'>Radiology Examination</span><span style='color:#F44336; font-size:15px; margin-right:10px;'>Lab Examination</span>"", ""Note"": ""<ol><li><span style='color:#689F38;' data-toggle='tooltip' data-html='true' title='Reassessment'>• History of aortic aneurysm repair.</span> <span style='color:#689F38; font-size:14px;'>(<b>Reassessment</b>)</span></li><li><span style='color:#689F38;' data-toggle='tooltip' data-html='true' title='Reassessment'>• Elevated alkaline phosphate level.</span> <span style='color:#689F38; font-size:14px;'>(<b>Reassessment</b>)</span></li><li><span style='color:#689F38;' data-toggle='tooltip' data-html='true' title='Reassessment'>• Lung field abnormal finding on examination.</span> <span style='color:#689F38; font-size:14px;'>(<b>Reassessment</b>)</span></li><li><span style='color:#689F38;' data-toggle='tooltip' data-html='true' title='Reassessment'>• Right testicular nodule.</span> <span style='color:#689F38; font-size:14px;'>(<b>Reassessment</b>)</span></li><li><span style='color:#689F38;' data-toggle='tooltip' data-html='true' title='Reassessment'>• Preventative health.</span> <span style='color:#689F38; font-size:14px;'>(<b>Reassessment</b>)</span></li></ol>""}"
10619,3,"ASSESSMENT

• Constipation
• Mild hepatomegaly",2025-06-25T10:55:27.519191Z,D2N028,11059,"[{""start"":12,""end"":26,""text"":""• Constipation"",""labels"":[""Acute Assessment""]},{""start"":27,""end"":46,""text"":""• Mild hepatomegaly"",""labels"":[""Acute Assessment""]}]",116.292,ASSESSMENT,D2N028_2,2025-06-25T10:55:27.519244Z,"{""Intent"": ""<b>ASSESSMENT</b><br><span style='color:#D84315; font-size:15px; margin-right:10px;'>Acute Assessment</span><span style='color:#689F38; font-size:15px; margin-right:10px;'>Reassessment</span><span style='color:#1E88E5; font-size:15px; margin-right:10px;'>Medications</span><span style='color:#9C27B0; font-size:15px; margin-right:10px;'>Diagnostic Testing</span><span style='color:#F06292; font-size:15px; margin-right:10px;'>Other Treatments</span><span style='color:#00897B; font-size:15px; margin-right:10px;'>Follow-up</span><span style='color:#C62828; font-size:15px; margin-right:10px;'>Discussion</span><span style='color:#6A1B9A; font-size:15px; margin-right:10px;'>Referral</span><span style='color:#C2185B; font-size:15px; margin-right:10px;'>Acute Symptoms</span><span style='color:#0288D1; font-size:15px; margin-right:10px;'>Personal Information</span><span style='color:#673AB7; font-size:15px; margin-right:10px;'>Personal History</span><span style='color:#EF6C00; font-size:15px; margin-right:10px;'>Family History</span><span style='color:#009688; font-size:15px; margin-right:10px;'>Drug History</span><span style='color:#303F9F; font-size:15px; margin-right:10px;'>Theraputic History</span><span style='color:#E91E63; font-size:15px; margin-right:10px;'>Vegetative History</span><span style='color:#26C6DA; font-size:15px; margin-right:10px;'>Other Social</span><span style='color:#00796B; font-size:15px; margin-right:10px;'>Physical Examination</span><span style='color:#5D4037; font-size:15px; margin-right:10px;'>Radiology Examination</span><span style='color:#F44336; font-size:15px; margin-right:10px;'>Lab Examination</span>"", ""Note"": ""<ol><li><span style='color:#D84315;' data-toggle='tooltip' data-html='true' title='Acute Assessment'>• Constipation</span> <span style='color:#D84315; font-size:14px;'>(<b>Acute Assessment</b>)</span></li><li><span style='color:#D84315;' data-toggle='tooltip' data-html='true' title='Acute Assessment'>• Mild hepatomegaly</span> <span style='color:#D84315; font-size:14px;'>(<b>Acute Assessment</b>)</span></li></ol>""}"
10623,3,"The patient presents today with newly diagnosed melanoma. The biopsy revealed an intermediate thickness melanoma. On examination today, there is a right inguinal lymph node with slightly atypical consistency.",2025-06-25T11:07:10.700758Z,D2N029,11060,"[{""start"":0,""end"":56,""text"":""The patient presents today with newly diagnosed melanoma"",""labels"":[""Acute Assessment""]},{""start"":58,""end"":112,""text"":""The biopsy revealed an intermediate thickness melanoma"",""labels"":[""Acute Assessment""]},{""start"":113,""end"":208,""text"":"" On examination today, there is a right inguinal lymph node with slightly atypical consistency."",""labels"":[""Acute Assessment""]}]",701.642,ASSESSMENT,D2N029_2,2025-06-25T11:07:10.700808Z,"{""Intent"": ""<b>ASSESSMENT</b><br><span style='color:#D84315; font-size:15px; margin-right:10px;'>Acute Assessment</span><span style='color:#689F38; font-size:15px; margin-right:10px;'>Reassessment</span><span style='color:#1E88E5; font-size:15px; margin-right:10px;'>Medications</span><span style='color:#9C27B0; font-size:15px; margin-right:10px;'>Diagnostic Testing</span><span style='color:#F06292; font-size:15px; margin-right:10px;'>Other Treatments</span><span style='color:#00897B; font-size:15px; margin-right:10px;'>Follow-up</span><span style='color:#C62828; font-size:15px; margin-right:10px;'>Discussion</span><span style='color:#6A1B9A; font-size:15px; margin-right:10px;'>Referral</span><span style='color:#C2185B; font-size:15px; margin-right:10px;'>Acute Symptoms</span><span style='color:#0288D1; font-size:15px; margin-right:10px;'>Personal Information</span><span style='color:#673AB7; font-size:15px; margin-right:10px;'>Personal History</span><span style='color:#EF6C00; font-size:15px; margin-right:10px;'>Family History</span><span style='color:#009688; font-size:15px; margin-right:10px;'>Drug History</span><span style='color:#303F9F; font-size:15px; margin-right:10px;'>Theraputic History</span><span style='color:#E91E63; font-size:15px; margin-right:10px;'>Vegetative History</span><span style='color:#26C6DA; font-size:15px; margin-right:10px;'>Other Social</span><span style='color:#00796B; font-size:15px; margin-right:10px;'>Physical Examination</span><span style='color:#5D4037; font-size:15px; margin-right:10px;'>Radiology Examination</span><span style='color:#F44336; font-size:15px; margin-right:10px;'>Lab Examination</span>"", ""Note"": ""<ol><li><span style='color:#D84315;' data-toggle='tooltip' data-html='true' title='Acute Assessment'>The patient presents today with newly diagnosed melanoma</span> <span style='color:#D84315; font-size:14px;'>(<b>Acute Assessment</b>)</span></li><li><span style='color:#D84315;' data-toggle='tooltip' data-html='true' title='Acute Assessment'>The biopsy revealed an intermediate thickness melanoma</span> <span style='color:#D84315; font-size:14px;'>(<b>Acute Assessment</b>)</span></li><li><span style='color:#D84315;' data-toggle='tooltip' data-html='true' title='Acute Assessment'> On examination today, there is a right inguinal lymph node with slightly atypical consistency.</span> <span style='color:#D84315; font-size:14px;'>(<b>Acute Assessment</b>)</span></li></ol>""}"
10624,3,"ASSESSMENT

• Follow-up bilateral breast cysts.
• Pap smear.",2025-06-25T11:07:32.151800Z,D2N030,11061,"[{""start"":12,""end"":47,""text"":""• Follow-up bilateral breast cysts."",""labels"":[""Reassessment""]},{""start"":48,""end"":60,""text"":""• Pap smear."",""labels"":[""Reassessment""]}]",19.766,ASSESSMENT,D2N030_2,2025-06-25T11:07:32.151851Z,"{""Intent"": ""<b>ASSESSMENT</b><br><span style='color:#D84315; font-size:15px; margin-right:10px;'>Acute Assessment</span><span style='color:#689F38; font-size:15px; margin-right:10px;'>Reassessment</span><span style='color:#1E88E5; font-size:15px; margin-right:10px;'>Medications</span><span style='color:#9C27B0; font-size:15px; margin-right:10px;'>Diagnostic Testing</span><span style='color:#F06292; font-size:15px; margin-right:10px;'>Other Treatments</span><span style='color:#00897B; font-size:15px; margin-right:10px;'>Follow-up</span><span style='color:#C62828; font-size:15px; margin-right:10px;'>Discussion</span><span style='color:#6A1B9A; font-size:15px; margin-right:10px;'>Referral</span><span style='color:#C2185B; font-size:15px; margin-right:10px;'>Acute Symptoms</span><span style='color:#0288D1; font-size:15px; margin-right:10px;'>Personal Information</span><span style='color:#673AB7; font-size:15px; margin-right:10px;'>Personal History</span><span style='color:#EF6C00; font-size:15px; margin-right:10px;'>Family History</span><span style='color:#009688; font-size:15px; margin-right:10px;'>Drug History</span><span style='color:#303F9F; font-size:15px; margin-right:10px;'>Theraputic History</span><span style='color:#E91E63; font-size:15px; margin-right:10px;'>Vegetative History</span><span style='color:#26C6DA; font-size:15px; margin-right:10px;'>Other Social</span><span style='color:#00796B; font-size:15px; margin-right:10px;'>Physical Examination</span><span style='color:#5D4037; font-size:15px; margin-right:10px;'>Radiology Examination</span><span style='color:#F44336; font-size:15px; margin-right:10px;'>Lab Examination</span>"", ""Note"": ""<ol><li><span style='color:#689F38;' data-toggle='tooltip' data-html='true' title='Reassessment'>• Follow-up bilateral breast cysts.</span> <span style='color:#689F38; font-size:14px;'>(<b>Reassessment</b>)</span></li><li><span style='color:#689F38;' data-toggle='tooltip' data-html='true' title='Reassessment'>• Pap smear.</span> <span style='color:#689F38; font-size:14px;'>(<b>Reassessment</b>)</span></li></ol>""}"
10626,3,"ASSESSMENT

Stage 0 ER/PR-positive invasive ductal carcinoma of the right breast.
The patient is status post lumpectomy with removal of 5 lymph nodes which were benign. She also underwent adjuvant radiation therapy but declined endocrine therapy. Today’s clinical examination shows no evidence of recurrent disease or other malignancy. She also had a negative mammogram in 01/2021.",2025-06-25T11:10:01.288738Z,D2N031,11062,"[{""start"":12,""end"":81,""text"":""Stage 0 ER\/PR-positive invasive ductal carcinoma of the right breast."",""labels"":[""Reassessment""]},{""start"":82,""end"":167,""text"":""The patient is status post lumpectomy with removal of 5 lymph nodes which were benign"",""labels"":[""Reassessment""]},{""start"":169,""end"":246,""text"":""She also underwent adjuvant radiation therapy but declined endocrine therapy."",""labels"":[""Personal History""]},{""start"":247,""end"":334,""text"":""Today’s clinical examination shows no evidence of recurrent disease or other malignancy"",""labels"":[""Reassessment""]},{""start"":336,""end"":381,""text"":""She also had a negative mammogram in 01\/2021."",""labels"":[""Reassessment""]}]",146.156,ASSESSMENT,D2N031_2,2025-06-25T11:10:01.288800Z,"{""Intent"": ""<b>ASSESSMENT</b><br><span style='color:#D84315; font-size:15px; margin-right:10px;'>Acute Assessment</span><span style='color:#689F38; font-size:15px; margin-right:10px;'>Reassessment</span><span style='color:#1E88E5; font-size:15px; margin-right:10px;'>Medications</span><span style='color:#9C27B0; font-size:15px; margin-right:10px;'>Diagnostic Testing</span><span style='color:#F06292; font-size:15px; margin-right:10px;'>Other Treatments</span><span style='color:#00897B; font-size:15px; margin-right:10px;'>Follow-up</span><span style='color:#C62828; font-size:15px; margin-right:10px;'>Discussion</span><span style='color:#6A1B9A; font-size:15px; margin-right:10px;'>Referral</span><span style='color:#C2185B; font-size:15px; margin-right:10px;'>Acute Symptoms</span><span style='color:#0288D1; font-size:15px; margin-right:10px;'>Personal Information</span><span style='color:#673AB7; font-size:15px; margin-right:10px;'>Personal History</span><span style='color:#EF6C00; font-size:15px; margin-right:10px;'>Family History</span><span style='color:#009688; font-size:15px; margin-right:10px;'>Drug History</span><span style='color:#303F9F; font-size:15px; margin-right:10px;'>Theraputic History</span><span style='color:#E91E63; font-size:15px; margin-right:10px;'>Vegetative History</span><span style='color:#26C6DA; font-size:15px; margin-right:10px;'>Other Social</span><span style='color:#00796B; font-size:15px; margin-right:10px;'>Physical Examination</span><span style='color:#5D4037; font-size:15px; margin-right:10px;'>Radiology Examination</span><span style='color:#F44336; font-size:15px; margin-right:10px;'>Lab Examination</span>"", ""Note"": ""<ol><li><span style='color:#689F38;' data-toggle='tooltip' data-html='true' title='Reassessment'>Stage 0 ER/PR-positive invasive ductal carcinoma of the right breast.</span> <span style='color:#689F38; font-size:14px;'>(<b>Reassessment</b>)</span></li><li><span style='color:#689F38;' data-toggle='tooltip' data-html='true' title='Reassessment'>The patient is status post lumpectomy with removal of 5 lymph nodes which were benign</span> <span style='color:#689F38; font-size:14px;'>(<b>Reassessment</b>)</span></li><li><span style='color:#673AB7;' data-toggle='tooltip' data-html='true' title='Personal History'>She also underwent adjuvant radiation therapy but declined endocrine therapy.</span> <span style='color:#673AB7; font-size:14px;'>(<b>Personal History</b>)</span></li><li><span style='color:#689F38;' data-toggle='tooltip' data-html='true' title='Reassessment'>Today’s clinical examination shows no evidence of recurrent disease or other malignancy</span> <span style='color:#689F38; font-size:14px;'>(<b>Reassessment</b>)</span></li><li><span style='color:#689F38;' data-toggle='tooltip' data-html='true' title='Reassessment'>She also had a negative mammogram in 01/2021.</span> <span style='color:#689F38; font-size:14px;'>(<b>Reassessment</b>)</span></li></ol>""}"
10628,3,"ASSESSMENT

• Right hip degenerative joint disease.",2025-06-25T11:10:27.771246Z,D2N032,11063,"[{""start"":12,""end"":51,""text"":""• Right hip degenerative joint disease."",""labels"":[""Acute Assessment""]}]",24.719,ASSESSMENT,D2N032_2,2025-06-25T11:10:27.771313Z,"{""Intent"": ""<b>ASSESSMENT</b><br><span style='color:#D84315; font-size:15px; margin-right:10px;'>Acute Assessment</span><span style='color:#689F38; font-size:15px; margin-right:10px;'>Reassessment</span><span style='color:#1E88E5; font-size:15px; margin-right:10px;'>Medications</span><span style='color:#9C27B0; font-size:15px; margin-right:10px;'>Diagnostic Testing</span><span style='color:#F06292; font-size:15px; margin-right:10px;'>Other Treatments</span><span style='color:#00897B; font-size:15px; margin-right:10px;'>Follow-up</span><span style='color:#C62828; font-size:15px; margin-right:10px;'>Discussion</span><span style='color:#6A1B9A; font-size:15px; margin-right:10px;'>Referral</span><span style='color:#C2185B; font-size:15px; margin-right:10px;'>Acute Symptoms</span><span style='color:#0288D1; font-size:15px; margin-right:10px;'>Personal Information</span><span style='color:#673AB7; font-size:15px; margin-right:10px;'>Personal History</span><span style='color:#EF6C00; font-size:15px; margin-right:10px;'>Family History</span><span style='color:#009688; font-size:15px; margin-right:10px;'>Drug History</span><span style='color:#303F9F; font-size:15px; margin-right:10px;'>Theraputic History</span><span style='color:#E91E63; font-size:15px; margin-right:10px;'>Vegetative History</span><span style='color:#26C6DA; font-size:15px; margin-right:10px;'>Other Social</span><span style='color:#00796B; font-size:15px; margin-right:10px;'>Physical Examination</span><span style='color:#5D4037; font-size:15px; margin-right:10px;'>Radiology Examination</span><span style='color:#F44336; font-size:15px; margin-right:10px;'>Lab Examination</span>"", ""Note"": ""<ol><li><span style='color:#D84315;' data-toggle='tooltip' data-html='true' title='Acute Assessment'>• Right hip degenerative joint disease.</span> <span style='color:#D84315; font-size:14px;'>(<b>Acute Assessment</b>)</span></li></ol>""}"
10630,3,"1. Right knee pain.
- Medical Reasoning: I am concerned about a torn MCL due to pain on ambulation and trouble with weightbearing, as well as the pop she heard.

2. Type 2 diabetes.
- Medical Reasoning: The patient states that her type 2 diabetes are well-managed.",2025-06-25T11:11:59.349920Z,D2N033,11064,"[{""start"":0,""end"":160,""text"":""1. Right knee pain.\\n- Medical Reasoning: I am concerned about a torn MCL due to pain on ambulation and trouble with weightbearing, as well as the pop she heard."",""labels"":[""Acute Assessment""]},{""start"":162,""end"":264,""text"":""2. Type 2 diabetes.\\n- Medical Reasoning: The patient states that her type 2 diabetes are well-managed."",""labels"":[""Reassessment""]}]",89.745,ASSESSMENT,D2N033_2,2025-06-25T11:11:59.349960Z,"{""Intent"": ""<b>ASSESSMENT</b><br><span style='color:#D84315; font-size:15px; margin-right:10px;'>Acute Assessment</span><span style='color:#689F38; font-size:15px; margin-right:10px;'>Reassessment</span><span style='color:#1E88E5; font-size:15px; margin-right:10px;'>Medications</span><span style='color:#9C27B0; font-size:15px; margin-right:10px;'>Diagnostic Testing</span><span style='color:#F06292; font-size:15px; margin-right:10px;'>Other Treatments</span><span style='color:#00897B; font-size:15px; margin-right:10px;'>Follow-up</span><span style='color:#C62828; font-size:15px; margin-right:10px;'>Discussion</span><span style='color:#6A1B9A; font-size:15px; margin-right:10px;'>Referral</span><span style='color:#C2185B; font-size:15px; margin-right:10px;'>Acute Symptoms</span><span style='color:#0288D1; font-size:15px; margin-right:10px;'>Personal Information</span><span style='color:#673AB7; font-size:15px; margin-right:10px;'>Personal History</span><span style='color:#EF6C00; font-size:15px; margin-right:10px;'>Family History</span><span style='color:#009688; font-size:15px; margin-right:10px;'>Drug History</span><span style='color:#303F9F; font-size:15px; margin-right:10px;'>Theraputic History</span><span style='color:#E91E63; font-size:15px; margin-right:10px;'>Vegetative History</span><span style='color:#26C6DA; font-size:15px; margin-right:10px;'>Other Social</span><span style='color:#00796B; font-size:15px; margin-right:10px;'>Physical Examination</span><span style='color:#5D4037; font-size:15px; margin-right:10px;'>Radiology Examination</span><span style='color:#F44336; font-size:15px; margin-right:10px;'>Lab Examination</span>"", ""Note"": ""<ol><li><span style='color:#D84315;' data-toggle='tooltip' data-html='true' title='Acute Assessment'>1. Right knee pain.\n- Medical Reasoning: I am concerned about a torn MCL due to pain on ambulation and trouble with weightbearing, as well as the pop she heard.</span> <span style='color:#D84315; font-size:14px;'>(<b>Acute Assessment</b>)</span></li><li><span style='color:#689F38;' data-toggle='tooltip' data-html='true' title='Reassessment'>2. Type 2 diabetes.\n- Medical Reasoning: The patient states that her type 2 diabetes are well-managed.</span> <span style='color:#689F38; font-size:14px;'>(<b>Reassessment</b>)</span></li></ol>""}"
10633,3,"ASSESSMENT

Left shoulder pain, likely rotator cuff tendinopathy.",2025-06-25T11:16:13.064578Z,D2N034,11065,"[{""start"":12,""end"":65,""text"":""Left shoulder pain, likely rotator cuff tendinopathy."",""labels"":[""Acute Assessment""]}]",250.931,ASSESSMENT,D2N034_2,2025-06-25T11:16:13.064622Z,"{""Intent"": ""<b>ASSESSMENT</b><br><span style='color:#D84315; font-size:15px; margin-right:10px;'>Acute Assessment</span><span style='color:#689F38; font-size:15px; margin-right:10px;'>Reassessment</span><span style='color:#1E88E5; font-size:15px; margin-right:10px;'>Medications</span><span style='color:#9C27B0; font-size:15px; margin-right:10px;'>Diagnostic Testing</span><span style='color:#F06292; font-size:15px; margin-right:10px;'>Other Treatments</span><span style='color:#00897B; font-size:15px; margin-right:10px;'>Follow-up</span><span style='color:#C62828; font-size:15px; margin-right:10px;'>Discussion</span><span style='color:#6A1B9A; font-size:15px; margin-right:10px;'>Referral</span><span style='color:#C2185B; font-size:15px; margin-right:10px;'>Acute Symptoms</span><span style='color:#0288D1; font-size:15px; margin-right:10px;'>Personal Information</span><span style='color:#673AB7; font-size:15px; margin-right:10px;'>Personal History</span><span style='color:#EF6C00; font-size:15px; margin-right:10px;'>Family History</span><span style='color:#009688; font-size:15px; margin-right:10px;'>Drug History</span><span style='color:#303F9F; font-size:15px; margin-right:10px;'>Theraputic History</span><span style='color:#E91E63; font-size:15px; margin-right:10px;'>Vegetative History</span><span style='color:#26C6DA; font-size:15px; margin-right:10px;'>Other Social</span><span style='color:#00796B; font-size:15px; margin-right:10px;'>Physical Examination</span><span style='color:#5D4037; font-size:15px; margin-right:10px;'>Radiology Examination</span><span style='color:#F44336; font-size:15px; margin-right:10px;'>Lab Examination</span>"", ""Note"": ""<ol><li><span style='color:#D84315;' data-toggle='tooltip' data-html='true' title='Acute Assessment'>Left shoulder pain, likely rotator cuff tendinopathy.</span> <span style='color:#D84315; font-size:14px;'>(<b>Acute Assessment</b>)</span></li></ol>""}"
10634,3,"1. Congestive heart failure.
- Medical Reasoning: This appears to have been caused by dietary indiscretion and uncontrolled hypertension.

2. Hypertension.
- Medical Reasoning: This has been poorly controlled due to inconsistent compliance with medication and dietary indiscretion.",2025-06-25T11:16:39.828209Z,D2N035,11066,"[{""start"":0,""end"":137,""text"":""1. Congestive heart failure.\\n- Medical Reasoning: This appears to have been caused by dietary indiscretion and uncontrolled hypertension."",""labels"":[""Acute Assessment""]},{""start"":139,""end"":281,""text"":""2. Hypertension.\\n- Medical Reasoning: This has been poorly controlled due to inconsistent compliance with medication and dietary indiscretion."",""labels"":[""Reassessment""]}]",24.215,ASSESSMENT,D2N035_2,2025-06-25T11:16:39.828253Z,"{""Intent"": ""<b>ASSESSMENT</b><br><span style='color:#D84315; font-size:15px; margin-right:10px;'>Acute Assessment</span><span style='color:#689F38; font-size:15px; margin-right:10px;'>Reassessment</span><span style='color:#1E88E5; font-size:15px; margin-right:10px;'>Medications</span><span style='color:#9C27B0; font-size:15px; margin-right:10px;'>Diagnostic Testing</span><span style='color:#F06292; font-size:15px; margin-right:10px;'>Other Treatments</span><span style='color:#00897B; font-size:15px; margin-right:10px;'>Follow-up</span><span style='color:#C62828; font-size:15px; margin-right:10px;'>Discussion</span><span style='color:#6A1B9A; font-size:15px; margin-right:10px;'>Referral</span><span style='color:#C2185B; font-size:15px; margin-right:10px;'>Acute Symptoms</span><span style='color:#0288D1; font-size:15px; margin-right:10px;'>Personal Information</span><span style='color:#673AB7; font-size:15px; margin-right:10px;'>Personal History</span><span style='color:#EF6C00; font-size:15px; margin-right:10px;'>Family History</span><span style='color:#009688; font-size:15px; margin-right:10px;'>Drug History</span><span style='color:#303F9F; font-size:15px; margin-right:10px;'>Theraputic History</span><span style='color:#E91E63; font-size:15px; margin-right:10px;'>Vegetative History</span><span style='color:#26C6DA; font-size:15px; margin-right:10px;'>Other Social</span><span style='color:#00796B; font-size:15px; margin-right:10px;'>Physical Examination</span><span style='color:#5D4037; font-size:15px; margin-right:10px;'>Radiology Examination</span><span style='color:#F44336; font-size:15px; margin-right:10px;'>Lab Examination</span>"", ""Note"": ""<ol><li><span style='color:#D84315;' data-toggle='tooltip' data-html='true' title='Acute Assessment'>1. Congestive heart failure.\n- Medical Reasoning: This appears to have been caused by dietary indiscretion and uncontrolled hypertension.</span> <span style='color:#D84315; font-size:14px;'>(<b>Acute Assessment</b>)</span></li><li><span style='color:#689F38;' data-toggle='tooltip' data-html='true' title='Reassessment'>2. Hypertension.\n- Medical Reasoning: This has been poorly controlled due to inconsistent compliance with medication and dietary indiscretion.</span> <span style='color:#689F38; font-size:14px;'>(<b>Reassessment</b>)</span></li></ol>""}"
10636,3,"ASSESSMENT

Bilateral carpal tunnel syndrome.",2025-06-25T11:18:11.376019Z,D2N036,11067,"[{""start"":12,""end"":45,""text"":""Bilateral carpal tunnel syndrome."",""labels"":[""Acute Assessment""]}]",89.4,ASSESSMENT,D2N036_2,2025-06-25T11:18:11.376070Z,"{""Intent"": ""<b>ASSESSMENT</b><br><span style='color:#D84315; font-size:15px; margin-right:10px;'>Acute Assessment</span><span style='color:#689F38; font-size:15px; margin-right:10px;'>Reassessment</span><span style='color:#1E88E5; font-size:15px; margin-right:10px;'>Medications</span><span style='color:#9C27B0; font-size:15px; margin-right:10px;'>Diagnostic Testing</span><span style='color:#F06292; font-size:15px; margin-right:10px;'>Other Treatments</span><span style='color:#00897B; font-size:15px; margin-right:10px;'>Follow-up</span><span style='color:#C62828; font-size:15px; margin-right:10px;'>Discussion</span><span style='color:#6A1B9A; font-size:15px; margin-right:10px;'>Referral</span><span style='color:#C2185B; font-size:15px; margin-right:10px;'>Acute Symptoms</span><span style='color:#0288D1; font-size:15px; margin-right:10px;'>Personal Information</span><span style='color:#673AB7; font-size:15px; margin-right:10px;'>Personal History</span><span style='color:#EF6C00; font-size:15px; margin-right:10px;'>Family History</span><span style='color:#009688; font-size:15px; margin-right:10px;'>Drug History</span><span style='color:#303F9F; font-size:15px; margin-right:10px;'>Theraputic History</span><span style='color:#E91E63; font-size:15px; margin-right:10px;'>Vegetative History</span><span style='color:#26C6DA; font-size:15px; margin-right:10px;'>Other Social</span><span style='color:#00796B; font-size:15px; margin-right:10px;'>Physical Examination</span><span style='color:#5D4037; font-size:15px; margin-right:10px;'>Radiology Examination</span><span style='color:#F44336; font-size:15px; margin-right:10px;'>Lab Examination</span>"", ""Note"": ""<ol><li><span style='color:#D84315;' data-toggle='tooltip' data-html='true' title='Acute Assessment'>Bilateral carpal tunnel syndrome.</span> <span style='color:#D84315; font-size:14px;'>(<b>Acute Assessment</b>)</span></li></ol>""}"
10638,3,"ASSESSMENT

Bilateral medial epicondylitis.",2025-06-25T11:19:44.682734Z,D2N037,11068,"[{""start"":12,""end"":43,""text"":""Bilateral medial epicondylitis."",""labels"":[""Acute Assessment""]}]",91.885,ASSESSMENT,D2N037_2,2025-06-25T11:19:44.682831Z,"{""Intent"": ""<b>ASSESSMENT</b><br><span style='color:#D84315; font-size:15px; margin-right:10px;'>Acute Assessment</span><span style='color:#689F38; font-size:15px; margin-right:10px;'>Reassessment</span><span style='color:#1E88E5; font-size:15px; margin-right:10px;'>Medications</span><span style='color:#9C27B0; font-size:15px; margin-right:10px;'>Diagnostic Testing</span><span style='color:#F06292; font-size:15px; margin-right:10px;'>Other Treatments</span><span style='color:#00897B; font-size:15px; margin-right:10px;'>Follow-up</span><span style='color:#C62828; font-size:15px; margin-right:10px;'>Discussion</span><span style='color:#6A1B9A; font-size:15px; margin-right:10px;'>Referral</span><span style='color:#C2185B; font-size:15px; margin-right:10px;'>Acute Symptoms</span><span style='color:#0288D1; font-size:15px; margin-right:10px;'>Personal Information</span><span style='color:#673AB7; font-size:15px; margin-right:10px;'>Personal History</span><span style='color:#EF6C00; font-size:15px; margin-right:10px;'>Family History</span><span style='color:#009688; font-size:15px; margin-right:10px;'>Drug History</span><span style='color:#303F9F; font-size:15px; margin-right:10px;'>Theraputic History</span><span style='color:#E91E63; font-size:15px; margin-right:10px;'>Vegetative History</span><span style='color:#26C6DA; font-size:15px; margin-right:10px;'>Other Social</span><span style='color:#00796B; font-size:15px; margin-right:10px;'>Physical Examination</span><span style='color:#5D4037; font-size:15px; margin-right:10px;'>Radiology Examination</span><span style='color:#F44336; font-size:15px; margin-right:10px;'>Lab Examination</span>"", ""Note"": ""<ol><li><span style='color:#D84315;' data-toggle='tooltip' data-html='true' title='Acute Assessment'>Bilateral medial epicondylitis.</span> <span style='color:#D84315; font-size:14px;'>(<b>Acute Assessment</b>)</span></li></ol>""}"
10640,3,"ASSESSMENT

Hepatitis C.",2025-06-25T11:20:20.255805Z,D2N038,11069,"[{""start"":12,""end"":24,""text"":""Hepatitis C."",""labels"":[""Acute Assessment""]}]",33.963,ASSESSMENT,D2N038_2,2025-06-25T11:20:20.255864Z,"{""Intent"": ""<b>ASSESSMENT</b><br><span style='color:#D84315; font-size:15px; margin-right:10px;'>Acute Assessment</span><span style='color:#689F38; font-size:15px; margin-right:10px;'>Reassessment</span><span style='color:#1E88E5; font-size:15px; margin-right:10px;'>Medications</span><span style='color:#9C27B0; font-size:15px; margin-right:10px;'>Diagnostic Testing</span><span style='color:#F06292; font-size:15px; margin-right:10px;'>Other Treatments</span><span style='color:#00897B; font-size:15px; margin-right:10px;'>Follow-up</span><span style='color:#C62828; font-size:15px; margin-right:10px;'>Discussion</span><span style='color:#6A1B9A; font-size:15px; margin-right:10px;'>Referral</span><span style='color:#C2185B; font-size:15px; margin-right:10px;'>Acute Symptoms</span><span style='color:#0288D1; font-size:15px; margin-right:10px;'>Personal Information</span><span style='color:#673AB7; font-size:15px; margin-right:10px;'>Personal History</span><span style='color:#EF6C00; font-size:15px; margin-right:10px;'>Family History</span><span style='color:#009688; font-size:15px; margin-right:10px;'>Drug History</span><span style='color:#303F9F; font-size:15px; margin-right:10px;'>Theraputic History</span><span style='color:#E91E63; font-size:15px; margin-right:10px;'>Vegetative History</span><span style='color:#26C6DA; font-size:15px; margin-right:10px;'>Other Social</span><span style='color:#00796B; font-size:15px; margin-right:10px;'>Physical Examination</span><span style='color:#5D4037; font-size:15px; margin-right:10px;'>Radiology Examination</span><span style='color:#F44336; font-size:15px; margin-right:10px;'>Lab Examination</span>"", ""Note"": ""<ol><li><span style='color:#D84315;' data-toggle='tooltip' data-html='true' title='Acute Assessment'>Hepatitis C.</span> <span style='color:#D84315; font-size:14px;'>(<b>Acute Assessment</b>)</span></li></ol>""}"
10642,3,"1. Hypertension, uncontrolled.
- Medical Reasoning: The patient's elevated blood pressure is consistent with uncontrolled hypertension.",2025-06-25T11:23:20.045166Z,D2N039,11070,"[{""start"":0,""end"":135,""text"":""1. Hypertension, uncontrolled.\\n- Medical Reasoning: The patient's elevated blood pressure is consistent with uncontrolled hypertension."",""labels"":[""Acute Assessment""]}]",178.29,ASSESSMENT,D2N039_2,2025-06-25T11:23:20.045216Z,"{""Intent"": ""<b>ASSESSMENT</b><br><span style='color:#D84315; font-size:15px; margin-right:10px;'>Acute Assessment</span><span style='color:#689F38; font-size:15px; margin-right:10px;'>Reassessment</span><span style='color:#1E88E5; font-size:15px; margin-right:10px;'>Medications</span><span style='color:#9C27B0; font-size:15px; margin-right:10px;'>Diagnostic Testing</span><span style='color:#F06292; font-size:15px; margin-right:10px;'>Other Treatments</span><span style='color:#00897B; font-size:15px; margin-right:10px;'>Follow-up</span><span style='color:#C62828; font-size:15px; margin-right:10px;'>Discussion</span><span style='color:#6A1B9A; font-size:15px; margin-right:10px;'>Referral</span><span style='color:#C2185B; font-size:15px; margin-right:10px;'>Acute Symptoms</span><span style='color:#0288D1; font-size:15px; margin-right:10px;'>Personal Information</span><span style='color:#673AB7; font-size:15px; margin-right:10px;'>Personal History</span><span style='color:#EF6C00; font-size:15px; margin-right:10px;'>Family History</span><span style='color:#009688; font-size:15px; margin-right:10px;'>Drug History</span><span style='color:#303F9F; font-size:15px; margin-right:10px;'>Theraputic History</span><span style='color:#E91E63; font-size:15px; margin-right:10px;'>Vegetative History</span><span style='color:#26C6DA; font-size:15px; margin-right:10px;'>Other Social</span><span style='color:#00796B; font-size:15px; margin-right:10px;'>Physical Examination</span><span style='color:#5D4037; font-size:15px; margin-right:10px;'>Radiology Examination</span><span style='color:#F44336; font-size:15px; margin-right:10px;'>Lab Examination</span>"", ""Note"": ""<ol><li><span style='color:#D84315;' data-toggle='tooltip' data-html='true' title='Acute Assessment'>1. Hypertension, uncontrolled.\n- Medical Reasoning: The patient's elevated blood pressure is consistent with uncontrolled hypertension.</span> <span style='color:#D84315; font-size:14px;'>(<b>Acute Assessment</b>)</span></li></ol>""}"
10644,3,"1. Headache.
- Medical Reasoning: Patient presents with symptoms similar to a tension headache. On exam she has tension and tightness in her paraspinal muscles as well likely due to working at the computer. Additionally, I think her stress level is also a contributing factor.

2. Diabetes mellitus.
- Medical Reasoning: Due to her headaches, she has been inconsistent with her exercise and checking her blood sugar.",2025-06-25T11:26:00.645704Z,D2N040,11071,"[{""start"":0,""end"":94,""text"":""1. Headache.\\n- Medical Reasoning: Patient presents with symptoms similar to a tension headache"",""labels"":[""Acute Assessment""]},{""start"":96,""end"":205,""text"":""On exam she has tension and tightness in her paraspinal muscles as well likely due to working at the computer"",""labels"":[""Acute Assessment""]},{""start"":207,""end"":276,""text"":""Additionally, I think her stress level is also a contributing factor."",""labels"":[""Acute Assessment""]},{""start"":278,""end"":416,""text"":""2. Diabetes mellitus.\\n- Medical Reasoning: Due to her headaches, she has been inconsistent with her exercise and checking her blood sugar."",""labels"":[""Reassessment""]}]",158.844,ASSESSMENT,D2N040_2,2025-06-25T11:26:00.645764Z,"{""Intent"": ""<b>ASSESSMENT</b><br><span style='color:#D84315; font-size:15px; margin-right:10px;'>Acute Assessment</span><span style='color:#689F38; font-size:15px; margin-right:10px;'>Reassessment</span><span style='color:#1E88E5; font-size:15px; margin-right:10px;'>Medications</span><span style='color:#9C27B0; font-size:15px; margin-right:10px;'>Diagnostic Testing</span><span style='color:#F06292; font-size:15px; margin-right:10px;'>Other Treatments</span><span style='color:#00897B; font-size:15px; margin-right:10px;'>Follow-up</span><span style='color:#C62828; font-size:15px; margin-right:10px;'>Discussion</span><span style='color:#6A1B9A; font-size:15px; margin-right:10px;'>Referral</span><span style='color:#C2185B; font-size:15px; margin-right:10px;'>Acute Symptoms</span><span style='color:#0288D1; font-size:15px; margin-right:10px;'>Personal Information</span><span style='color:#673AB7; font-size:15px; margin-right:10px;'>Personal History</span><span style='color:#EF6C00; font-size:15px; margin-right:10px;'>Family History</span><span style='color:#009688; font-size:15px; margin-right:10px;'>Drug History</span><span style='color:#303F9F; font-size:15px; margin-right:10px;'>Theraputic History</span><span style='color:#E91E63; font-size:15px; margin-right:10px;'>Vegetative History</span><span style='color:#26C6DA; font-size:15px; margin-right:10px;'>Other Social</span><span style='color:#00796B; font-size:15px; margin-right:10px;'>Physical Examination</span><span style='color:#5D4037; font-size:15px; margin-right:10px;'>Radiology Examination</span><span style='color:#F44336; font-size:15px; margin-right:10px;'>Lab Examination</span>"", ""Note"": ""<ol><li><span style='color:#D84315;' data-toggle='tooltip' data-html='true' title='Acute Assessment'>1. Headache.\n- Medical Reasoning: Patient presents with symptoms similar to a tension headache</span> <span style='color:#D84315; font-size:14px;'>(<b>Acute Assessment</b>)</span></li><li><span style='color:#D84315;' data-toggle='tooltip' data-html='true' title='Acute Assessment'>On exam she has tension and tightness in her paraspinal muscles as well likely due to working at the computer</span> <span style='color:#D84315; font-size:14px;'>(<b>Acute Assessment</b>)</span></li><li><span style='color:#D84315;' data-toggle='tooltip' data-html='true' title='Acute Assessment'>Additionally, I think her stress level is also a contributing factor.</span> <span style='color:#D84315; font-size:14px;'>(<b>Acute Assessment</b>)</span></li><li><span style='color:#689F38;' data-toggle='tooltip' data-html='true' title='Reassessment'>2. Diabetes mellitus.\n- Medical Reasoning: Due to her headaches, she has been inconsistent with her exercise and checking her blood sugar.</span> <span style='color:#689F38; font-size:14px;'>(<b>Reassessment</b>)</span></li></ol>""}"
10646,3,"1. Sore throat.
- Medical Reasoning: The patient has experienced sore throat, fever, chills, profuse sweating, and difficulty swallowing for 4 days. There is erythema and edema of the peritonsillar space with exudates present bilaterally as well as edema and erythema of her turbinates, bilaterally.

2. Hypertension.
- Medical Reasoning: The patient states her blood pressure fluctuates often. Her blood pressure today in office was 132/80 mm Hg. - Patient Education and Counseling: We discussed treatment options including increasing her lisinopril and diet modifications.

3. Diabetes.
- Medical Reasoning: The patient’s blood sugar fluctuates between 80 to 90 in the morning to 140 in the evening. She is already at 1000 mg of metformin twice a day, which she does take with meals.",2025-06-25T11:30:29.151112Z,D2N041,11072,"[{""start"":0,""end"":15,""text"":""1. Sore throat."",""labels"":[""Acute Assessment""]},{""start"":18,""end"":147,""text"":""Medical Reasoning: The patient has experienced sore throat, fever, chills, profuse sweating, and difficulty swallowing for 4 days"",""labels"":[""Acute Symptoms""]},{""start"":149,""end"":299,""text"":""There is erythema and edema of the peritonsillar space with exudates present bilaterally as well as edema and erythema of her turbinates, bilaterally."",""labels"":[""Acute Assessment""]},{""start"":301,""end"":316,""text"":""2. Hypertension"",""labels"":[""Reassessment""]},{""start"":318,""end"":393,""text"":""- Medical Reasoning: The patient states her blood pressure fluctuates often"",""labels"":[""Acute Symptoms""]},{""start"":395,""end"":446,""text"":""Her blood pressure today in office was 132\/80 mm Hg"",""labels"":[""Reassessment""]},{""start"":451,""end"":574,""text"":""atient Education and Counseling: We discussed treatment options including increasing her lisinopril and diet modifications."",""labels"":[""Discussion""]},{""start"":576,""end"":701,""text"":""3. Diabetes.\\n- Medical Reasoning: The patient’s blood sugar fluctuates between 80 to 90 in the morning to 140 in the evening."",""labels"":[""Reassessment""]},{""start"":702,""end"":785,""text"":""She is already at 1000 mg of metformin twice a day, which she does take with meals."",""labels"":[""Theraputic History""]}]",265.909,ASSESSMENT,D2N041_2,2025-06-25T11:30:29.151233Z,"{""Intent"": ""<b>ASSESSMENT</b><br><span style='color:#D84315; font-size:15px; margin-right:10px;'>Acute Assessment</span><span style='color:#689F38; font-size:15px; margin-right:10px;'>Reassessment</span><span style='color:#1E88E5; font-size:15px; margin-right:10px;'>Medications</span><span style='color:#9C27B0; font-size:15px; margin-right:10px;'>Diagnostic Testing</span><span style='color:#F06292; font-size:15px; margin-right:10px;'>Other Treatments</span><span style='color:#00897B; font-size:15px; margin-right:10px;'>Follow-up</span><span style='color:#C62828; font-size:15px; margin-right:10px;'>Discussion</span><span style='color:#6A1B9A; font-size:15px; margin-right:10px;'>Referral</span><span style='color:#C2185B; font-size:15px; margin-right:10px;'>Acute Symptoms</span><span style='color:#0288D1; font-size:15px; margin-right:10px;'>Personal Information</span><span style='color:#673AB7; font-size:15px; margin-right:10px;'>Personal History</span><span style='color:#EF6C00; font-size:15px; margin-right:10px;'>Family History</span><span style='color:#009688; font-size:15px; margin-right:10px;'>Drug History</span><span style='color:#303F9F; font-size:15px; margin-right:10px;'>Theraputic History</span><span style='color:#E91E63; font-size:15px; margin-right:10px;'>Vegetative History</span><span style='color:#26C6DA; font-size:15px; margin-right:10px;'>Other Social</span><span style='color:#00796B; font-size:15px; margin-right:10px;'>Physical Examination</span><span style='color:#5D4037; font-size:15px; margin-right:10px;'>Radiology Examination</span><span style='color:#F44336; font-size:15px; margin-right:10px;'>Lab Examination</span>"", ""Note"": ""<ol><li><span style='color:#D84315;' data-toggle='tooltip' data-html='true' title='Acute Assessment'>1. Sore throat.</span> <span style='color:#D84315; font-size:14px;'>(<b>Acute Assessment</b>)</span></li><li><span style='color:#C2185B;' data-toggle='tooltip' data-html='true' title='Acute Symptoms'>Medical Reasoning: The patient has experienced sore throat, fever, chills, profuse sweating, and difficulty swallowing for 4 days</span> <span style='color:#C2185B; font-size:14px;'>(<b>Acute Symptoms</b>)</span></li><li><span style='color:#D84315;' data-toggle='tooltip' data-html='true' title='Acute Assessment'>There is erythema and edema of the peritonsillar space with exudates present bilaterally as well as edema and erythema of her turbinates, bilaterally.</span> <span style='color:#D84315; font-size:14px;'>(<b>Acute Assessment</b>)</span></li><li><span style='color:#689F38;' data-toggle='tooltip' data-html='true' title='Reassessment'>2. Hypertension</span> <span style='color:#689F38; font-size:14px;'>(<b>Reassessment</b>)</span></li><li><span style='color:#C2185B;' data-toggle='tooltip' data-html='true' title='Acute Symptoms'>- Medical Reasoning: The patient states her blood pressure fluctuates often</span> <span style='color:#C2185B; font-size:14px;'>(<b>Acute Symptoms</b>)</span></li><li><span style='color:#689F38;' data-toggle='tooltip' data-html='true' title='Reassessment'>Her blood pressure today in office was 132/80 mm Hg</span> <span style='color:#689F38; font-size:14px;'>(<b>Reassessment</b>)</span></li><li><span style='color:#C62828;' data-toggle='tooltip' data-html='true' title='Discussion'>atient Education and Counseling: We discussed treatment options including increasing her lisinopril and diet modifications.</span> <span style='color:#C62828; font-size:14px;'>(<b>Discussion</b>)</span></li><li><span style='color:#689F38;' data-toggle='tooltip' data-html='true' title='Reassessment'>3. Diabetes.\n- Medical Reasoning: The patient’s blood sugar fluctuates between 80 to 90 in the morning to 140 in the evening.</span> <span style='color:#689F38; font-size:14px;'>(<b>Reassessment</b>)</span></li><li><span style='color:#303F9F;' data-toggle='tooltip' data-html='true' title='Theraputic History'>She is already at 1000 mg of metformin twice a day, which she does take with meals.</span> <span style='color:#303F9F; font-size:14px;'>(<b>Theraputic History</b>)</span></li></ol>""}"
10648,3,"ASSESSMENT

Lateral ligament complex sprain, Right ankle.",2025-06-25T11:32:18.837670Z,D2N042,11073,"[{""start"":12,""end"":57,""text"":""Lateral ligament complex sprain, Right ankle."",""labels"":[""Acute Assessment""]}]",107.602,ASSESSMENT,D2N042_2,2025-06-25T11:32:18.837741Z,"{""Intent"": ""<b>ASSESSMENT</b><br><span style='color:#D84315; font-size:15px; margin-right:10px;'>Acute Assessment</span><span style='color:#689F38; font-size:15px; margin-right:10px;'>Reassessment</span><span style='color:#1E88E5; font-size:15px; margin-right:10px;'>Medications</span><span style='color:#9C27B0; font-size:15px; margin-right:10px;'>Diagnostic Testing</span><span style='color:#F06292; font-size:15px; margin-right:10px;'>Other Treatments</span><span style='color:#00897B; font-size:15px; margin-right:10px;'>Follow-up</span><span style='color:#C62828; font-size:15px; margin-right:10px;'>Discussion</span><span style='color:#6A1B9A; font-size:15px; margin-right:10px;'>Referral</span><span style='color:#C2185B; font-size:15px; margin-right:10px;'>Acute Symptoms</span><span style='color:#0288D1; font-size:15px; margin-right:10px;'>Personal Information</span><span style='color:#673AB7; font-size:15px; margin-right:10px;'>Personal History</span><span style='color:#EF6C00; font-size:15px; margin-right:10px;'>Family History</span><span style='color:#009688; font-size:15px; margin-right:10px;'>Drug History</span><span style='color:#303F9F; font-size:15px; margin-right:10px;'>Theraputic History</span><span style='color:#E91E63; font-size:15px; margin-right:10px;'>Vegetative History</span><span style='color:#26C6DA; font-size:15px; margin-right:10px;'>Other Social</span><span style='color:#00796B; font-size:15px; margin-right:10px;'>Physical Examination</span><span style='color:#5D4037; font-size:15px; margin-right:10px;'>Radiology Examination</span><span style='color:#F44336; font-size:15px; margin-right:10px;'>Lab Examination</span>"", ""Note"": ""<ol><li><span style='color:#D84315;' data-toggle='tooltip' data-html='true' title='Acute Assessment'>Lateral ligament complex sprain, Right ankle.</span> <span style='color:#D84315; font-size:14px;'>(<b>Acute Assessment</b>)</span></li></ol>""}"
10650,3,"1. Nicotine dependence.
- Medical Reasoning: The patient has a long history of smoking cigarettes. He is currently smoking 1.5 packs per day. He is highly motivated to cease smoking as he is preparing to become a father.

2. Type 2 diabetes.
- Medical Reasoning: Stable.

3. History of gout.
- Medical Reasoning: Stable with medication.",2025-06-25T11:34:29.772810Z,D2N043,11074,"[{""start"":0,""end"":23,""text"":""1. Nicotine dependence."",""labels"":[""Acute Assessment""]},{""start"":24,""end"":220,""text"":""- Medical Reasoning: The patient has a long history of smoking cigarettes. He is currently smoking 1.5 packs per day. He is highly motivated to cease smoking as he is preparing to become a father."",""labels"":[""Drug History""]},{""start"":222,""end"":270,""text"":""2. Type 2 diabetes.\\n- Medical Reasoning: Stable.\\n"",""labels"":[""Reassessment""]},{""start"":272,""end"":336,""text"":""3. History of gout.\\n- Medical Reasoning: Stable with medication."",""labels"":[""Reassessment""]}]",128.693,ASSESSMENT,D2N043_2,2025-06-25T11:34:29.772862Z,"{""Intent"": ""<b>ASSESSMENT</b><br><span style='color:#D84315; font-size:15px; margin-right:10px;'>Acute Assessment</span><span style='color:#689F38; font-size:15px; margin-right:10px;'>Reassessment</span><span style='color:#1E88E5; font-size:15px; margin-right:10px;'>Medications</span><span style='color:#9C27B0; font-size:15px; margin-right:10px;'>Diagnostic Testing</span><span style='color:#F06292; font-size:15px; margin-right:10px;'>Other Treatments</span><span style='color:#00897B; font-size:15px; margin-right:10px;'>Follow-up</span><span style='color:#C62828; font-size:15px; margin-right:10px;'>Discussion</span><span style='color:#6A1B9A; font-size:15px; margin-right:10px;'>Referral</span><span style='color:#C2185B; font-size:15px; margin-right:10px;'>Acute Symptoms</span><span style='color:#0288D1; font-size:15px; margin-right:10px;'>Personal Information</span><span style='color:#673AB7; font-size:15px; margin-right:10px;'>Personal History</span><span style='color:#EF6C00; font-size:15px; margin-right:10px;'>Family History</span><span style='color:#009688; font-size:15px; margin-right:10px;'>Drug History</span><span style='color:#303F9F; font-size:15px; margin-right:10px;'>Theraputic History</span><span style='color:#E91E63; font-size:15px; margin-right:10px;'>Vegetative History</span><span style='color:#26C6DA; font-size:15px; margin-right:10px;'>Other Social</span><span style='color:#00796B; font-size:15px; margin-right:10px;'>Physical Examination</span><span style='color:#5D4037; font-size:15px; margin-right:10px;'>Radiology Examination</span><span style='color:#F44336; font-size:15px; margin-right:10px;'>Lab Examination</span>"", ""Note"": ""<ol><li><span style='color:#D84315;' data-toggle='tooltip' data-html='true' title='Acute Assessment'>1. Nicotine dependence.</span> <span style='color:#D84315; font-size:14px;'>(<b>Acute Assessment</b>)</span></li><li><span style='color:#009688;' data-toggle='tooltip' data-html='true' title='Drug History'>- Medical Reasoning: The patient has a long history of smoking cigarettes. He is currently smoking 1.5 packs per day. He is highly motivated to cease smoking as he is preparing to become a father.</span> <span style='color:#009688; font-size:14px;'>(<b>Drug History</b>)</span></li><li><span style='color:#689F38;' data-toggle='tooltip' data-html='true' title='Reassessment'>2. Type 2 diabetes.\n- Medical Reasoning: Stable.</span> <span style='color:#689F38; font-size:14px;'>(<b>Reassessment</b>)</span></li><li><span style='color:#689F38;' data-toggle='tooltip' data-html='true' title='Reassessment'>3. History of gout.\n- Medical Reasoning: Stable with medication.</span> <span style='color:#689F38; font-size:14px;'>(<b>Reassessment</b>)</span></li></ol>""}"
10652,3,"1. Patellofemoral pain syndrome, bilateral.
- Medical Reasoning: After reviewing her x-ray, previous MRI, and exam findings, her symptoms are consistent with patellofemoral pain syndrome.",2025-06-25T11:38:52.509647Z,D2N044,11075,"[{""start"":0,""end"":43,""text"":""1. Patellofemoral pain syndrome, bilateral."",""labels"":[""Acute Assessment""]},{""start"":44,""end"":187,""text"":""- Medical Reasoning: After reviewing her x-ray, previous MRI, and exam findings, her symptoms are consistent with patellofemoral pain syndrome."",""labels"":[""Acute Assessment""]}]",260.441,ASSESSMENT,D2N044_2,2025-06-25T11:38:52.509689Z,"{""Intent"": ""<b>ASSESSMENT</b><br><span style='color:#D84315; font-size:15px; margin-right:10px;'>Acute Assessment</span><span style='color:#689F38; font-size:15px; margin-right:10px;'>Reassessment</span><span style='color:#1E88E5; font-size:15px; margin-right:10px;'>Medications</span><span style='color:#9C27B0; font-size:15px; margin-right:10px;'>Diagnostic Testing</span><span style='color:#F06292; font-size:15px; margin-right:10px;'>Other Treatments</span><span style='color:#00897B; font-size:15px; margin-right:10px;'>Follow-up</span><span style='color:#C62828; font-size:15px; margin-right:10px;'>Discussion</span><span style='color:#6A1B9A; font-size:15px; margin-right:10px;'>Referral</span><span style='color:#C2185B; font-size:15px; margin-right:10px;'>Acute Symptoms</span><span style='color:#0288D1; font-size:15px; margin-right:10px;'>Personal Information</span><span style='color:#673AB7; font-size:15px; margin-right:10px;'>Personal History</span><span style='color:#EF6C00; font-size:15px; margin-right:10px;'>Family History</span><span style='color:#009688; font-size:15px; margin-right:10px;'>Drug History</span><span style='color:#303F9F; font-size:15px; margin-right:10px;'>Theraputic History</span><span style='color:#E91E63; font-size:15px; margin-right:10px;'>Vegetative History</span><span style='color:#26C6DA; font-size:15px; margin-right:10px;'>Other Social</span><span style='color:#00796B; font-size:15px; margin-right:10px;'>Physical Examination</span><span style='color:#5D4037; font-size:15px; margin-right:10px;'>Radiology Examination</span><span style='color:#F44336; font-size:15px; margin-right:10px;'>Lab Examination</span>"", ""Note"": ""<ol><li><span style='color:#D84315;' data-toggle='tooltip' data-html='true' title='Acute Assessment'>1. Patellofemoral pain syndrome, bilateral.</span> <span style='color:#D84315; font-size:14px;'>(<b>Acute Assessment</b>)</span></li><li><span style='color:#D84315;' data-toggle='tooltip' data-html='true' title='Acute Assessment'>- Medical Reasoning: After reviewing her x-ray, previous MRI, and exam findings, her symptoms are consistent with patellofemoral pain syndrome.</span> <span style='color:#D84315; font-size:14px;'>(<b>Acute Assessment</b>)</span></li></ol>""}"
10654,3,"1. Right knee sprain.
- Medical Reasoning: The patient is an avid runner and her symptoms appear to be the result of overuse.",2025-06-25T11:40:42.177122Z,D2N045,11076,"[{""start"":0,""end"":125,""text"":""1. Right knee sprain.\\n- Medical Reasoning: The patient is an avid runner and her symptoms appear to be the result of overuse."",""labels"":[""Acute Assessment""]}]",107.919,ASSESSMENT,D2N045_2,2025-06-25T11:40:42.177169Z,"{""Intent"": ""<b>ASSESSMENT</b><br><span style='color:#D84315; font-size:15px; margin-right:10px;'>Acute Assessment</span><span style='color:#689F38; font-size:15px; margin-right:10px;'>Reassessment</span><span style='color:#1E88E5; font-size:15px; margin-right:10px;'>Medications</span><span style='color:#9C27B0; font-size:15px; margin-right:10px;'>Diagnostic Testing</span><span style='color:#F06292; font-size:15px; margin-right:10px;'>Other Treatments</span><span style='color:#00897B; font-size:15px; margin-right:10px;'>Follow-up</span><span style='color:#C62828; font-size:15px; margin-right:10px;'>Discussion</span><span style='color:#6A1B9A; font-size:15px; margin-right:10px;'>Referral</span><span style='color:#C2185B; font-size:15px; margin-right:10px;'>Acute Symptoms</span><span style='color:#0288D1; font-size:15px; margin-right:10px;'>Personal Information</span><span style='color:#673AB7; font-size:15px; margin-right:10px;'>Personal History</span><span style='color:#EF6C00; font-size:15px; margin-right:10px;'>Family History</span><span style='color:#009688; font-size:15px; margin-right:10px;'>Drug History</span><span style='color:#303F9F; font-size:15px; margin-right:10px;'>Theraputic History</span><span style='color:#E91E63; font-size:15px; margin-right:10px;'>Vegetative History</span><span style='color:#26C6DA; font-size:15px; margin-right:10px;'>Other Social</span><span style='color:#00796B; font-size:15px; margin-right:10px;'>Physical Examination</span><span style='color:#5D4037; font-size:15px; margin-right:10px;'>Radiology Examination</span><span style='color:#F44336; font-size:15px; margin-right:10px;'>Lab Examination</span>"", ""Note"": ""<ol><li><span style='color:#D84315;' data-toggle='tooltip' data-html='true' title='Acute Assessment'>1. Right knee sprain.\n- Medical Reasoning: The patient is an avid runner and her symptoms appear to be the result of overuse.</span> <span style='color:#D84315; font-size:14px;'>(<b>Acute Assessment</b>)</span></li></ol>""}"
10656,3,"1. Ovarian cancer.
- Medical Reasoning: Looking at her abdominal CT results, it appears to be stage IIIA disease based on the lymph node involvement.",2025-06-25T11:42:01.983571Z,D2N046,11077,"[{""start"":0,""end"":149,""text"":""1. Ovarian cancer.\\n- Medical Reasoning: Looking at her abdominal CT results, it appears to be stage IIIA disease based on the lymph node involvement."",""labels"":[""Acute Assessment""]}]",77.761,ASSESSMENT,D2N046_2,2025-06-25T11:42:01.983620Z,"{""Intent"": ""<b>ASSESSMENT</b><br><span style='color:#D84315; font-size:15px; margin-right:10px;'>Acute Assessment</span><span style='color:#689F38; font-size:15px; margin-right:10px;'>Reassessment</span><span style='color:#1E88E5; font-size:15px; margin-right:10px;'>Medications</span><span style='color:#9C27B0; font-size:15px; margin-right:10px;'>Diagnostic Testing</span><span style='color:#F06292; font-size:15px; margin-right:10px;'>Other Treatments</span><span style='color:#00897B; font-size:15px; margin-right:10px;'>Follow-up</span><span style='color:#C62828; font-size:15px; margin-right:10px;'>Discussion</span><span style='color:#6A1B9A; font-size:15px; margin-right:10px;'>Referral</span><span style='color:#C2185B; font-size:15px; margin-right:10px;'>Acute Symptoms</span><span style='color:#0288D1; font-size:15px; margin-right:10px;'>Personal Information</span><span style='color:#673AB7; font-size:15px; margin-right:10px;'>Personal History</span><span style='color:#EF6C00; font-size:15px; margin-right:10px;'>Family History</span><span style='color:#009688; font-size:15px; margin-right:10px;'>Drug History</span><span style='color:#303F9F; font-size:15px; margin-right:10px;'>Theraputic History</span><span style='color:#E91E63; font-size:15px; margin-right:10px;'>Vegetative History</span><span style='color:#26C6DA; font-size:15px; margin-right:10px;'>Other Social</span><span style='color:#00796B; font-size:15px; margin-right:10px;'>Physical Examination</span><span style='color:#5D4037; font-size:15px; margin-right:10px;'>Radiology Examination</span><span style='color:#F44336; font-size:15px; margin-right:10px;'>Lab Examination</span>"", ""Note"": ""<ol><li><span style='color:#D84315;' data-toggle='tooltip' data-html='true' title='Acute Assessment'>1. Ovarian cancer.\n- Medical Reasoning: Looking at her abdominal CT results, it appears to be stage IIIA disease based on the lymph node involvement.</span> <span style='color:#D84315; font-size:14px;'>(<b>Acute Assessment</b>)</span></li></ol>""}"
10658,3,"1. Difficulty urinating.
- Medical Reasoning: The patient presents today with approximately a 6 month history of difficulty with urination. His prostate also felt slightly enlarged on exam today.

2. Coronary artery disease.
- Medical Reasoning: The patient had a 3/6 systolic ejection murmur heard at the left base on exam today. This has been heard on his exams in the past.

3. Diabetes.
- Medical Reasoning: The patient is currently doing well with his diabetes.",2025-06-25T11:44:42.940837Z,D2N047,11078,"[{""start"":0,""end"":24,""text"":""1. Difficulty urinating."",""labels"":[""Acute Assessment""]},{""start"":25,""end"":138,""text"":""- Medical Reasoning: The patient presents today with approximately a 6 month history of difficulty with urination"",""labels"":[""Acute Symptoms""]},{""start"":140,""end"":195,""text"":""His prostate also felt slightly enlarged on exam today.\\n"",""labels"":[""Acute Assessment""]},{""start"":197,""end"":376,""text"":""2. Coronary artery disease.\\n- Medical Reasoning: The patient had a 3\/6 systolic ejection murmur heard at the left base on exam today. This has been heard on his exams in the past."",""labels"":[""Reassessment""]},{""start"":378,""end"":466,""text"":""3. Diabetes.\\n- Medical Reasoning: The patient is currently doing well with his diabetes."",""labels"":[""Reassessment""]}]",159.074,ASSESSMENT,D2N047_2,2025-06-25T11:44:42.940880Z,"{""Intent"": ""<b>ASSESSMENT</b><br><span style='color:#D84315; font-size:15px; margin-right:10px;'>Acute Assessment</span><span style='color:#689F38; font-size:15px; margin-right:10px;'>Reassessment</span><span style='color:#1E88E5; font-size:15px; margin-right:10px;'>Medications</span><span style='color:#9C27B0; font-size:15px; margin-right:10px;'>Diagnostic Testing</span><span style='color:#F06292; font-size:15px; margin-right:10px;'>Other Treatments</span><span style='color:#00897B; font-size:15px; margin-right:10px;'>Follow-up</span><span style='color:#C62828; font-size:15px; margin-right:10px;'>Discussion</span><span style='color:#6A1B9A; font-size:15px; margin-right:10px;'>Referral</span><span style='color:#C2185B; font-size:15px; margin-right:10px;'>Acute Symptoms</span><span style='color:#0288D1; font-size:15px; margin-right:10px;'>Personal Information</span><span style='color:#673AB7; font-size:15px; margin-right:10px;'>Personal History</span><span style='color:#EF6C00; font-size:15px; margin-right:10px;'>Family History</span><span style='color:#009688; font-size:15px; margin-right:10px;'>Drug History</span><span style='color:#303F9F; font-size:15px; margin-right:10px;'>Theraputic History</span><span style='color:#E91E63; font-size:15px; margin-right:10px;'>Vegetative History</span><span style='color:#26C6DA; font-size:15px; margin-right:10px;'>Other Social</span><span style='color:#00796B; font-size:15px; margin-right:10px;'>Physical Examination</span><span style='color:#5D4037; font-size:15px; margin-right:10px;'>Radiology Examination</span><span style='color:#F44336; font-size:15px; margin-right:10px;'>Lab Examination</span>"", ""Note"": ""<ol><li><span style='color:#D84315;' data-toggle='tooltip' data-html='true' title='Acute Assessment'>1. Difficulty urinating.</span> <span style='color:#D84315; font-size:14px;'>(<b>Acute Assessment</b>)</span></li><li><span style='color:#C2185B;' data-toggle='tooltip' data-html='true' title='Acute Symptoms'>- Medical Reasoning: The patient presents today with approximately a 6 month history of difficulty with urination</span> <span style='color:#C2185B; font-size:14px;'>(<b>Acute Symptoms</b>)</span></li><li><span style='color:#D84315;' data-toggle='tooltip' data-html='true' title='Acute Assessment'>His prostate also felt slightly enlarged on exam today.</span> <span style='color:#D84315; font-size:14px;'>(<b>Acute Assessment</b>)</span></li><li><span style='color:#689F38;' data-toggle='tooltip' data-html='true' title='Reassessment'>2. Coronary artery disease.\n- Medical Reasoning: The patient had a 3/6 systolic ejection murmur heard at the left base on exam today. This has been heard on his exams in the past.</span> <span style='color:#689F38; font-size:14px;'>(<b>Reassessment</b>)</span></li><li><span style='color:#689F38;' data-toggle='tooltip' data-html='true' title='Reassessment'>3. Diabetes.\n- Medical Reasoning: The patient is currently doing well with his diabetes.</span> <span style='color:#689F38; font-size:14px;'>(<b>Reassessment</b>)</span></li></ol>""}"
10661,3,"ASSESSMENT

Right foot pain, consistent with a Lisfranc fracture.",2025-06-25T11:49:08.510967Z,D2N048,11079,"[{""start"":12,""end"":65,""text"":""Right foot pain, consistent with a Lisfranc fracture."",""labels"":[""Acute Assessment""]}]",43.421,ASSESSMENT,D2N048_2,2025-06-25T11:49:08.511036Z,"{""Intent"": ""<b>ASSESSMENT</b><br><span style='color:#D84315; font-size:15px; margin-right:10px;'>Acute Assessment</span><span style='color:#689F38; font-size:15px; margin-right:10px;'>Reassessment</span><span style='color:#1E88E5; font-size:15px; margin-right:10px;'>Medications</span><span style='color:#9C27B0; font-size:15px; margin-right:10px;'>Diagnostic Testing</span><span style='color:#F06292; font-size:15px; margin-right:10px;'>Other Treatments</span><span style='color:#00897B; font-size:15px; margin-right:10px;'>Follow-up</span><span style='color:#C62828; font-size:15px; margin-right:10px;'>Discussion</span><span style='color:#6A1B9A; font-size:15px; margin-right:10px;'>Referral</span><span style='color:#C2185B; font-size:15px; margin-right:10px;'>Acute Symptoms</span><span style='color:#0288D1; font-size:15px; margin-right:10px;'>Personal Information</span><span style='color:#673AB7; font-size:15px; margin-right:10px;'>Personal History</span><span style='color:#EF6C00; font-size:15px; margin-right:10px;'>Family History</span><span style='color:#009688; font-size:15px; margin-right:10px;'>Drug History</span><span style='color:#303F9F; font-size:15px; margin-right:10px;'>Theraputic History</span><span style='color:#E91E63; font-size:15px; margin-right:10px;'>Vegetative History</span><span style='color:#26C6DA; font-size:15px; margin-right:10px;'>Other Social</span><span style='color:#00796B; font-size:15px; margin-right:10px;'>Physical Examination</span><span style='color:#5D4037; font-size:15px; margin-right:10px;'>Radiology Examination</span><span style='color:#F44336; font-size:15px; margin-right:10px;'>Lab Examination</span>"", ""Note"": ""<ol><li><span style='color:#D84315;' data-toggle='tooltip' data-html='true' title='Acute Assessment'>Right foot pain, consistent with a Lisfranc fracture.</span> <span style='color:#D84315; font-size:14px;'>(<b>Acute Assessment</b>)</span></li></ol>""}"
10662,3,"1. Kidney stone.
- Medical Reasoning: Patient presents today with symptoms consistent with kidney stones. She does have a history of kidney stones with this being her third episode.

2. Hypertension.
- Medical Reasoning: Patient is currently stable and has not had any elevated readings. Her blood pressure was slightly elevated today, however, this is due to her current pain level.

3. Diabetes.
- Medical Reasoning: Patient is currently stable and has not had any elevated glucose readings.",2025-06-25T11:49:46.592776Z,D2N049,11080,"[{""start"":0,""end"":15,""text"":""1. Kidney stone"",""labels"":[""Acute Assessment""]},{""start"":17,""end"":104,""text"":""- Medical Reasoning: Patient presents today with symptoms consistent with kidney stones"",""labels"":[""Acute Symptoms""]},{""start"":106,""end"":181,""text"":""She does have a history of kidney stones with this being her third episode."",""labels"":[""Personal History""]},{""start"":183,""end"":287,""text"":""2. Hypertension.\\n- Medical Reasoning: Patient is currently stable and has not had any elevated readings."",""labels"":[""Reassessment""]},{""start"":288,""end"":383,""text"":""Her blood pressure was slightly elevated today, however, this is due to her current pain level."",""labels"":[""Reassessment""]},{""start"":385,""end"":493,""text"":""\\n3. Diabetes.\\n- Medical Reasoning: Patient is currently stable and has not had any elevated glucose readings."",""labels"":[""Reassessment""]}]",35.41,ASSESSMENT,D2N049_2,2025-06-25T11:49:46.592835Z,"{""Intent"": ""<b>ASSESSMENT</b><br><span style='color:#D84315; font-size:15px; margin-right:10px;'>Acute Assessment</span><span style='color:#689F38; font-size:15px; margin-right:10px;'>Reassessment</span><span style='color:#1E88E5; font-size:15px; margin-right:10px;'>Medications</span><span style='color:#9C27B0; font-size:15px; margin-right:10px;'>Diagnostic Testing</span><span style='color:#F06292; font-size:15px; margin-right:10px;'>Other Treatments</span><span style='color:#00897B; font-size:15px; margin-right:10px;'>Follow-up</span><span style='color:#C62828; font-size:15px; margin-right:10px;'>Discussion</span><span style='color:#6A1B9A; font-size:15px; margin-right:10px;'>Referral</span><span style='color:#C2185B; font-size:15px; margin-right:10px;'>Acute Symptoms</span><span style='color:#0288D1; font-size:15px; margin-right:10px;'>Personal Information</span><span style='color:#673AB7; font-size:15px; margin-right:10px;'>Personal History</span><span style='color:#EF6C00; font-size:15px; margin-right:10px;'>Family History</span><span style='color:#009688; font-size:15px; margin-right:10px;'>Drug History</span><span style='color:#303F9F; font-size:15px; margin-right:10px;'>Theraputic History</span><span style='color:#E91E63; font-size:15px; margin-right:10px;'>Vegetative History</span><span style='color:#26C6DA; font-size:15px; margin-right:10px;'>Other Social</span><span style='color:#00796B; font-size:15px; margin-right:10px;'>Physical Examination</span><span style='color:#5D4037; font-size:15px; margin-right:10px;'>Radiology Examination</span><span style='color:#F44336; font-size:15px; margin-right:10px;'>Lab Examination</span>"", ""Note"": ""<ol><li><span style='color:#D84315;' data-toggle='tooltip' data-html='true' title='Acute Assessment'>1. Kidney stone</span> <span style='color:#D84315; font-size:14px;'>(<b>Acute Assessment</b>)</span></li><li><span style='color:#C2185B;' data-toggle='tooltip' data-html='true' title='Acute Symptoms'>- Medical Reasoning: Patient presents today with symptoms consistent with kidney stones</span> <span style='color:#C2185B; font-size:14px;'>(<b>Acute Symptoms</b>)</span></li><li><span style='color:#673AB7;' data-toggle='tooltip' data-html='true' title='Personal History'>She does have a history of kidney stones with this being her third episode.</span> <span style='color:#673AB7; font-size:14px;'>(<b>Personal History</b>)</span></li><li><span style='color:#689F38;' data-toggle='tooltip' data-html='true' title='Reassessment'>2. Hypertension.\n- Medical Reasoning: Patient is currently stable and has not had any elevated readings.</span> <span style='color:#689F38; font-size:14px;'>(<b>Reassessment</b>)</span></li><li><span style='color:#689F38;' data-toggle='tooltip' data-html='true' title='Reassessment'>Her blood pressure was slightly elevated today, however, this is due to her current pain level.</span> <span style='color:#689F38; font-size:14px;'>(<b>Reassessment</b>)</span></li><li><span style='color:#689F38;' data-toggle='tooltip' data-html='true' title='Reassessment'>3. Diabetes.\n- Medical Reasoning: Patient is currently stable and has not had any elevated glucose readings.</span> <span style='color:#689F38; font-size:14px;'>(<b>Reassessment</b>)</span></li></ol>""}"
10664,3,"ASSESSMENT

Right kidney stone.",2025-06-25T11:51:56.138629Z,D2N050,11081,"[{""start"":12,""end"":31,""text"":""Right kidney stone."",""labels"":[""Acute Assessment""]}]",127.872,ASSESSMENT,D2N050_2,2025-06-25T11:51:56.138696Z,"{""Intent"": ""<b>ASSESSMENT</b><br><span style='color:#D84315; font-size:15px; margin-right:10px;'>Acute Assessment</span><span style='color:#689F38; font-size:15px; margin-right:10px;'>Reassessment</span><span style='color:#1E88E5; font-size:15px; margin-right:10px;'>Medications</span><span style='color:#9C27B0; font-size:15px; margin-right:10px;'>Diagnostic Testing</span><span style='color:#F06292; font-size:15px; margin-right:10px;'>Other Treatments</span><span style='color:#00897B; font-size:15px; margin-right:10px;'>Follow-up</span><span style='color:#C62828; font-size:15px; margin-right:10px;'>Discussion</span><span style='color:#6A1B9A; font-size:15px; margin-right:10px;'>Referral</span><span style='color:#C2185B; font-size:15px; margin-right:10px;'>Acute Symptoms</span><span style='color:#0288D1; font-size:15px; margin-right:10px;'>Personal Information</span><span style='color:#673AB7; font-size:15px; margin-right:10px;'>Personal History</span><span style='color:#EF6C00; font-size:15px; margin-right:10px;'>Family History</span><span style='color:#009688; font-size:15px; margin-right:10px;'>Drug History</span><span style='color:#303F9F; font-size:15px; margin-right:10px;'>Theraputic History</span><span style='color:#E91E63; font-size:15px; margin-right:10px;'>Vegetative History</span><span style='color:#26C6DA; font-size:15px; margin-right:10px;'>Other Social</span><span style='color:#00796B; font-size:15px; margin-right:10px;'>Physical Examination</span><span style='color:#5D4037; font-size:15px; margin-right:10px;'>Radiology Examination</span><span style='color:#F44336; font-size:15px; margin-right:10px;'>Lab Examination</span>"", ""Note"": ""<ol><li><span style='color:#D84315;' data-toggle='tooltip' data-html='true' title='Acute Assessment'>Right kidney stone.</span> <span style='color:#D84315; font-size:14px;'>(<b>Acute Assessment</b>)</span></li></ol>""}"
10666,3,"ASSESSMENT

1. Non-healing ulcer, right foot
2. Diabetes
3. Coronary artery disease",2025-06-25T12:04:06.627973Z,D2N051,11082,"[{""start"":12,""end"":44,""text"":""1. Non-healing ulcer, right foot"",""labels"":[""Acute Assessment""]},{""start"":45,""end"":56,""text"":""2. Diabetes"",""labels"":[""Reassessment""]},{""start"":57,""end"":83,""text"":""3. Coronary artery disease"",""labels"":[""Reassessment""]}]",727.952,ASSESSMENT,D2N051_2,2025-06-25T12:04:06.628052Z,"{""Intent"": ""<b>ASSESSMENT</b><br><span style='color:#D84315; font-size:15px; margin-right:10px;'>Acute Assessment</span><span style='color:#689F38; font-size:15px; margin-right:10px;'>Reassessment</span><span style='color:#1E88E5; font-size:15px; margin-right:10px;'>Medications</span><span style='color:#9C27B0; font-size:15px; margin-right:10px;'>Diagnostic Testing</span><span style='color:#F06292; font-size:15px; margin-right:10px;'>Other Treatments</span><span style='color:#00897B; font-size:15px; margin-right:10px;'>Follow-up</span><span style='color:#C62828; font-size:15px; margin-right:10px;'>Discussion</span><span style='color:#6A1B9A; font-size:15px; margin-right:10px;'>Referral</span><span style='color:#C2185B; font-size:15px; margin-right:10px;'>Acute Symptoms</span><span style='color:#0288D1; font-size:15px; margin-right:10px;'>Personal Information</span><span style='color:#673AB7; font-size:15px; margin-right:10px;'>Personal History</span><span style='color:#EF6C00; font-size:15px; margin-right:10px;'>Family History</span><span style='color:#009688; font-size:15px; margin-right:10px;'>Drug History</span><span style='color:#303F9F; font-size:15px; margin-right:10px;'>Theraputic History</span><span style='color:#E91E63; font-size:15px; margin-right:10px;'>Vegetative History</span><span style='color:#26C6DA; font-size:15px; margin-right:10px;'>Other Social</span><span style='color:#00796B; font-size:15px; margin-right:10px;'>Physical Examination</span><span style='color:#5D4037; font-size:15px; margin-right:10px;'>Radiology Examination</span><span style='color:#F44336; font-size:15px; margin-right:10px;'>Lab Examination</span>"", ""Note"": ""<ol><li><span style='color:#D84315;' data-toggle='tooltip' data-html='true' title='Acute Assessment'>1. Non-healing ulcer, right foot</span> <span style='color:#D84315; font-size:14px;'>(<b>Acute Assessment</b>)</span></li><li><span style='color:#689F38;' data-toggle='tooltip' data-html='true' title='Reassessment'>2. Diabetes</span> <span style='color:#689F38; font-size:14px;'>(<b>Reassessment</b>)</span></li><li><span style='color:#689F38;' data-toggle='tooltip' data-html='true' title='Reassessment'>3. Coronary artery disease</span> <span style='color:#689F38; font-size:14px;'>(<b>Reassessment</b>)</span></li></ol>""}"
10668,3,"ASSESSMENT

Kidney stone, right side.",2025-06-25T12:09:51.513493Z,D2N052,11083,"[{""start"":12,""end"":37,""text"":""Kidney stone, right side."",""labels"":[""Acute Assessment""]}]",341.86,ASSESSMENT,D2N052_2,2025-06-25T12:09:51.513549Z,"{""Intent"": ""<b>ASSESSMENT</b><br><span style='color:#D84315; font-size:15px; margin-right:10px;'>Acute Assessment</span><span style='color:#689F38; font-size:15px; margin-right:10px;'>Reassessment</span><span style='color:#1E88E5; font-size:15px; margin-right:10px;'>Medications</span><span style='color:#9C27B0; font-size:15px; margin-right:10px;'>Diagnostic Testing</span><span style='color:#F06292; font-size:15px; margin-right:10px;'>Other Treatments</span><span style='color:#00897B; font-size:15px; margin-right:10px;'>Follow-up</span><span style='color:#C62828; font-size:15px; margin-right:10px;'>Discussion</span><span style='color:#6A1B9A; font-size:15px; margin-right:10px;'>Referral</span><span style='color:#C2185B; font-size:15px; margin-right:10px;'>Acute Symptoms</span><span style='color:#0288D1; font-size:15px; margin-right:10px;'>Personal Information</span><span style='color:#673AB7; font-size:15px; margin-right:10px;'>Personal History</span><span style='color:#EF6C00; font-size:15px; margin-right:10px;'>Family History</span><span style='color:#009688; font-size:15px; margin-right:10px;'>Drug History</span><span style='color:#303F9F; font-size:15px; margin-right:10px;'>Theraputic History</span><span style='color:#E91E63; font-size:15px; margin-right:10px;'>Vegetative History</span><span style='color:#26C6DA; font-size:15px; margin-right:10px;'>Other Social</span><span style='color:#00796B; font-size:15px; margin-right:10px;'>Physical Examination</span><span style='color:#5D4037; font-size:15px; margin-right:10px;'>Radiology Examination</span><span style='color:#F44336; font-size:15px; margin-right:10px;'>Lab Examination</span>"", ""Note"": ""<ol><li><span style='color:#D84315;' data-toggle='tooltip' data-html='true' title='Acute Assessment'>Kidney stone, right side.</span> <span style='color:#D84315; font-size:14px;'>(<b>Acute Assessment</b>)</span></li></ol>""}"
10670,3,"1. Scalp psoriasis.
- Medical Reasoning: The patient presents today with symptoms similar to scalp psoriasis.",2025-06-25T12:11:13.320624Z,D2N053,11084,"[{""start"":0,""end"":109,""text"":""1. Scalp psoriasis.\\n- Medical Reasoning: The patient presents today with symptoms similar to scalp psoriasis."",""labels"":[""Acute Assessment""]}]",80.076,ASSESSMENT,D2N053_2,2025-06-25T12:11:13.320676Z,"{""Intent"": ""<b>ASSESSMENT</b><br><span style='color:#D84315; font-size:15px; margin-right:10px;'>Acute Assessment</span><span style='color:#689F38; font-size:15px; margin-right:10px;'>Reassessment</span><span style='color:#1E88E5; font-size:15px; margin-right:10px;'>Medications</span><span style='color:#9C27B0; font-size:15px; margin-right:10px;'>Diagnostic Testing</span><span style='color:#F06292; font-size:15px; margin-right:10px;'>Other Treatments</span><span style='color:#00897B; font-size:15px; margin-right:10px;'>Follow-up</span><span style='color:#C62828; font-size:15px; margin-right:10px;'>Discussion</span><span style='color:#6A1B9A; font-size:15px; margin-right:10px;'>Referral</span><span style='color:#C2185B; font-size:15px; margin-right:10px;'>Acute Symptoms</span><span style='color:#0288D1; font-size:15px; margin-right:10px;'>Personal Information</span><span style='color:#673AB7; font-size:15px; margin-right:10px;'>Personal History</span><span style='color:#EF6C00; font-size:15px; margin-right:10px;'>Family History</span><span style='color:#009688; font-size:15px; margin-right:10px;'>Drug History</span><span style='color:#303F9F; font-size:15px; margin-right:10px;'>Theraputic History</span><span style='color:#E91E63; font-size:15px; margin-right:10px;'>Vegetative History</span><span style='color:#26C6DA; font-size:15px; margin-right:10px;'>Other Social</span><span style='color:#00796B; font-size:15px; margin-right:10px;'>Physical Examination</span><span style='color:#5D4037; font-size:15px; margin-right:10px;'>Radiology Examination</span><span style='color:#F44336; font-size:15px; margin-right:10px;'>Lab Examination</span>"", ""Note"": ""<ol><li><span style='color:#D84315;' data-toggle='tooltip' data-html='true' title='Acute Assessment'>1. Scalp psoriasis.\n- Medical Reasoning: The patient presents today with symptoms similar to scalp psoriasis.</span> <span style='color:#D84315; font-size:14px;'>(<b>Acute Assessment</b>)</span></li></ol>""}"
10672,3,"ASSESSMENT

Right foot pain, due to a Lisfranc fracture.",2025-06-25T12:12:59.666054Z,D2N054,11085,"[{""start"":12,""end"":56,""text"":""Right foot pain, due to a Lisfranc fracture."",""labels"":[""Acute Assessment""]}]",94.142,ASSESSMENT,D2N054_2,2025-06-25T12:12:59.666100Z,"{""Intent"": ""<b>ASSESSMENT</b><br><span style='color:#D84315; font-size:15px; margin-right:10px;'>Acute Assessment</span><span style='color:#689F38; font-size:15px; margin-right:10px;'>Reassessment</span><span style='color:#1E88E5; font-size:15px; margin-right:10px;'>Medications</span><span style='color:#9C27B0; font-size:15px; margin-right:10px;'>Diagnostic Testing</span><span style='color:#F06292; font-size:15px; margin-right:10px;'>Other Treatments</span><span style='color:#00897B; font-size:15px; margin-right:10px;'>Follow-up</span><span style='color:#C62828; font-size:15px; margin-right:10px;'>Discussion</span><span style='color:#6A1B9A; font-size:15px; margin-right:10px;'>Referral</span><span style='color:#C2185B; font-size:15px; margin-right:10px;'>Acute Symptoms</span><span style='color:#0288D1; font-size:15px; margin-right:10px;'>Personal Information</span><span style='color:#673AB7; font-size:15px; margin-right:10px;'>Personal History</span><span style='color:#EF6C00; font-size:15px; margin-right:10px;'>Family History</span><span style='color:#009688; font-size:15px; margin-right:10px;'>Drug History</span><span style='color:#303F9F; font-size:15px; margin-right:10px;'>Theraputic History</span><span style='color:#E91E63; font-size:15px; margin-right:10px;'>Vegetative History</span><span style='color:#26C6DA; font-size:15px; margin-right:10px;'>Other Social</span><span style='color:#00796B; font-size:15px; margin-right:10px;'>Physical Examination</span><span style='color:#5D4037; font-size:15px; margin-right:10px;'>Radiology Examination</span><span style='color:#F44336; font-size:15px; margin-right:10px;'>Lab Examination</span>"", ""Note"": ""<ol><li><span style='color:#D84315;' data-toggle='tooltip' data-html='true' title='Acute Assessment'>Right foot pain, due to a Lisfranc fracture.</span> <span style='color:#D84315; font-size:14px;'>(<b>Acute Assessment</b>)</span></li></ol>""}"
10674,3,"1. Transient tics.
- Medical Reasoning: The patient's father provided a video today as she did not have a twitch in office. It appears the patient is experiencing a tic.",2025-06-25T12:15:32.184201Z,D2N055,11086,"[{""start"":0,""end"":169,""text"":""1. Transient tics.\\n- Medical Reasoning: The patient's father provided a video today as she did not have a twitch in office. It appears the patient is experiencing a tic."",""labels"":[""Acute Assessment""]}]",150.416,ASSESSMENT,D2N055_2,2025-06-25T12:15:32.184266Z,"{""Intent"": ""<b>ASSESSMENT</b><br><span style='color:#D84315; font-size:15px; margin-right:10px;'>Acute Assessment</span><span style='color:#689F38; font-size:15px; margin-right:10px;'>Reassessment</span><span style='color:#1E88E5; font-size:15px; margin-right:10px;'>Medications</span><span style='color:#9C27B0; font-size:15px; margin-right:10px;'>Diagnostic Testing</span><span style='color:#F06292; font-size:15px; margin-right:10px;'>Other Treatments</span><span style='color:#00897B; font-size:15px; margin-right:10px;'>Follow-up</span><span style='color:#C62828; font-size:15px; margin-right:10px;'>Discussion</span><span style='color:#6A1B9A; font-size:15px; margin-right:10px;'>Referral</span><span style='color:#C2185B; font-size:15px; margin-right:10px;'>Acute Symptoms</span><span style='color:#0288D1; font-size:15px; margin-right:10px;'>Personal Information</span><span style='color:#673AB7; font-size:15px; margin-right:10px;'>Personal History</span><span style='color:#EF6C00; font-size:15px; margin-right:10px;'>Family History</span><span style='color:#009688; font-size:15px; margin-right:10px;'>Drug History</span><span style='color:#303F9F; font-size:15px; margin-right:10px;'>Theraputic History</span><span style='color:#E91E63; font-size:15px; margin-right:10px;'>Vegetative History</span><span style='color:#26C6DA; font-size:15px; margin-right:10px;'>Other Social</span><span style='color:#00796B; font-size:15px; margin-right:10px;'>Physical Examination</span><span style='color:#5D4037; font-size:15px; margin-right:10px;'>Radiology Examination</span><span style='color:#F44336; font-size:15px; margin-right:10px;'>Lab Examination</span>"", ""Note"": ""<ol><li><span style='color:#D84315;' data-toggle='tooltip' data-html='true' title='Acute Assessment'>1. Transient tics.\n- Medical Reasoning: The patient's father provided a video today as she did not have a twitch in office. It appears the patient is experiencing a tic.</span> <span style='color:#D84315; font-size:14px;'>(<b>Acute Assessment</b>)</span></li></ol>""}"
10676,3,"1. Recurrent lung infections.
- Medical Reasoning: The patient's symptoms seem consistent with hypersensitivity pneumonitis. He is a farmer and has been moving hay quite frequently recently.",2025-06-25T12:17:48.193653Z,D2N056,11087,"[{""start"":1,""end"":124,""text"":"". Recurrent lung infections.\\n- Medical Reasoning: The patient's symptoms seem consistent with hypersensitivity pneumonitis."",""labels"":[""Acute Assessment""]},{""start"":125,""end"":190,""text"":""He is a farmer and has been moving hay quite frequently recently."",""labels"":[""Other Social""]}]",133.994,ASSESSMENT,D2N056_2,2025-06-25T12:17:48.193700Z,"{""Intent"": ""<b>ASSESSMENT</b><br><span style='color:#D84315; font-size:15px; margin-right:10px;'>Acute Assessment</span><span style='color:#689F38; font-size:15px; margin-right:10px;'>Reassessment</span><span style='color:#1E88E5; font-size:15px; margin-right:10px;'>Medications</span><span style='color:#9C27B0; font-size:15px; margin-right:10px;'>Diagnostic Testing</span><span style='color:#F06292; font-size:15px; margin-right:10px;'>Other Treatments</span><span style='color:#00897B; font-size:15px; margin-right:10px;'>Follow-up</span><span style='color:#C62828; font-size:15px; margin-right:10px;'>Discussion</span><span style='color:#6A1B9A; font-size:15px; margin-right:10px;'>Referral</span><span style='color:#C2185B; font-size:15px; margin-right:10px;'>Acute Symptoms</span><span style='color:#0288D1; font-size:15px; margin-right:10px;'>Personal Information</span><span style='color:#673AB7; font-size:15px; margin-right:10px;'>Personal History</span><span style='color:#EF6C00; font-size:15px; margin-right:10px;'>Family History</span><span style='color:#009688; font-size:15px; margin-right:10px;'>Drug History</span><span style='color:#303F9F; font-size:15px; margin-right:10px;'>Theraputic History</span><span style='color:#E91E63; font-size:15px; margin-right:10px;'>Vegetative History</span><span style='color:#26C6DA; font-size:15px; margin-right:10px;'>Other Social</span><span style='color:#00796B; font-size:15px; margin-right:10px;'>Physical Examination</span><span style='color:#5D4037; font-size:15px; margin-right:10px;'>Radiology Examination</span><span style='color:#F44336; font-size:15px; margin-right:10px;'>Lab Examination</span>"", ""Note"": ""<ol><li><span style='color:#D84315;' data-toggle='tooltip' data-html='true' title='Acute Assessment'>. Recurrent lung infections.\n- Medical Reasoning: The patient's symptoms seem consistent with hypersensitivity pneumonitis.</span> <span style='color:#D84315; font-size:14px;'>(<b>Acute Assessment</b>)</span></li><li><span style='color:#26C6DA;' data-toggle='tooltip' data-html='true' title='Other Social'>He is a farmer and has been moving hay quite frequently recently.</span> <span style='color:#26C6DA; font-size:14px;'>(<b>Other Social</b>)</span></li></ol>""}"
10678,3,"ASSESSMENT

Right foot hallux rigidus.",2025-06-25T12:19:56.558400Z,D2N057,11088,"[{""start"":12,""end"":38,""text"":""\\nRight foot hallux rigidus."",""labels"":[""Acute Assessment""]}]",125.603,ASSESSMENT,D2N057_2,2025-06-25T12:19:56.558469Z,"{""Intent"": ""<b>ASSESSMENT</b><br><span style='color:#D84315; font-size:15px; margin-right:10px;'>Acute Assessment</span><span style='color:#689F38; font-size:15px; margin-right:10px;'>Reassessment</span><span style='color:#1E88E5; font-size:15px; margin-right:10px;'>Medications</span><span style='color:#9C27B0; font-size:15px; margin-right:10px;'>Diagnostic Testing</span><span style='color:#F06292; font-size:15px; margin-right:10px;'>Other Treatments</span><span style='color:#00897B; font-size:15px; margin-right:10px;'>Follow-up</span><span style='color:#C62828; font-size:15px; margin-right:10px;'>Discussion</span><span style='color:#6A1B9A; font-size:15px; margin-right:10px;'>Referral</span><span style='color:#C2185B; font-size:15px; margin-right:10px;'>Acute Symptoms</span><span style='color:#0288D1; font-size:15px; margin-right:10px;'>Personal Information</span><span style='color:#673AB7; font-size:15px; margin-right:10px;'>Personal History</span><span style='color:#EF6C00; font-size:15px; margin-right:10px;'>Family History</span><span style='color:#009688; font-size:15px; margin-right:10px;'>Drug History</span><span style='color:#303F9F; font-size:15px; margin-right:10px;'>Theraputic History</span><span style='color:#E91E63; font-size:15px; margin-right:10px;'>Vegetative History</span><span style='color:#26C6DA; font-size:15px; margin-right:10px;'>Other Social</span><span style='color:#00796B; font-size:15px; margin-right:10px;'>Physical Examination</span><span style='color:#5D4037; font-size:15px; margin-right:10px;'>Radiology Examination</span><span style='color:#F44336; font-size:15px; margin-right:10px;'>Lab Examination</span>"", ""Note"": ""<ol><li><span style='color:#D84315;' data-toggle='tooltip' data-html='true' title='Acute Assessment'>Right foot hallux rigidus.</span> <span style='color:#D84315; font-size:14px;'>(<b>Acute Assessment</b>)</span></li></ol>""}"
10680,3,"1. Coronary artery disease.
- Medical Reasoning: The patient's exam is consistent with coronary artery disease.

2. Newly reduced left ventricular dysfunction and moderate mitral regurgitation.
- Medical Reasoning: The patient's physical exam is consistent with this diagnosis.

3. Hypertension.
- Medical Reasoning: This seems stable at this time.",2025-06-25T12:22:06.640855Z,D2N058,11089,"[{""start"":0,""end"":111,""text"":""1. Coronary artery disease.\\n- Medical Reasoning: The patient's exam is consistent with coronary artery disease."",""labels"":[""Acute Assessment""]},{""start"":113,""end"":277,""text"":""2. Newly reduced left ventricular dysfunction and moderate mitral regurgitation.\\n- Medical Reasoning: The patient's physical exam is consistent with this diagnosis."",""labels"":[""Acute Assessment""]},{""start"":279,""end"":348,""text"":""3. Hypertension.\\n- Medical Reasoning: This seems stable at this time."",""labels"":[""Reassessment""]}]",127.03,ASSESSMENT,D2N058_2,2025-06-25T12:22:06.640925Z,"{""Intent"": ""<b>ASSESSMENT</b><br><span style='color:#D84315; font-size:15px; margin-right:10px;'>Acute Assessment</span><span style='color:#689F38; font-size:15px; margin-right:10px;'>Reassessment</span><span style='color:#1E88E5; font-size:15px; margin-right:10px;'>Medications</span><span style='color:#9C27B0; font-size:15px; margin-right:10px;'>Diagnostic Testing</span><span style='color:#F06292; font-size:15px; margin-right:10px;'>Other Treatments</span><span style='color:#00897B; font-size:15px; margin-right:10px;'>Follow-up</span><span style='color:#C62828; font-size:15px; margin-right:10px;'>Discussion</span><span style='color:#6A1B9A; font-size:15px; margin-right:10px;'>Referral</span><span style='color:#C2185B; font-size:15px; margin-right:10px;'>Acute Symptoms</span><span style='color:#0288D1; font-size:15px; margin-right:10px;'>Personal Information</span><span style='color:#673AB7; font-size:15px; margin-right:10px;'>Personal History</span><span style='color:#EF6C00; font-size:15px; margin-right:10px;'>Family History</span><span style='color:#009688; font-size:15px; margin-right:10px;'>Drug History</span><span style='color:#303F9F; font-size:15px; margin-right:10px;'>Theraputic History</span><span style='color:#E91E63; font-size:15px; margin-right:10px;'>Vegetative History</span><span style='color:#26C6DA; font-size:15px; margin-right:10px;'>Other Social</span><span style='color:#00796B; font-size:15px; margin-right:10px;'>Physical Examination</span><span style='color:#5D4037; font-size:15px; margin-right:10px;'>Radiology Examination</span><span style='color:#F44336; font-size:15px; margin-right:10px;'>Lab Examination</span>"", ""Note"": ""<ol><li><span style='color:#D84315;' data-toggle='tooltip' data-html='true' title='Acute Assessment'>1. Coronary artery disease.\n- Medical Reasoning: The patient's exam is consistent with coronary artery disease.</span> <span style='color:#D84315; font-size:14px;'>(<b>Acute Assessment</b>)</span></li><li><span style='color:#D84315;' data-toggle='tooltip' data-html='true' title='Acute Assessment'>2. Newly reduced left ventricular dysfunction and moderate mitral regurgitation.\n- Medical Reasoning: The patient's physical exam is consistent with this diagnosis.</span> <span style='color:#D84315; font-size:14px;'>(<b>Acute Assessment</b>)</span></li><li><span style='color:#689F38;' data-toggle='tooltip' data-html='true' title='Reassessment'>3. Hypertension.\n- Medical Reasoning: This seems stable at this time.</span> <span style='color:#689F38; font-size:14px;'>(<b>Reassessment</b>)</span></li></ol>""}"
10682,3,"1. Asthma.
- Medical Reasoning: The patient has experienced an increased need to use her albuterol inhaler. She is not currently utilizing a daily medication. At this time, we will try a daily medication since it looks like she might be having some allergies.

2. Mood.
- Medical Reasoning: The patient reports being under a lot of stress with school. I believe this may be attributing to her mood.",2025-06-25T12:25:06.506799Z,D2N059,11090,"[{""start"":0,""end"":106,""text"":""1. Asthma.\\n- Medical Reasoning: The patient has experienced an increased need to use her albuterol inhaler"",""labels"":[""Acute Assessment""]},{""start"":108,""end"":157,""text"":""She is not currently utilizing a daily medication"",""labels"":[""Theraputic History""]},{""start"":159,""end"":259,""text"":""At this time, we will try a daily medication since it looks like she might be having some allergies."",""labels"":[""Acute Assessment""]},{""start"":261,""end"":398,""text"":""2. Mood.\\n- Medical Reasoning: The patient reports being under a lot of stress with school. I believe this may be attributing to her mood."",""labels"":[""Acute Assessment""]}]",174.716,ASSESSMENT,D2N059_2,2025-06-25T12:25:06.506867Z,"{""Intent"": ""<b>ASSESSMENT</b><br><span style='color:#D84315; font-size:15px; margin-right:10px;'>Acute Assessment</span><span style='color:#689F38; font-size:15px; margin-right:10px;'>Reassessment</span><span style='color:#1E88E5; font-size:15px; margin-right:10px;'>Medications</span><span style='color:#9C27B0; font-size:15px; margin-right:10px;'>Diagnostic Testing</span><span style='color:#F06292; font-size:15px; margin-right:10px;'>Other Treatments</span><span style='color:#00897B; font-size:15px; margin-right:10px;'>Follow-up</span><span style='color:#C62828; font-size:15px; margin-right:10px;'>Discussion</span><span style='color:#6A1B9A; font-size:15px; margin-right:10px;'>Referral</span><span style='color:#C2185B; font-size:15px; margin-right:10px;'>Acute Symptoms</span><span style='color:#0288D1; font-size:15px; margin-right:10px;'>Personal Information</span><span style='color:#673AB7; font-size:15px; margin-right:10px;'>Personal History</span><span style='color:#EF6C00; font-size:15px; margin-right:10px;'>Family History</span><span style='color:#009688; font-size:15px; margin-right:10px;'>Drug History</span><span style='color:#303F9F; font-size:15px; margin-right:10px;'>Theraputic History</span><span style='color:#E91E63; font-size:15px; margin-right:10px;'>Vegetative History</span><span style='color:#26C6DA; font-size:15px; margin-right:10px;'>Other Social</span><span style='color:#00796B; font-size:15px; margin-right:10px;'>Physical Examination</span><span style='color:#5D4037; font-size:15px; margin-right:10px;'>Radiology Examination</span><span style='color:#F44336; font-size:15px; margin-right:10px;'>Lab Examination</span>"", ""Note"": ""<ol><li><span style='color:#D84315;' data-toggle='tooltip' data-html='true' title='Acute Assessment'>1. Asthma.\n- Medical Reasoning: The patient has experienced an increased need to use her albuterol inhaler</span> <span style='color:#D84315; font-size:14px;'>(<b>Acute Assessment</b>)</span></li><li><span style='color:#303F9F;' data-toggle='tooltip' data-html='true' title='Theraputic History'>She is not currently utilizing a daily medication</span> <span style='color:#303F9F; font-size:14px;'>(<b>Theraputic History</b>)</span></li><li><span style='color:#D84315;' data-toggle='tooltip' data-html='true' title='Acute Assessment'>At this time, we will try a daily medication since it looks like she might be having some allergies.</span> <span style='color:#D84315; font-size:14px;'>(<b>Acute Assessment</b>)</span></li><li><span style='color:#D84315;' data-toggle='tooltip' data-html='true' title='Acute Assessment'>2. Mood.\n- Medical Reasoning: The patient reports being under a lot of stress with school. I believe this may be attributing to her mood.</span> <span style='color:#D84315; font-size:14px;'>(<b>Acute Assessment</b>)</span></li></ol>""}"
10684,3,"ASSESSMENT

Lisfranc fracture, left foot.",2025-06-25T12:27:26.414120Z,D2N060,11091,"[{""start"":12,""end"":41,""text"":""\\nLisfranc fracture, left foot."",""labels"":[""Acute Assessment""]}]",135.051,ASSESSMENT,D2N060_2,2025-06-25T12:27:26.414234Z,"{""Intent"": ""<b>ASSESSMENT</b><br><span style='color:#D84315; font-size:15px; margin-right:10px;'>Acute Assessment</span><span style='color:#689F38; font-size:15px; margin-right:10px;'>Reassessment</span><span style='color:#1E88E5; font-size:15px; margin-right:10px;'>Medications</span><span style='color:#9C27B0; font-size:15px; margin-right:10px;'>Diagnostic Testing</span><span style='color:#F06292; font-size:15px; margin-right:10px;'>Other Treatments</span><span style='color:#00897B; font-size:15px; margin-right:10px;'>Follow-up</span><span style='color:#C62828; font-size:15px; margin-right:10px;'>Discussion</span><span style='color:#6A1B9A; font-size:15px; margin-right:10px;'>Referral</span><span style='color:#C2185B; font-size:15px; margin-right:10px;'>Acute Symptoms</span><span style='color:#0288D1; font-size:15px; margin-right:10px;'>Personal Information</span><span style='color:#673AB7; font-size:15px; margin-right:10px;'>Personal History</span><span style='color:#EF6C00; font-size:15px; margin-right:10px;'>Family History</span><span style='color:#009688; font-size:15px; margin-right:10px;'>Drug History</span><span style='color:#303F9F; font-size:15px; margin-right:10px;'>Theraputic History</span><span style='color:#E91E63; font-size:15px; margin-right:10px;'>Vegetative History</span><span style='color:#26C6DA; font-size:15px; margin-right:10px;'>Other Social</span><span style='color:#00796B; font-size:15px; margin-right:10px;'>Physical Examination</span><span style='color:#5D4037; font-size:15px; margin-right:10px;'>Radiology Examination</span><span style='color:#F44336; font-size:15px; margin-right:10px;'>Lab Examination</span>"", ""Note"": ""<ol><li><span style='color:#D84315;' data-toggle='tooltip' data-html='true' title='Acute Assessment'>Lisfranc fracture, left foot.</span> <span style='color:#D84315; font-size:14px;'>(<b>Acute Assessment</b>)</span></li></ol>""}"
10686,3,"ASSESSMENT

Right knee pain, possible medial collateral ligament strain.",2025-06-25T12:28:27.933321Z,D2N061,11092,"[{""start"":12,""end"":72,""text"":""Right knee pain, possible medial collateral ligament strain."",""labels"":[""Acute Assessment""]}]",57.389,ASSESSMENT,D2N061_2,2025-06-25T12:28:27.933389Z,"{""Intent"": ""<b>ASSESSMENT</b><br><span style='color:#D84315; font-size:15px; margin-right:10px;'>Acute Assessment</span><span style='color:#689F38; font-size:15px; margin-right:10px;'>Reassessment</span><span style='color:#1E88E5; font-size:15px; margin-right:10px;'>Medications</span><span style='color:#9C27B0; font-size:15px; margin-right:10px;'>Diagnostic Testing</span><span style='color:#F06292; font-size:15px; margin-right:10px;'>Other Treatments</span><span style='color:#00897B; font-size:15px; margin-right:10px;'>Follow-up</span><span style='color:#C62828; font-size:15px; margin-right:10px;'>Discussion</span><span style='color:#6A1B9A; font-size:15px; margin-right:10px;'>Referral</span><span style='color:#C2185B; font-size:15px; margin-right:10px;'>Acute Symptoms</span><span style='color:#0288D1; font-size:15px; margin-right:10px;'>Personal Information</span><span style='color:#673AB7; font-size:15px; margin-right:10px;'>Personal History</span><span style='color:#EF6C00; font-size:15px; margin-right:10px;'>Family History</span><span style='color:#009688; font-size:15px; margin-right:10px;'>Drug History</span><span style='color:#303F9F; font-size:15px; margin-right:10px;'>Theraputic History</span><span style='color:#E91E63; font-size:15px; margin-right:10px;'>Vegetative History</span><span style='color:#26C6DA; font-size:15px; margin-right:10px;'>Other Social</span><span style='color:#00796B; font-size:15px; margin-right:10px;'>Physical Examination</span><span style='color:#5D4037; font-size:15px; margin-right:10px;'>Radiology Examination</span><span style='color:#F44336; font-size:15px; margin-right:10px;'>Lab Examination</span>"", ""Note"": ""<ol><li><span style='color:#D84315;' data-toggle='tooltip' data-html='true' title='Acute Assessment'>Right knee pain, possible medial collateral ligament strain.</span> <span style='color:#D84315; font-size:14px;'>(<b>Acute Assessment</b>)</span></li></ol>""}"
10688,3,"ASSESSMENT

Acute esophagitis.",2025-06-25T12:30:05.706847Z,D2N062,11093,"[{""start"":12,""end"":30,""text"":""Acute esophagitis."",""labels"":[""Acute Assessment""]}]",94.502,ASSESSMENT,D2N062_2,2025-06-25T12:30:05.706893Z,"{""Intent"": ""<b>ASSESSMENT</b><br><span style='color:#D84315; font-size:15px; margin-right:10px;'>Acute Assessment</span><span style='color:#689F38; font-size:15px; margin-right:10px;'>Reassessment</span><span style='color:#1E88E5; font-size:15px; margin-right:10px;'>Medications</span><span style='color:#9C27B0; font-size:15px; margin-right:10px;'>Diagnostic Testing</span><span style='color:#F06292; font-size:15px; margin-right:10px;'>Other Treatments</span><span style='color:#00897B; font-size:15px; margin-right:10px;'>Follow-up</span><span style='color:#C62828; font-size:15px; margin-right:10px;'>Discussion</span><span style='color:#6A1B9A; font-size:15px; margin-right:10px;'>Referral</span><span style='color:#C2185B; font-size:15px; margin-right:10px;'>Acute Symptoms</span><span style='color:#0288D1; font-size:15px; margin-right:10px;'>Personal Information</span><span style='color:#673AB7; font-size:15px; margin-right:10px;'>Personal History</span><span style='color:#EF6C00; font-size:15px; margin-right:10px;'>Family History</span><span style='color:#009688; font-size:15px; margin-right:10px;'>Drug History</span><span style='color:#303F9F; font-size:15px; margin-right:10px;'>Theraputic History</span><span style='color:#E91E63; font-size:15px; margin-right:10px;'>Vegetative History</span><span style='color:#26C6DA; font-size:15px; margin-right:10px;'>Other Social</span><span style='color:#00796B; font-size:15px; margin-right:10px;'>Physical Examination</span><span style='color:#5D4037; font-size:15px; margin-right:10px;'>Radiology Examination</span><span style='color:#F44336; font-size:15px; margin-right:10px;'>Lab Examination</span>"", ""Note"": ""<ol><li><span style='color:#D84315;' data-toggle='tooltip' data-html='true' title='Acute Assessment'>Acute esophagitis.</span> <span style='color:#D84315; font-size:14px;'>(<b>Acute Assessment</b>)</span></li></ol>""}"
10690,3,"1. Shortness of breath.
- Medical Reasoning: I believe this is an exacerbation of her congestive heart failure.

2. Diabetes type 2.
- Medical Reasoning: Her recent blood glucose levels have been elevated.

3. Back pain.
- Medical Reasoning: This appears to be all muscular pain.",2025-06-25T12:31:56.298510Z,D2N063,11094,"[{""start"":0,""end"":111,""text"":""1. Shortness of breath.\\n- Medical Reasoning: I believe this is an exacerbation of her congestive heart failure."",""labels"":[""Acute Assessment""]},{""start"":113,""end"":205,""text"":""2. Diabetes type 2.\\n- Medical Reasoning: Her recent blood glucose levels have been elevated."",""labels"":[""Reassessment""]},{""start"":207,""end"":279,""text"":""3. Back pain.\\n- Medical Reasoning: This appears to be all muscular pain."",""labels"":[""Acute Assessment""]}]",108.215,ASSESSMENT,D2N063_2,2025-06-25T12:31:56.298557Z,"{""Intent"": ""<b>ASSESSMENT</b><br><span style='color:#D84315; font-size:15px; margin-right:10px;'>Acute Assessment</span><span style='color:#689F38; font-size:15px; margin-right:10px;'>Reassessment</span><span style='color:#1E88E5; font-size:15px; margin-right:10px;'>Medications</span><span style='color:#9C27B0; font-size:15px; margin-right:10px;'>Diagnostic Testing</span><span style='color:#F06292; font-size:15px; margin-right:10px;'>Other Treatments</span><span style='color:#00897B; font-size:15px; margin-right:10px;'>Follow-up</span><span style='color:#C62828; font-size:15px; margin-right:10px;'>Discussion</span><span style='color:#6A1B9A; font-size:15px; margin-right:10px;'>Referral</span><span style='color:#C2185B; font-size:15px; margin-right:10px;'>Acute Symptoms</span><span style='color:#0288D1; font-size:15px; margin-right:10px;'>Personal Information</span><span style='color:#673AB7; font-size:15px; margin-right:10px;'>Personal History</span><span style='color:#EF6C00; font-size:15px; margin-right:10px;'>Family History</span><span style='color:#009688; font-size:15px; margin-right:10px;'>Drug History</span><span style='color:#303F9F; font-size:15px; margin-right:10px;'>Theraputic History</span><span style='color:#E91E63; font-size:15px; margin-right:10px;'>Vegetative History</span><span style='color:#26C6DA; font-size:15px; margin-right:10px;'>Other Social</span><span style='color:#00796B; font-size:15px; margin-right:10px;'>Physical Examination</span><span style='color:#5D4037; font-size:15px; margin-right:10px;'>Radiology Examination</span><span style='color:#F44336; font-size:15px; margin-right:10px;'>Lab Examination</span>"", ""Note"": ""<ol><li><span style='color:#D84315;' data-toggle='tooltip' data-html='true' title='Acute Assessment'>1. Shortness of breath.\n- Medical Reasoning: I believe this is an exacerbation of her congestive heart failure.</span> <span style='color:#D84315; font-size:14px;'>(<b>Acute Assessment</b>)</span></li><li><span style='color:#689F38;' data-toggle='tooltip' data-html='true' title='Reassessment'>2. Diabetes type 2.\n- Medical Reasoning: Her recent blood glucose levels have been elevated.</span> <span style='color:#689F38; font-size:14px;'>(<b>Reassessment</b>)</span></li><li><span style='color:#D84315;' data-toggle='tooltip' data-html='true' title='Acute Assessment'>3. Back pain.\n- Medical Reasoning: This appears to be all muscular pain.</span> <span style='color:#D84315; font-size:14px;'>(<b>Acute Assessment</b>)</span></li></ol>""}"
10692,3,"ASSESSMENT

Left ankle sprain of the lateral ligament complex.",2025-06-25T12:33:25.108471Z,D2N064,11095,"[{""start"":12,""end"":62,""text"":""Left ankle sprain of the lateral ligament complex."",""labels"":[""Acute Assessment""]}]",85.837,ASSESSMENT,D2N064_2,2025-06-25T12:33:25.108537Z,"{""Intent"": ""<b>ASSESSMENT</b><br><span style='color:#D84315; font-size:15px; margin-right:10px;'>Acute Assessment</span><span style='color:#689F38; font-size:15px; margin-right:10px;'>Reassessment</span><span style='color:#1E88E5; font-size:15px; margin-right:10px;'>Medications</span><span style='color:#9C27B0; font-size:15px; margin-right:10px;'>Diagnostic Testing</span><span style='color:#F06292; font-size:15px; margin-right:10px;'>Other Treatments</span><span style='color:#00897B; font-size:15px; margin-right:10px;'>Follow-up</span><span style='color:#C62828; font-size:15px; margin-right:10px;'>Discussion</span><span style='color:#6A1B9A; font-size:15px; margin-right:10px;'>Referral</span><span style='color:#C2185B; font-size:15px; margin-right:10px;'>Acute Symptoms</span><span style='color:#0288D1; font-size:15px; margin-right:10px;'>Personal Information</span><span style='color:#673AB7; font-size:15px; margin-right:10px;'>Personal History</span><span style='color:#EF6C00; font-size:15px; margin-right:10px;'>Family History</span><span style='color:#009688; font-size:15px; margin-right:10px;'>Drug History</span><span style='color:#303F9F; font-size:15px; margin-right:10px;'>Theraputic History</span><span style='color:#E91E63; font-size:15px; margin-right:10px;'>Vegetative History</span><span style='color:#26C6DA; font-size:15px; margin-right:10px;'>Other Social</span><span style='color:#00796B; font-size:15px; margin-right:10px;'>Physical Examination</span><span style='color:#5D4037; font-size:15px; margin-right:10px;'>Radiology Examination</span><span style='color:#F44336; font-size:15px; margin-right:10px;'>Lab Examination</span>"", ""Note"": ""<ol><li><span style='color:#D84315;' data-toggle='tooltip' data-html='true' title='Acute Assessment'>Left ankle sprain of the lateral ligament complex.</span> <span style='color:#D84315; font-size:14px;'>(<b>Acute Assessment</b>)</span></li></ol>""}"
10694,3,"ASSESSMENT

Right ankle sprain.",2025-06-25T12:35:48.532914Z,D2N065,11096,"[{""start"":12,""end"":31,""text"":""Right ankle sprain."",""labels"":[""Acute Assessment""]}]",140.289,ASSESSMENT,D2N065_2,2025-06-25T12:35:48.532982Z,"{""Intent"": ""<b>ASSESSMENT</b><br><span style='color:#D84315; font-size:15px; margin-right:10px;'>Acute Assessment</span><span style='color:#689F38; font-size:15px; margin-right:10px;'>Reassessment</span><span style='color:#1E88E5; font-size:15px; margin-right:10px;'>Medications</span><span style='color:#9C27B0; font-size:15px; margin-right:10px;'>Diagnostic Testing</span><span style='color:#F06292; font-size:15px; margin-right:10px;'>Other Treatments</span><span style='color:#00897B; font-size:15px; margin-right:10px;'>Follow-up</span><span style='color:#C62828; font-size:15px; margin-right:10px;'>Discussion</span><span style='color:#6A1B9A; font-size:15px; margin-right:10px;'>Referral</span><span style='color:#C2185B; font-size:15px; margin-right:10px;'>Acute Symptoms</span><span style='color:#0288D1; font-size:15px; margin-right:10px;'>Personal Information</span><span style='color:#673AB7; font-size:15px; margin-right:10px;'>Personal History</span><span style='color:#EF6C00; font-size:15px; margin-right:10px;'>Family History</span><span style='color:#009688; font-size:15px; margin-right:10px;'>Drug History</span><span style='color:#303F9F; font-size:15px; margin-right:10px;'>Theraputic History</span><span style='color:#E91E63; font-size:15px; margin-right:10px;'>Vegetative History</span><span style='color:#26C6DA; font-size:15px; margin-right:10px;'>Other Social</span><span style='color:#00796B; font-size:15px; margin-right:10px;'>Physical Examination</span><span style='color:#5D4037; font-size:15px; margin-right:10px;'>Radiology Examination</span><span style='color:#F44336; font-size:15px; margin-right:10px;'>Lab Examination</span>"", ""Note"": ""<ol><li><span style='color:#D84315;' data-toggle='tooltip' data-html='true' title='Acute Assessment'>Right ankle sprain.</span> <span style='color:#D84315; font-size:14px;'>(<b>Acute Assessment</b>)</span></li></ol>""}"
10696,3,"1. Lower back pain.
- Medical Reasoning: I believe this is more of a muscular sprain.

2. Diabetes.
- Medical Reasoning: His most recent A1c was 7.1 and his blood sugar levels are typically between 120-140.

3. Hypertension.
- Medical Reasoning: He does have 1+ edema in his legs.",2025-06-25T12:37:25.915831Z,D2N066,11097,"[{""start"":0,""end"":85,""text"":""1. Lower back pain.\\n- Medical Reasoning: I believe this is more of a muscular sprain."",""labels"":[""Acute Assessment""]},{""start"":87,""end"":99,""text"":""2. Diabetes."",""labels"":[""Reassessment""]},{""start"":208,""end"":280,""text"":""3. Hypertension.\\n- Medical Reasoning: He does have 1+ edema in his legs."",""labels"":[""Acute Assessment""]},{""start"":100,""end"":205,""text"":""- Medical Reasoning: His most recent A1c was 7.1 and his blood sugar levels are typically between 120-140"",""labels"":[""Lab Examination""]}]",123.31,ASSESSMENT,D2N066_2,2025-06-25T14:02:13.646973Z,"{""Intent"": ""<b>ASSESSMENT</b><br><span style='color:#D84315; font-size:15px; margin-right:10px;'>Acute Assessment</span><span style='color:#689F38; font-size:15px; margin-right:10px;'>Reassessment</span><span style='color:#1E88E5; font-size:15px; margin-right:10px;'>Medications</span><span style='color:#9C27B0; font-size:15px; margin-right:10px;'>Diagnostic Testing</span><span style='color:#F06292; font-size:15px; margin-right:10px;'>Other Treatments</span><span style='color:#00897B; font-size:15px; margin-right:10px;'>Follow-up</span><span style='color:#C62828; font-size:15px; margin-right:10px;'>Discussion</span><span style='color:#6A1B9A; font-size:15px; margin-right:10px;'>Referral</span><span style='color:#C2185B; font-size:15px; margin-right:10px;'>Acute Symptoms</span><span style='color:#0288D1; font-size:15px; margin-right:10px;'>Personal Information</span><span style='color:#673AB7; font-size:15px; margin-right:10px;'>Personal History</span><span style='color:#EF6C00; font-size:15px; margin-right:10px;'>Family History</span><span style='color:#009688; font-size:15px; margin-right:10px;'>Drug History</span><span style='color:#303F9F; font-size:15px; margin-right:10px;'>Theraputic History</span><span style='color:#E91E63; font-size:15px; margin-right:10px;'>Vegetative History</span><span style='color:#26C6DA; font-size:15px; margin-right:10px;'>Other Social</span><span style='color:#00796B; font-size:15px; margin-right:10px;'>Physical Examination</span><span style='color:#5D4037; font-size:15px; margin-right:10px;'>Radiology Examination</span><span style='color:#F44336; font-size:15px; margin-right:10px;'>Lab Examination</span>"", ""Note"": ""<ol><li><span style='color:#D84315;' data-toggle='tooltip' data-html='true' title='Acute Assessment'>1. Lower back pain.\n- Medical Reasoning: I believe this is more of a muscular sprain.</span> <span style='color:#D84315; font-size:14px;'>(<b>Acute Assessment</b>)</span></li><li><span style='color:#689F38;' data-toggle='tooltip' data-html='true' title='Reassessment'>2. Diabetes.</span> <span style='color:#689F38; font-size:14px;'>(<b>Reassessment</b>)</span></li><li><span style='color:#F44336;' data-toggle='tooltip' data-html='true' title='Lab Examination'>- Medical Reasoning: His most recent A1c was 7.1 and his blood sugar levels are typically between 120-140</span> <span style='color:#F44336; font-size:14px;'>(<b>Lab Examination</b>)</span></li><li><span style='color:#D84315;' data-toggle='tooltip' data-html='true' title='Acute Assessment'>3. Hypertension.\n- Medical Reasoning: He does have 1+ edema in his legs.</span> <span style='color:#D84315; font-size:14px;'>(<b>Acute Assessment</b>)</span></li></ol>""}"
10698,3,"ASSESSMENT

1. Right knee posterior cruciate ligament strain.",2025-06-25T12:39:23.801322Z,D2N067,11098,"[{""start"":12,""end"":61,""text"":""1. Right knee posterior cruciate ligament strain."",""labels"":[""Acute Assessment""]}]",5.302,ASSESSMENT,D2N067_2,2025-06-25T12:39:23.801392Z,"{""Intent"": ""<b>ASSESSMENT</b><br><span style='color:#D84315; font-size:15px; margin-right:10px;'>Acute Assessment</span><span style='color:#689F38; font-size:15px; margin-right:10px;'>Reassessment</span><span style='color:#1E88E5; font-size:15px; margin-right:10px;'>Medications</span><span style='color:#9C27B0; font-size:15px; margin-right:10px;'>Diagnostic Testing</span><span style='color:#F06292; font-size:15px; margin-right:10px;'>Other Treatments</span><span style='color:#00897B; font-size:15px; margin-right:10px;'>Follow-up</span><span style='color:#C62828; font-size:15px; margin-right:10px;'>Discussion</span><span style='color:#6A1B9A; font-size:15px; margin-right:10px;'>Referral</span><span style='color:#C2185B; font-size:15px; margin-right:10px;'>Acute Symptoms</span><span style='color:#0288D1; font-size:15px; margin-right:10px;'>Personal Information</span><span style='color:#673AB7; font-size:15px; margin-right:10px;'>Personal History</span><span style='color:#EF6C00; font-size:15px; margin-right:10px;'>Family History</span><span style='color:#009688; font-size:15px; margin-right:10px;'>Drug History</span><span style='color:#303F9F; font-size:15px; margin-right:10px;'>Theraputic History</span><span style='color:#E91E63; font-size:15px; margin-right:10px;'>Vegetative History</span><span style='color:#26C6DA; font-size:15px; margin-right:10px;'>Other Social</span><span style='color:#00796B; font-size:15px; margin-right:10px;'>Physical Examination</span><span style='color:#5D4037; font-size:15px; margin-right:10px;'>Radiology Examination</span><span style='color:#F44336; font-size:15px; margin-right:10px;'>Lab Examination</span>"", ""Note"": ""<ol><li><span style='color:#D84315;' data-toggle='tooltip' data-html='true' title='Acute Assessment'>1. Right knee posterior cruciate ligament strain.</span> <span style='color:#D84315; font-size:14px;'>(<b>Acute Assessment</b>)</span></li></ol>""}"
10700,3,"Brian White is a 58-year-old male with a past medical history significant for congestive heart failure and hypertension, who presents today for follow up of his chronic problems.
Congestive heart failure.
- Medical Reasoning: The patient reports increased fatigue, dizziness, and chest discomfort on exertion. He also exhibits some jugular venous distention, lung base crackles, and lower extremity edema on exam today. He has been compliant with his current medications but admits to dietary indiscretion lately. His recent echocardiogram demonstrated a reduced ejection fraction of 45%, as well as mitral regurgitation.

Hypertension.
• Medical Reasoning: This is well controlled based on home monitoring.
",2025-06-25T12:41:51.665151Z,D2N068,11099,"[{""start"":0,""end"":33,""text"":""Brian White is a 58-year-old male"",""labels"":[""Personal Information""]},{""start"":34,""end"":119,""text"":""with a past medical history significant for congestive heart failure and hypertension"",""labels"":[""Personal History""]},{""start"":121,""end"":178,""text"":""who presents today for follow up of his chronic problems."",""labels"":[""Acute Symptoms""]},{""start"":179,""end"":308,""text"":""Congestive heart failure.\\n- Medical Reasoning: The patient reports increased fatigue, dizziness, and chest discomfort on exertion"",""labels"":[""Acute Symptoms""]},{""start"":310,""end"":418,""text"":""He also exhibits some jugular venous distention, lung base crackles, and lower extremity edema on exam today"",""labels"":[""Acute Symptoms""]},{""start"":419,""end"":513,""text"":"" He has been compliant with his current medications but admits to dietary indiscretion lately."",""labels"":[""Personal History""]},{""start"":514,""end"":621,""text"":""His recent echocardiogram demonstrated a reduced ejection fraction of 45%, as well as mitral regurgitation."",""labels"":[""Acute Assessment""]},{""start"":623,""end"":707,""text"":""Hypertension.\\n• Medical Reasoning: This is well controlled based on home monitoring."",""labels"":[""Reassessment""]}]",145.544,ASSESSMENT,D2N068_2,2025-06-25T12:41:51.665222Z,"{""Intent"": ""<b>ASSESSMENT</b><br><span style='color:#D84315; font-size:15px; margin-right:10px;'>Acute Assessment</span><span style='color:#689F38; font-size:15px; margin-right:10px;'>Reassessment</span><span style='color:#1E88E5; font-size:15px; margin-right:10px;'>Medications</span><span style='color:#9C27B0; font-size:15px; margin-right:10px;'>Diagnostic Testing</span><span style='color:#F06292; font-size:15px; margin-right:10px;'>Other Treatments</span><span style='color:#00897B; font-size:15px; margin-right:10px;'>Follow-up</span><span style='color:#C62828; font-size:15px; margin-right:10px;'>Discussion</span><span style='color:#6A1B9A; font-size:15px; margin-right:10px;'>Referral</span><span style='color:#C2185B; font-size:15px; margin-right:10px;'>Acute Symptoms</span><span style='color:#0288D1; font-size:15px; margin-right:10px;'>Personal Information</span><span style='color:#673AB7; font-size:15px; margin-right:10px;'>Personal History</span><span style='color:#EF6C00; font-size:15px; margin-right:10px;'>Family History</span><span style='color:#009688; font-size:15px; margin-right:10px;'>Drug History</span><span style='color:#303F9F; font-size:15px; margin-right:10px;'>Theraputic History</span><span style='color:#E91E63; font-size:15px; margin-right:10px;'>Vegetative History</span><span style='color:#26C6DA; font-size:15px; margin-right:10px;'>Other Social</span><span style='color:#00796B; font-size:15px; margin-right:10px;'>Physical Examination</span><span style='color:#5D4037; font-size:15px; margin-right:10px;'>Radiology Examination</span><span style='color:#F44336; font-size:15px; margin-right:10px;'>Lab Examination</span>"", ""Note"": ""<ol><li><span style='color:#0288D1;' data-toggle='tooltip' data-html='true' title='Personal Information'>Brian White is a 58-year-old male</span> <span style='color:#0288D1; font-size:14px;'>(<b>Personal Information</b>)</span></li><li><span style='color:#673AB7;' data-toggle='tooltip' data-html='true' title='Personal History'>with a past medical history significant for congestive heart failure and hypertension</span> <span style='color:#673AB7; font-size:14px;'>(<b>Personal History</b>)</span></li><li><span style='color:#C2185B;' data-toggle='tooltip' data-html='true' title='Acute Symptoms'>who presents today for follow up of his chronic problems.</span> <span style='color:#C2185B; font-size:14px;'>(<b>Acute Symptoms</b>)</span></li><li><span style='color:#C2185B;' data-toggle='tooltip' data-html='true' title='Acute Symptoms'>Congestive heart failure.\n- Medical Reasoning: The patient reports increased fatigue, dizziness, and chest discomfort on exertion</span> <span style='color:#C2185B; font-size:14px;'>(<b>Acute Symptoms</b>)</span></li><li><span style='color:#C2185B;' data-toggle='tooltip' data-html='true' title='Acute Symptoms'>He also exhibits some jugular venous distention, lung base crackles, and lower extremity edema on exam today</span> <span style='color:#C2185B; font-size:14px;'>(<b>Acute Symptoms</b>)</span></li><li><span style='color:#673AB7;' data-toggle='tooltip' data-html='true' title='Personal History'> He has been compliant with his current medications but admits to dietary indiscretion lately.</span> <span style='color:#673AB7; font-size:14px;'>(<b>Personal History</b>)</span></li><li><span style='color:#D84315;' data-toggle='tooltip' data-html='true' title='Acute Assessment'>His recent echocardiogram demonstrated a reduced ejection fraction of 45%, as well as mitral regurgitation.</span> <span style='color:#D84315; font-size:14px;'>(<b>Acute Assessment</b>)</span></li><li><span style='color:#689F38;' data-toggle='tooltip' data-html='true' title='Reassessment'>Hypertension.\n• Medical Reasoning: This is well controlled based on home monitoring.</span> <span style='color:#689F38; font-size:14px;'>(<b>Reassessment</b>)</span></li></ol>""}"
10702,3,"IMPRESSION

Right knee acute medial meniscus sprain.",2025-06-25T12:42:35.418511Z,D2N069,11100,"[{""start"":12,""end"":52,""text"":""Right knee acute medial meniscus sprain."",""labels"":[""Acute Assessment""]}]",40.862,ASSESSMENT,D2N069_2,2025-06-25T12:42:35.418555Z,"{""Intent"": ""<b>ASSESSMENT</b><br><span style='color:#D84315; font-size:15px; margin-right:10px;'>Acute Assessment</span><span style='color:#689F38; font-size:15px; margin-right:10px;'>Reassessment</span><span style='color:#1E88E5; font-size:15px; margin-right:10px;'>Medications</span><span style='color:#9C27B0; font-size:15px; margin-right:10px;'>Diagnostic Testing</span><span style='color:#F06292; font-size:15px; margin-right:10px;'>Other Treatments</span><span style='color:#00897B; font-size:15px; margin-right:10px;'>Follow-up</span><span style='color:#C62828; font-size:15px; margin-right:10px;'>Discussion</span><span style='color:#6A1B9A; font-size:15px; margin-right:10px;'>Referral</span><span style='color:#C2185B; font-size:15px; margin-right:10px;'>Acute Symptoms</span><span style='color:#0288D1; font-size:15px; margin-right:10px;'>Personal Information</span><span style='color:#673AB7; font-size:15px; margin-right:10px;'>Personal History</span><span style='color:#EF6C00; font-size:15px; margin-right:10px;'>Family History</span><span style='color:#009688; font-size:15px; margin-right:10px;'>Drug History</span><span style='color:#303F9F; font-size:15px; margin-right:10px;'>Theraputic History</span><span style='color:#E91E63; font-size:15px; margin-right:10px;'>Vegetative History</span><span style='color:#26C6DA; font-size:15px; margin-right:10px;'>Other Social</span><span style='color:#00796B; font-size:15px; margin-right:10px;'>Physical Examination</span><span style='color:#5D4037; font-size:15px; margin-right:10px;'>Radiology Examination</span><span style='color:#F44336; font-size:15px; margin-right:10px;'>Lab Examination</span>"", ""Note"": ""<ol><li><span style='color:#D84315;' data-toggle='tooltip' data-html='true' title='Acute Assessment'>Right knee acute medial meniscus sprain.</span> <span style='color:#D84315; font-size:14px;'>(<b>Acute Assessment</b>)</span></li></ol>""}"
10704,3,"Mr. Logan Walker is a 58-year-old male with a past medical history significant for diabetes type 2, hypertension, and osteoarthritis, who presents today with low back pain.

Lumbar strain.
- Medical Reasoning: He injured his lower back while moving heavy boxes. His recent x-ray was unremarkable.

Diabetes type 2.
• Medical Reasoning: His recent hemoglobin A1c was elevated at 8. He does admit to some dietary indiscretion lately.

Hypertension.
• Medical Reasoning: His blood pressures have been slightly elevated based on home monitoring and in clinic today.

Osteoarthritis.
• Medical Reasoning: This is mostly well controlled.
",2025-06-25T12:43:57.204949Z,D2N070,11101,"[{""start"":0,""end"":38,""text"":""Mr. Logan Walker is a 58-year-old male"",""labels"":[""Personal Information""]},{""start"":39,""end"":133,""text"":""with a past medical history significant for diabetes type 2, hypertension, and osteoarthritis,"",""labels"":[""Personal History""]},{""start"":134,""end"":172,""text"":""who presents today with low back pain.\\n"",""labels"":[""Acute Symptoms""]},{""start"":174,""end"":260,""text"":""Lumbar strain.\\n- Medical Reasoning: He injured his lower back while moving heavy boxes"",""labels"":[""Acute Symptoms""]},{""start"":262,""end"":296,""text"":""His recent x-ray was unremarkable."",""labels"":[""Radiology Examination""]},{""start"":298,""end"":314,""text"":""Diabetes type 2."",""labels"":[""Reassessment""]},{""start"":381,""end"":431,""text"":""He does admit to some dietary indiscretion lately.\\n"",""labels"":[""Personal History""]},{""start"":433,""end"":561,""text"":""Hypertension.\\n• Medical Reasoning: His blood pressures have been slightly elevated based on home monitoring and in clinic today."",""labels"":[""Reassessment""]},{""start"":563,""end"":631,""text"":""Osteoarthritis.\\n• Medical Reasoning: This is mostly well controlled.\\n"",""labels"":[""Reassessment""]},{""start"":315,""end"":379,""text"":""• Medical Reasoning: His recent hemoglobin A1c was elevated at 8"",""labels"":[""Lab Examination""]}]",97.113,ASSESSMENT,D2N070_2,2025-06-25T14:02:49.763240Z,"{""Intent"": ""<b>ASSESSMENT</b><br><span style='color:#D84315; font-size:15px; margin-right:10px;'>Acute Assessment</span><span style='color:#689F38; font-size:15px; margin-right:10px;'>Reassessment</span><span style='color:#1E88E5; font-size:15px; margin-right:10px;'>Medications</span><span style='color:#9C27B0; font-size:15px; margin-right:10px;'>Diagnostic Testing</span><span style='color:#F06292; font-size:15px; margin-right:10px;'>Other Treatments</span><span style='color:#00897B; font-size:15px; margin-right:10px;'>Follow-up</span><span style='color:#C62828; font-size:15px; margin-right:10px;'>Discussion</span><span style='color:#6A1B9A; font-size:15px; margin-right:10px;'>Referral</span><span style='color:#C2185B; font-size:15px; margin-right:10px;'>Acute Symptoms</span><span style='color:#0288D1; font-size:15px; margin-right:10px;'>Personal Information</span><span style='color:#673AB7; font-size:15px; margin-right:10px;'>Personal History</span><span style='color:#EF6C00; font-size:15px; margin-right:10px;'>Family History</span><span style='color:#009688; font-size:15px; margin-right:10px;'>Drug History</span><span style='color:#303F9F; font-size:15px; margin-right:10px;'>Theraputic History</span><span style='color:#E91E63; font-size:15px; margin-right:10px;'>Vegetative History</span><span style='color:#26C6DA; font-size:15px; margin-right:10px;'>Other Social</span><span style='color:#00796B; font-size:15px; margin-right:10px;'>Physical Examination</span><span style='color:#5D4037; font-size:15px; margin-right:10px;'>Radiology Examination</span><span style='color:#F44336; font-size:15px; margin-right:10px;'>Lab Examination</span>"", ""Note"": ""<ol><li><span style='color:#0288D1;' data-toggle='tooltip' data-html='true' title='Personal Information'>Mr. Logan Walker is a 58-year-old male</span> <span style='color:#0288D1; font-size:14px;'>(<b>Personal Information</b>)</span></li><li><span style='color:#673AB7;' data-toggle='tooltip' data-html='true' title='Personal History'>with a past medical history significant for diabetes type 2, hypertension, and osteoarthritis,</span> <span style='color:#673AB7; font-size:14px;'>(<b>Personal History</b>)</span></li><li><span style='color:#C2185B;' data-toggle='tooltip' data-html='true' title='Acute Symptoms'>who presents today with low back pain.</span> <span style='color:#C2185B; font-size:14px;'>(<b>Acute Symptoms</b>)</span></li><li><span style='color:#C2185B;' data-toggle='tooltip' data-html='true' title='Acute Symptoms'>Lumbar strain.\n- Medical Reasoning: He injured his lower back while moving heavy boxes</span> <span style='color:#C2185B; font-size:14px;'>(<b>Acute Symptoms</b>)</span></li><li><span style='color:#5D4037;' data-toggle='tooltip' data-html='true' title='Radiology Examination'>His recent x-ray was unremarkable.</span> <span style='color:#5D4037; font-size:14px;'>(<b>Radiology Examination</b>)</span></li><li><span style='color:#689F38;' data-toggle='tooltip' data-html='true' title='Reassessment'>Diabetes type 2.</span> <span style='color:#689F38; font-size:14px;'>(<b>Reassessment</b>)</span></li><li><span style='color:#F44336;' data-toggle='tooltip' data-html='true' title='Lab Examination'>• Medical Reasoning: His recent hemoglobin A1c was elevated at 8</span> <span style='color:#F44336; font-size:14px;'>(<b>Lab Examination</b>)</span></li><li><span style='color:#673AB7;' data-toggle='tooltip' data-html='true' title='Personal History'>He does admit to some dietary indiscretion lately.</span> <span style='color:#673AB7; font-size:14px;'>(<b>Personal History</b>)</span></li><li><span style='color:#689F38;' data-toggle='tooltip' data-html='true' title='Reassessment'>Hypertension.\n• Medical Reasoning: His blood pressures have been slightly elevated based on home monitoring and in clinic today.</span> <span style='color:#689F38; font-size:14px;'>(<b>Reassessment</b>)</span></li><li><span style='color:#689F38;' data-toggle='tooltip' data-html='true' title='Reassessment'>Osteoarthritis.\n• Medical Reasoning: This is mostly well controlled.</span> <span style='color:#689F38; font-size:14px;'>(<b>Reassessment</b>)</span></li></ol>""}"
10706,3,"Ralph Barnes is a 62-year-old male who presents for his annual examination.

Depression.
- Medical Reasoning: He is doing well with his current regimen.

History of lobectomy.
• Medical Reasoning: I do not think we need to do any more work up for this issue. He is able to exercise a lot and his breathing function is back. I do not think he needs to follow up with the surgeon anymore.

Hypertension.
• Medical Reasoning: He is doing well on his current regimen. His blood pressure was normal today and has been trending well over the past several years.

",2025-06-25T12:45:19.608998Z,D2N071,11102,"[{""start"":0,""end"":34,""text"":""Ralph Barnes is a 62-year-old male"",""labels"":[""Personal Information""]},{""start"":35,""end"":75,""text"":""who presents for his annual examination."",""labels"":[""Acute Symptoms""]},{""start"":77,""end"":151,""text"":""Depression.\\n- Medical Reasoning: He is doing well with his current regimen"",""labels"":[""Reassessment""]},{""start"":154,""end"":386,""text"":""History of lobectomy.\\n• Medical Reasoning: I do not think we need to do any more work up for this issue. He is able to exercise a lot and his breathing function is back. I do not think he needs to follow up with the surgeon anymore."",""labels"":[""Reassessment""]},{""start"":388,""end"":555,""text"":""Hypertension.\\n• Medical Reasoning: He is doing well on his current regimen. His blood pressure was normal today and has been trending well over the past several years."",""labels"":[""Reassessment""]}]",46.871,ASSESSMENT,D2N071_2,2025-06-25T12:45:19.609047Z,"{""Intent"": ""<b>ASSESSMENT</b><br><span style='color:#D84315; font-size:15px; margin-right:10px;'>Acute Assessment</span><span style='color:#689F38; font-size:15px; margin-right:10px;'>Reassessment</span><span style='color:#1E88E5; font-size:15px; margin-right:10px;'>Medications</span><span style='color:#9C27B0; font-size:15px; margin-right:10px;'>Diagnostic Testing</span><span style='color:#F06292; font-size:15px; margin-right:10px;'>Other Treatments</span><span style='color:#00897B; font-size:15px; margin-right:10px;'>Follow-up</span><span style='color:#C62828; font-size:15px; margin-right:10px;'>Discussion</span><span style='color:#6A1B9A; font-size:15px; margin-right:10px;'>Referral</span><span style='color:#C2185B; font-size:15px; margin-right:10px;'>Acute Symptoms</span><span style='color:#0288D1; font-size:15px; margin-right:10px;'>Personal Information</span><span style='color:#673AB7; font-size:15px; margin-right:10px;'>Personal History</span><span style='color:#EF6C00; font-size:15px; margin-right:10px;'>Family History</span><span style='color:#009688; font-size:15px; margin-right:10px;'>Drug History</span><span style='color:#303F9F; font-size:15px; margin-right:10px;'>Theraputic History</span><span style='color:#E91E63; font-size:15px; margin-right:10px;'>Vegetative History</span><span style='color:#26C6DA; font-size:15px; margin-right:10px;'>Other Social</span><span style='color:#00796B; font-size:15px; margin-right:10px;'>Physical Examination</span><span style='color:#5D4037; font-size:15px; margin-right:10px;'>Radiology Examination</span><span style='color:#F44336; font-size:15px; margin-right:10px;'>Lab Examination</span>"", ""Note"": ""<ol><li><span style='color:#0288D1;' data-toggle='tooltip' data-html='true' title='Personal Information'>Ralph Barnes is a 62-year-old male</span> <span style='color:#0288D1; font-size:14px;'>(<b>Personal Information</b>)</span></li><li><span style='color:#C2185B;' data-toggle='tooltip' data-html='true' title='Acute Symptoms'>who presents for his annual examination.</span> <span style='color:#C2185B; font-size:14px;'>(<b>Acute Symptoms</b>)</span></li><li><span style='color:#689F38;' data-toggle='tooltip' data-html='true' title='Reassessment'>Depression.\n- Medical Reasoning: He is doing well with his current regimen</span> <span style='color:#689F38; font-size:14px;'>(<b>Reassessment</b>)</span></li><li><span style='color:#689F38;' data-toggle='tooltip' data-html='true' title='Reassessment'>History of lobectomy.\n• Medical Reasoning: I do not think we need to do any more work up for this issue. He is able to exercise a lot and his breathing function is back. I do not think he needs to follow up with the surgeon anymore.</span> <span style='color:#689F38; font-size:14px;'>(<b>Reassessment</b>)</span></li><li><span style='color:#689F38;' data-toggle='tooltip' data-html='true' title='Reassessment'>Hypertension.\n• Medical Reasoning: He is doing well on his current regimen. His blood pressure was normal today and has been trending well over the past several years.</span> <span style='color:#689F38; font-size:14px;'>(<b>Reassessment</b>)</span></li></ol>""}"
10708,3,"IMPRESSION

Right hand index finger contusion at the tip of the finger.",2025-06-25T12:47:04.343657Z,D2N072,11103,"[{""start"":12,""end"":71,""text"":""Right hand index finger contusion at the tip of the finger."",""labels"":[""Acute Assessment""]}]",101.046,ASSESSMENT,D2N072_2,2025-06-25T12:47:04.343703Z,"{""Intent"": ""<b>ASSESSMENT</b><br><span style='color:#D84315; font-size:15px; margin-right:10px;'>Acute Assessment</span><span style='color:#689F38; font-size:15px; margin-right:10px;'>Reassessment</span><span style='color:#1E88E5; font-size:15px; margin-right:10px;'>Medications</span><span style='color:#9C27B0; font-size:15px; margin-right:10px;'>Diagnostic Testing</span><span style='color:#F06292; font-size:15px; margin-right:10px;'>Other Treatments</span><span style='color:#00897B; font-size:15px; margin-right:10px;'>Follow-up</span><span style='color:#C62828; font-size:15px; margin-right:10px;'>Discussion</span><span style='color:#6A1B9A; font-size:15px; margin-right:10px;'>Referral</span><span style='color:#C2185B; font-size:15px; margin-right:10px;'>Acute Symptoms</span><span style='color:#0288D1; font-size:15px; margin-right:10px;'>Personal Information</span><span style='color:#673AB7; font-size:15px; margin-right:10px;'>Personal History</span><span style='color:#EF6C00; font-size:15px; margin-right:10px;'>Family History</span><span style='color:#009688; font-size:15px; margin-right:10px;'>Drug History</span><span style='color:#303F9F; font-size:15px; margin-right:10px;'>Theraputic History</span><span style='color:#E91E63; font-size:15px; margin-right:10px;'>Vegetative History</span><span style='color:#26C6DA; font-size:15px; margin-right:10px;'>Other Social</span><span style='color:#00796B; font-size:15px; margin-right:10px;'>Physical Examination</span><span style='color:#5D4037; font-size:15px; margin-right:10px;'>Radiology Examination</span><span style='color:#F44336; font-size:15px; margin-right:10px;'>Lab Examination</span>"", ""Note"": ""<ol><li><span style='color:#D84315;' data-toggle='tooltip' data-html='true' title='Acute Assessment'>Right hand index finger contusion at the tip of the finger.</span> <span style='color:#D84315; font-size:14px;'>(<b>Acute Assessment</b>)</span></li></ol>""}"
10710,3,"ASSESSMENT

• Iron deficiency anemia

Mrs. Cooper is a 65-year-old female who was diagnosed with iron deficiency anemia in 12/2019 and was unable to donate blood. Her follow-up blood work in 01/2020 revealed a low hemoglobin, stable hematocrit, and normal iron labs, although, ferritin was low. She has been taking ferrous sulfate 325 mg by mouth.",2025-06-25T12:48:19.968543Z,D2N073,11104,"[{""start"":12,""end"":36,""text"":""• Iron deficiency anemia"",""labels"":[""Acute Assessment""]},{""start"":38,""end"":73,""text"":""Mrs. Cooper is a 65-year-old female"",""labels"":[""Personal Information""]},{""start"":74,""end"":161,""text"":""who was diagnosed with iron deficiency anemia in 12\/2019 and was unable to donate blood"",""labels"":[""Acute Symptoms""]},{""start"":163,""end"":293,""text"":""Her follow-up blood work in 01\/2020 revealed a low hemoglobin, stable hematocrit, and normal iron labs, although, ferritin was low"",""labels"":[""Acute Symptoms""]},{""start"":295,""end"":347,""text"":""She has been taking ferrous sulfate 325 mg by mouth."",""labels"":[""Theraputic History""]}]",72.781,ASSESSMENT,D2N073_2,2025-06-25T12:48:19.968584Z,"{""Intent"": ""<b>ASSESSMENT</b><br><span style='color:#D84315; font-size:15px; margin-right:10px;'>Acute Assessment</span><span style='color:#689F38; font-size:15px; margin-right:10px;'>Reassessment</span><span style='color:#1E88E5; font-size:15px; margin-right:10px;'>Medications</span><span style='color:#9C27B0; font-size:15px; margin-right:10px;'>Diagnostic Testing</span><span style='color:#F06292; font-size:15px; margin-right:10px;'>Other Treatments</span><span style='color:#00897B; font-size:15px; margin-right:10px;'>Follow-up</span><span style='color:#C62828; font-size:15px; margin-right:10px;'>Discussion</span><span style='color:#6A1B9A; font-size:15px; margin-right:10px;'>Referral</span><span style='color:#C2185B; font-size:15px; margin-right:10px;'>Acute Symptoms</span><span style='color:#0288D1; font-size:15px; margin-right:10px;'>Personal Information</span><span style='color:#673AB7; font-size:15px; margin-right:10px;'>Personal History</span><span style='color:#EF6C00; font-size:15px; margin-right:10px;'>Family History</span><span style='color:#009688; font-size:15px; margin-right:10px;'>Drug History</span><span style='color:#303F9F; font-size:15px; margin-right:10px;'>Theraputic History</span><span style='color:#E91E63; font-size:15px; margin-right:10px;'>Vegetative History</span><span style='color:#26C6DA; font-size:15px; margin-right:10px;'>Other Social</span><span style='color:#00796B; font-size:15px; margin-right:10px;'>Physical Examination</span><span style='color:#5D4037; font-size:15px; margin-right:10px;'>Radiology Examination</span><span style='color:#F44336; font-size:15px; margin-right:10px;'>Lab Examination</span>"", ""Note"": ""<ol><li><span style='color:#D84315;' data-toggle='tooltip' data-html='true' title='Acute Assessment'>• Iron deficiency anemia</span> <span style='color:#D84315; font-size:14px;'>(<b>Acute Assessment</b>)</span></li><li><span style='color:#0288D1;' data-toggle='tooltip' data-html='true' title='Personal Information'>Mrs. Cooper is a 65-year-old female</span> <span style='color:#0288D1; font-size:14px;'>(<b>Personal Information</b>)</span></li><li><span style='color:#C2185B;' data-toggle='tooltip' data-html='true' title='Acute Symptoms'>who was diagnosed with iron deficiency anemia in 12/2019 and was unable to donate blood</span> <span style='color:#C2185B; font-size:14px;'>(<b>Acute Symptoms</b>)</span></li><li><span style='color:#C2185B;' data-toggle='tooltip' data-html='true' title='Acute Symptoms'>Her follow-up blood work in 01/2020 revealed a low hemoglobin, stable hematocrit, and normal iron labs, although, ferritin was low</span> <span style='color:#C2185B; font-size:14px;'>(<b>Acute Symptoms</b>)</span></li><li><span style='color:#303F9F;' data-toggle='tooltip' data-html='true' title='Theraputic History'>She has been taking ferrous sulfate 325 mg by mouth.</span> <span style='color:#303F9F; font-size:14px;'>(<b>Theraputic History</b>)</span></li></ol>""}"
10713,3,"ASSESSMENT

• Pituitary adenoma
• Bitemporal hemianopia

Mr. Ward is a very pleasant 52-year-old male who has a benign appearing pituitary adenoma discovered on work up for worsening headaches. There is clinical and radiographical evidence of optic chiasmal compression, examination today revealed a bitemporal hemianopia. Radiographically this appears to be a benign pituitary adenoma but that there was no way to be sure without a pathological diagnosis. Surgical intervention to excise and decompress the pituitary fossa is indicated given optic chiasmal compression.",2025-06-25T12:52:55.574074Z,D2N074,11105,"[{""start"":12,""end"":31,""text"":""• Pituitary adenoma"",""labels"":[""Acute Assessment""]},{""start"":32,""end"":55,""text"":""• Bitemporal hemianopia"",""labels"":[""Acute Assessment""]},{""start"":57,""end"":101,""text"":""Mr. Ward is a very pleasant 52-year-old male"",""labels"":[""Personal Information""]},{""start"":102,""end"":192,""text"":""who has a benign appearing pituitary adenoma discovered on work up for worsening headaches"",""labels"":[""Acute Symptoms""]},{""start"":194,""end"":322,""text"":""There is clinical and radiographical evidence of optic chiasmal compression, examination today revealed a bitemporal hemianopia."",""labels"":[""Acute Assessment""]},{""start"":323,""end"":456,""text"":""Radiographically this appears to be a benign pituitary adenoma but that there was no way to be sure without a pathological diagnosis."",""labels"":[""Acute Assessment""]},{""start"":457,""end"":570,""text"":""Surgical intervention to excise and decompress the pituitary fossa is indicated given optic chiasmal compression."",""labels"":[""Other Treatments""]}]",272.057,ASSESSMENT,D2N074_2,2025-06-25T12:52:55.574122Z,"{""Intent"": ""<b>ASSESSMENT</b><br><span style='color:#D84315; font-size:15px; margin-right:10px;'>Acute Assessment</span><span style='color:#689F38; font-size:15px; margin-right:10px;'>Reassessment</span><span style='color:#1E88E5; font-size:15px; margin-right:10px;'>Medications</span><span style='color:#9C27B0; font-size:15px; margin-right:10px;'>Diagnostic Testing</span><span style='color:#F06292; font-size:15px; margin-right:10px;'>Other Treatments</span><span style='color:#00897B; font-size:15px; margin-right:10px;'>Follow-up</span><span style='color:#C62828; font-size:15px; margin-right:10px;'>Discussion</span><span style='color:#6A1B9A; font-size:15px; margin-right:10px;'>Referral</span><span style='color:#C2185B; font-size:15px; margin-right:10px;'>Acute Symptoms</span><span style='color:#0288D1; font-size:15px; margin-right:10px;'>Personal Information</span><span style='color:#673AB7; font-size:15px; margin-right:10px;'>Personal History</span><span style='color:#EF6C00; font-size:15px; margin-right:10px;'>Family History</span><span style='color:#009688; font-size:15px; margin-right:10px;'>Drug History</span><span style='color:#303F9F; font-size:15px; margin-right:10px;'>Theraputic History</span><span style='color:#E91E63; font-size:15px; margin-right:10px;'>Vegetative History</span><span style='color:#26C6DA; font-size:15px; margin-right:10px;'>Other Social</span><span style='color:#00796B; font-size:15px; margin-right:10px;'>Physical Examination</span><span style='color:#5D4037; font-size:15px; margin-right:10px;'>Radiology Examination</span><span style='color:#F44336; font-size:15px; margin-right:10px;'>Lab Examination</span>"", ""Note"": ""<ol><li><span style='color:#D84315;' data-toggle='tooltip' data-html='true' title='Acute Assessment'>• Pituitary adenoma</span> <span style='color:#D84315; font-size:14px;'>(<b>Acute Assessment</b>)</span></li><li><span style='color:#D84315;' data-toggle='tooltip' data-html='true' title='Acute Assessment'>• Bitemporal hemianopia</span> <span style='color:#D84315; font-size:14px;'>(<b>Acute Assessment</b>)</span></li><li><span style='color:#0288D1;' data-toggle='tooltip' data-html='true' title='Personal Information'>Mr. Ward is a very pleasant 52-year-old male</span> <span style='color:#0288D1; font-size:14px;'>(<b>Personal Information</b>)</span></li><li><span style='color:#C2185B;' data-toggle='tooltip' data-html='true' title='Acute Symptoms'>who has a benign appearing pituitary adenoma discovered on work up for worsening headaches</span> <span style='color:#C2185B; font-size:14px;'>(<b>Acute Symptoms</b>)</span></li><li><span style='color:#D84315;' data-toggle='tooltip' data-html='true' title='Acute Assessment'>There is clinical and radiographical evidence of optic chiasmal compression, examination today revealed a bitemporal hemianopia.</span> <span style='color:#D84315; font-size:14px;'>(<b>Acute Assessment</b>)</span></li><li><span style='color:#D84315;' data-toggle='tooltip' data-html='true' title='Acute Assessment'>Radiographically this appears to be a benign pituitary adenoma but that there was no way to be sure without a pathological diagnosis.</span> <span style='color:#D84315; font-size:14px;'>(<b>Acute Assessment</b>)</span></li><li><span style='color:#F06292;' data-toggle='tooltip' data-html='true' title='Other Treatments'>Surgical intervention to excise and decompress the pituitary fossa is indicated given optic chiasmal compression.</span> <span style='color:#F06292; font-size:14px;'>(<b>Other Treatments</b>)</span></li></ol>""}"
10714,3,"ASSESSMENT

The patient presents today following a visit to the emergency department in early 10/2020 for 4-days of sharp chest pain, made worse by eating, and dysphagia. Notably, the patient was experiencing higher levels of stress than normal for her at that time due to a job transition. Her cardiac evaluation in the emergency department was normal and she was referred to me for suspected esophagitis. The patient’s pain and associated dysphagia spontaneously resolved 3 days after her emergency department visit and has not recurred. Possible etiologies of her chest pain and dysphagia include GERD, dyspepsia, esophagitis, musculoskeletal etiologies, and anxiety. Based on her history today, I suspect she had an anxiety attack related to her job transition, plus or minus a contribution from musculoskeletal etiologies.

Non-cardiac chest pain.

Suspected etiology of anxiety with or without underlying musculoskeletal etiology.",2025-06-25T12:56:15.319669Z,D2N075,11106,"[{""start"":12,""end"":169,""text"":""The patient presents today following a visit to the emergency department in early 10\/2020 for 4-days of sharp chest pain, made worse by eating, and dysphagia"",""labels"":[""Acute Symptoms""]},{""start"":171,""end"":290,""text"":""Notably, the patient was experiencing higher levels of stress than normal for her at that time due to a job transition."",""labels"":[""Acute Symptoms""]},{""start"":291,""end"":406,""text"":""Her cardiac evaluation in the emergency department was normal and she was referred to me for suspected esophagitis."",""labels"":[""Acute Symptoms""]},{""start"":406,""end"":538,""text"":"" The patient’s pain and associated dysphagia spontaneously resolved 3 days after her emergency department visit and has not recurred"",""labels"":[""Acute Symptoms""]},{""start"":540,""end"":669,""text"":""Possible etiologies of her chest pain and dysphagia include GERD, dyspepsia, esophagitis, musculoskeletal etiologies, and anxiety"",""labels"":[""Acute Assessment""]},{""start"":671,""end"":827,""text"":""Based on her history today, I suspect she had an anxiety attack related to her job transition, plus or minus a contribution from musculoskeletal etiologies."",""labels"":[""Acute Assessment""]},{""start"":829,""end"":936,""text"":""Non-cardiac chest pain.\\n\\nSuspected etiology of anxiety with or without underlying musculoskeletal etiology."",""labels"":[""Acute Assessment""]}]",195.182,ASSESSMENT,D2N075_2,2025-06-25T12:56:15.319712Z,"{""Intent"": ""<b>ASSESSMENT</b><br><span style='color:#D84315; font-size:15px; margin-right:10px;'>Acute Assessment</span><span style='color:#689F38; font-size:15px; margin-right:10px;'>Reassessment</span><span style='color:#1E88E5; font-size:15px; margin-right:10px;'>Medications</span><span style='color:#9C27B0; font-size:15px; margin-right:10px;'>Diagnostic Testing</span><span style='color:#F06292; font-size:15px; margin-right:10px;'>Other Treatments</span><span style='color:#00897B; font-size:15px; margin-right:10px;'>Follow-up</span><span style='color:#C62828; font-size:15px; margin-right:10px;'>Discussion</span><span style='color:#6A1B9A; font-size:15px; margin-right:10px;'>Referral</span><span style='color:#C2185B; font-size:15px; margin-right:10px;'>Acute Symptoms</span><span style='color:#0288D1; font-size:15px; margin-right:10px;'>Personal Information</span><span style='color:#673AB7; font-size:15px; margin-right:10px;'>Personal History</span><span style='color:#EF6C00; font-size:15px; margin-right:10px;'>Family History</span><span style='color:#009688; font-size:15px; margin-right:10px;'>Drug History</span><span style='color:#303F9F; font-size:15px; margin-right:10px;'>Theraputic History</span><span style='color:#E91E63; font-size:15px; margin-right:10px;'>Vegetative History</span><span style='color:#26C6DA; font-size:15px; margin-right:10px;'>Other Social</span><span style='color:#00796B; font-size:15px; margin-right:10px;'>Physical Examination</span><span style='color:#5D4037; font-size:15px; margin-right:10px;'>Radiology Examination</span><span style='color:#F44336; font-size:15px; margin-right:10px;'>Lab Examination</span>"", ""Note"": ""<ol><li><span style='color:#C2185B;' data-toggle='tooltip' data-html='true' title='Acute Symptoms'>The patient presents today following a visit to the emergency department in early 10/2020 for 4-days of sharp chest pain, made worse by eating, and dysphagia</span> <span style='color:#C2185B; font-size:14px;'>(<b>Acute Symptoms</b>)</span></li><li><span style='color:#C2185B;' data-toggle='tooltip' data-html='true' title='Acute Symptoms'>Notably, the patient was experiencing higher levels of stress than normal for her at that time due to a job transition.</span> <span style='color:#C2185B; font-size:14px;'>(<b>Acute Symptoms</b>)</span></li><li><span style='color:#C2185B;' data-toggle='tooltip' data-html='true' title='Acute Symptoms'>Her cardiac evaluation in the emergency department was normal and she was referred to me for suspected esophagitis.</span> <span style='color:#C2185B; font-size:14px;'>(<b>Acute Symptoms</b>)</span></li><li><span style='color:#C2185B;' data-toggle='tooltip' data-html='true' title='Acute Symptoms'> The patient’s pain and associated dysphagia spontaneously resolved 3 days after her emergency department visit and has not recurred</span> <span style='color:#C2185B; font-size:14px;'>(<b>Acute Symptoms</b>)</span></li><li><span style='color:#D84315;' data-toggle='tooltip' data-html='true' title='Acute Assessment'>Possible etiologies of her chest pain and dysphagia include GERD, dyspepsia, esophagitis, musculoskeletal etiologies, and anxiety</span> <span style='color:#D84315; font-size:14px;'>(<b>Acute Assessment</b>)</span></li><li><span style='color:#D84315;' data-toggle='tooltip' data-html='true' title='Acute Assessment'>Based on her history today, I suspect she had an anxiety attack related to her job transition, plus or minus a contribution from musculoskeletal etiologies.</span> <span style='color:#D84315; font-size:14px;'>(<b>Acute Assessment</b>)</span></li><li><span style='color:#D84315;' data-toggle='tooltip' data-html='true' title='Acute Assessment'>Non-cardiac chest pain.\n\nSuspected etiology of anxiety with or without underlying musculoskeletal etiology.</span> <span style='color:#D84315; font-size:14px;'>(<b>Acute Assessment</b>)</span></li></ol>""}"
10716,3,"ASSESSMENT

• Smith-Magenis syndrome.
Katherine is a 22-month-old former 34+3-week-old twin with Smith-Magenis syndrome.
Several organ systems can be affected by this chromosomal deletion syndrome and congenital anomalies of the kidney and urinary tract have been reported in the literature.",2025-06-25T13:00:16.710587Z,D2N076,11107,"[{""start"":13,""end"":37,""text"":"" Smith-Magenis syndrome."",""labels"":[""Acute Assessment""]},{""start"":38,""end"":91,""text"":""Katherine is a 22-month-old former 34+3-week-old twin"",""labels"":[""Personal Information""]},{""start"":91,""end"":120,""text"":"" with Smith-Magenis syndrome."",""labels"":[""Acute Assessment""]},{""start"":121,""end"":291,""text"":""Several organ systems can be affected by this chromosomal deletion syndrome and congenital anomalies of the kidney and urinary tract have been reported in the literature."",""labels"":[""Acute Assessment""]}]",237.067,ASSESSMENT,D2N076_2,2025-06-25T13:00:16.710659Z,"{""Intent"": ""<b>ASSESSMENT</b><br><span style='color:#D84315; font-size:15px; margin-right:10px;'>Acute Assessment</span><span style='color:#689F38; font-size:15px; margin-right:10px;'>Reassessment</span><span style='color:#1E88E5; font-size:15px; margin-right:10px;'>Medications</span><span style='color:#9C27B0; font-size:15px; margin-right:10px;'>Diagnostic Testing</span><span style='color:#F06292; font-size:15px; margin-right:10px;'>Other Treatments</span><span style='color:#00897B; font-size:15px; margin-right:10px;'>Follow-up</span><span style='color:#C62828; font-size:15px; margin-right:10px;'>Discussion</span><span style='color:#6A1B9A; font-size:15px; margin-right:10px;'>Referral</span><span style='color:#C2185B; font-size:15px; margin-right:10px;'>Acute Symptoms</span><span style='color:#0288D1; font-size:15px; margin-right:10px;'>Personal Information</span><span style='color:#673AB7; font-size:15px; margin-right:10px;'>Personal History</span><span style='color:#EF6C00; font-size:15px; margin-right:10px;'>Family History</span><span style='color:#009688; font-size:15px; margin-right:10px;'>Drug History</span><span style='color:#303F9F; font-size:15px; margin-right:10px;'>Theraputic History</span><span style='color:#E91E63; font-size:15px; margin-right:10px;'>Vegetative History</span><span style='color:#26C6DA; font-size:15px; margin-right:10px;'>Other Social</span><span style='color:#00796B; font-size:15px; margin-right:10px;'>Physical Examination</span><span style='color:#5D4037; font-size:15px; margin-right:10px;'>Radiology Examination</span><span style='color:#F44336; font-size:15px; margin-right:10px;'>Lab Examination</span>"", ""Note"": ""<ol><li><span style='color:#D84315;' data-toggle='tooltip' data-html='true' title='Acute Assessment'> Smith-Magenis syndrome.</span> <span style='color:#D84315; font-size:14px;'>(<b>Acute Assessment</b>)</span></li><li><span style='color:#0288D1;' data-toggle='tooltip' data-html='true' title='Personal Information'>Katherine is a 22-month-old former 34+3-week-old twin</span> <span style='color:#0288D1; font-size:14px;'>(<b>Personal Information</b>)</span></li><li><span style='color:#D84315;' data-toggle='tooltip' data-html='true' title='Acute Assessment'> with Smith-Magenis syndrome.</span> <span style='color:#D84315; font-size:14px;'>(<b>Acute Assessment</b>)</span></li><li><span style='color:#D84315;' data-toggle='tooltip' data-html='true' title='Acute Assessment'>Several organ systems can be affected by this chromosomal deletion syndrome and congenital anomalies of the kidney and urinary tract have been reported in the literature.</span> <span style='color:#D84315; font-size:14px;'>(<b>Acute Assessment</b>)</span></li></ol>""}"
10718,3,"ASSESSMENT

Right wrist Colles fracture.",2025-06-25T13:00:55.445964Z,D2N077,11108,"[{""start"":12,""end"":40,""text"":""Right wrist Colles fracture."",""labels"":[""Acute Assessment""]}]",33.723,ASSESSMENT,D2N077_2,2025-06-25T13:00:55.446038Z,"{""Intent"": ""<b>ASSESSMENT</b><br><span style='color:#D84315; font-size:15px; margin-right:10px;'>Acute Assessment</span><span style='color:#689F38; font-size:15px; margin-right:10px;'>Reassessment</span><span style='color:#1E88E5; font-size:15px; margin-right:10px;'>Medications</span><span style='color:#9C27B0; font-size:15px; margin-right:10px;'>Diagnostic Testing</span><span style='color:#F06292; font-size:15px; margin-right:10px;'>Other Treatments</span><span style='color:#00897B; font-size:15px; margin-right:10px;'>Follow-up</span><span style='color:#C62828; font-size:15px; margin-right:10px;'>Discussion</span><span style='color:#6A1B9A; font-size:15px; margin-right:10px;'>Referral</span><span style='color:#C2185B; font-size:15px; margin-right:10px;'>Acute Symptoms</span><span style='color:#0288D1; font-size:15px; margin-right:10px;'>Personal Information</span><span style='color:#673AB7; font-size:15px; margin-right:10px;'>Personal History</span><span style='color:#EF6C00; font-size:15px; margin-right:10px;'>Family History</span><span style='color:#009688; font-size:15px; margin-right:10px;'>Drug History</span><span style='color:#303F9F; font-size:15px; margin-right:10px;'>Theraputic History</span><span style='color:#E91E63; font-size:15px; margin-right:10px;'>Vegetative History</span><span style='color:#26C6DA; font-size:15px; margin-right:10px;'>Other Social</span><span style='color:#00796B; font-size:15px; margin-right:10px;'>Physical Examination</span><span style='color:#5D4037; font-size:15px; margin-right:10px;'>Radiology Examination</span><span style='color:#F44336; font-size:15px; margin-right:10px;'>Lab Examination</span>"", ""Note"": ""<ol><li><span style='color:#D84315;' data-toggle='tooltip' data-html='true' title='Acute Assessment'>Right wrist Colles fracture.</span> <span style='color:#D84315; font-size:14px;'>(<b>Acute Assessment</b>)</span></li></ol>""}"
10720,3,"1. Right knee MCL strain.
- Medical Reasoning: Based on the physical examination findings, the patient has a MCL strain of the right knee. ",2025-06-25T13:03:49.667654Z,D2N078,11109,"[{""start"":0,""end"":138,""text"":""1. Right knee MCL strain.\\n- Medical Reasoning: Based on the physical examination findings, the patient has a MCL strain of the right knee."",""labels"":[""Acute Assessment""]}]",169.291,ASSESSMENT,D2N078_2,2025-06-25T13:03:49.667706Z,"{""Intent"": ""<b>ASSESSMENT</b><br><span style='color:#D84315; font-size:15px; margin-right:10px;'>Acute Assessment</span><span style='color:#689F38; font-size:15px; margin-right:10px;'>Reassessment</span><span style='color:#1E88E5; font-size:15px; margin-right:10px;'>Medications</span><span style='color:#9C27B0; font-size:15px; margin-right:10px;'>Diagnostic Testing</span><span style='color:#F06292; font-size:15px; margin-right:10px;'>Other Treatments</span><span style='color:#00897B; font-size:15px; margin-right:10px;'>Follow-up</span><span style='color:#C62828; font-size:15px; margin-right:10px;'>Discussion</span><span style='color:#6A1B9A; font-size:15px; margin-right:10px;'>Referral</span><span style='color:#C2185B; font-size:15px; margin-right:10px;'>Acute Symptoms</span><span style='color:#0288D1; font-size:15px; margin-right:10px;'>Personal Information</span><span style='color:#673AB7; font-size:15px; margin-right:10px;'>Personal History</span><span style='color:#EF6C00; font-size:15px; margin-right:10px;'>Family History</span><span style='color:#009688; font-size:15px; margin-right:10px;'>Drug History</span><span style='color:#303F9F; font-size:15px; margin-right:10px;'>Theraputic History</span><span style='color:#E91E63; font-size:15px; margin-right:10px;'>Vegetative History</span><span style='color:#26C6DA; font-size:15px; margin-right:10px;'>Other Social</span><span style='color:#00796B; font-size:15px; margin-right:10px;'>Physical Examination</span><span style='color:#5D4037; font-size:15px; margin-right:10px;'>Radiology Examination</span><span style='color:#F44336; font-size:15px; margin-right:10px;'>Lab Examination</span>"", ""Note"": ""<ol><li><span style='color:#D84315;' data-toggle='tooltip' data-html='true' title='Acute Assessment'>1. Right knee MCL strain.\n- Medical Reasoning: Based on the physical examination findings, the patient has a MCL strain of the right knee.</span> <span style='color:#D84315; font-size:14px;'>(<b>Acute Assessment</b>)</span></li></ol>""}"
10723,3,"ASSESSMENT

Left shoulder pain, most likely due to rotator cuff tendinopathy.",2025-06-25T13:06:12.196080Z,D2N079,11110,"[{""start"":12,""end"":77,""text"":""Left shoulder pain, most likely due to rotator cuff tendinopathy."",""labels"":[""Acute Assessment""]}]",138.85,ASSESSMENT,D2N079_2,2025-06-25T13:06:12.196135Z,"{""Intent"": ""<b>ASSESSMENT</b><br><span style='color:#D84315; font-size:15px; margin-right:10px;'>Acute Assessment</span><span style='color:#689F38; font-size:15px; margin-right:10px;'>Reassessment</span><span style='color:#1E88E5; font-size:15px; margin-right:10px;'>Medications</span><span style='color:#9C27B0; font-size:15px; margin-right:10px;'>Diagnostic Testing</span><span style='color:#F06292; font-size:15px; margin-right:10px;'>Other Treatments</span><span style='color:#00897B; font-size:15px; margin-right:10px;'>Follow-up</span><span style='color:#C62828; font-size:15px; margin-right:10px;'>Discussion</span><span style='color:#6A1B9A; font-size:15px; margin-right:10px;'>Referral</span><span style='color:#C2185B; font-size:15px; margin-right:10px;'>Acute Symptoms</span><span style='color:#0288D1; font-size:15px; margin-right:10px;'>Personal Information</span><span style='color:#673AB7; font-size:15px; margin-right:10px;'>Personal History</span><span style='color:#EF6C00; font-size:15px; margin-right:10px;'>Family History</span><span style='color:#009688; font-size:15px; margin-right:10px;'>Drug History</span><span style='color:#303F9F; font-size:15px; margin-right:10px;'>Theraputic History</span><span style='color:#E91E63; font-size:15px; margin-right:10px;'>Vegetative History</span><span style='color:#26C6DA; font-size:15px; margin-right:10px;'>Other Social</span><span style='color:#00796B; font-size:15px; margin-right:10px;'>Physical Examination</span><span style='color:#5D4037; font-size:15px; margin-right:10px;'>Radiology Examination</span><span style='color:#F44336; font-size:15px; margin-right:10px;'>Lab Examination</span>"", ""Note"": ""<ol><li><span style='color:#D84315;' data-toggle='tooltip' data-html='true' title='Acute Assessment'>Left shoulder pain, most likely due to rotator cuff tendinopathy.</span> <span style='color:#D84315; font-size:14px;'>(<b>Acute Assessment</b>)</span></li></ol>""}"
10724,3,"ASSESSMENT

1. Left knee pain.
2. Hypertension.
3. Diabetes mellitus type 2.",2025-06-25T13:06:35.647802Z,D2N080,11111,"[{""start"":12,""end"":29,""text"":""1. Left knee pain"",""labels"":[""Acute Assessment""]},{""start"":31,""end"":47,""text"":""2. Hypertension."",""labels"":[""Reassessment""]},{""start"":48,""end"":75,""text"":""3. Diabetes mellitus type 2"",""labels"":[""Reassessment""]}]",19.39,ASSESSMENT,D2N080_2,2025-06-25T13:06:35.647857Z,"{""Intent"": ""<b>ASSESSMENT</b><br><span style='color:#D84315; font-size:15px; margin-right:10px;'>Acute Assessment</span><span style='color:#689F38; font-size:15px; margin-right:10px;'>Reassessment</span><span style='color:#1E88E5; font-size:15px; margin-right:10px;'>Medications</span><span style='color:#9C27B0; font-size:15px; margin-right:10px;'>Diagnostic Testing</span><span style='color:#F06292; font-size:15px; margin-right:10px;'>Other Treatments</span><span style='color:#00897B; font-size:15px; margin-right:10px;'>Follow-up</span><span style='color:#C62828; font-size:15px; margin-right:10px;'>Discussion</span><span style='color:#6A1B9A; font-size:15px; margin-right:10px;'>Referral</span><span style='color:#C2185B; font-size:15px; margin-right:10px;'>Acute Symptoms</span><span style='color:#0288D1; font-size:15px; margin-right:10px;'>Personal Information</span><span style='color:#673AB7; font-size:15px; margin-right:10px;'>Personal History</span><span style='color:#EF6C00; font-size:15px; margin-right:10px;'>Family History</span><span style='color:#009688; font-size:15px; margin-right:10px;'>Drug History</span><span style='color:#303F9F; font-size:15px; margin-right:10px;'>Theraputic History</span><span style='color:#E91E63; font-size:15px; margin-right:10px;'>Vegetative History</span><span style='color:#26C6DA; font-size:15px; margin-right:10px;'>Other Social</span><span style='color:#00796B; font-size:15px; margin-right:10px;'>Physical Examination</span><span style='color:#5D4037; font-size:15px; margin-right:10px;'>Radiology Examination</span><span style='color:#F44336; font-size:15px; margin-right:10px;'>Lab Examination</span>"", ""Note"": ""<ol><li><span style='color:#D84315;' data-toggle='tooltip' data-html='true' title='Acute Assessment'>1. Left knee pain</span> <span style='color:#D84315; font-size:14px;'>(<b>Acute Assessment</b>)</span></li><li><span style='color:#689F38;' data-toggle='tooltip' data-html='true' title='Reassessment'>2. Hypertension.</span> <span style='color:#689F38; font-size:14px;'>(<b>Reassessment</b>)</span></li><li><span style='color:#689F38;' data-toggle='tooltip' data-html='true' title='Reassessment'>3. Diabetes mellitus type 2</span> <span style='color:#689F38; font-size:14px;'>(<b>Reassessment</b>)</span></li></ol>""}"
10726,3,"1. Stage III non-small cell lung cancer.
- Medical Reasoning: The patient has a recent diagnosis of stage III non-small cell lung cancer. Biopsy was positive for adenocarcinoma. Molecular testing is pending at this time.

2. Radiation pneumonitis.
- Medical Reasoning: The patient is experiencing a persistent dry cough. Recent x-rays are reviewed and demonstrated evidence of mild radiation pneumonitis.

3. Painful swallowing.
- Medical Reasoning: The patient is experiencing painful swallowing secondary to inflammation of the esophagus.",2025-06-25T13:08:18.913327Z,D2N081,11112,"[{""start"":0,""end"":136,""text"":""1. Stage III non-small cell lung cancer.\\n- Medical Reasoning: The patient has a recent diagnosis of stage III non-small cell lung cancer"",""labels"":[""Acute Assessment""]},{""start"":138,""end"":176,""text"":""Biopsy was positive for adenocarcinoma"",""labels"":[""Acute Assessment""]},{""start"":178,""end"":220,""text"":""Molecular testing is pending at this time."",""labels"":[""Diagnostic Testing""]},{""start"":222,""end"":319,""text"":""2. Radiation pneumonitis.\\n- Medical Reasoning: The patient is experiencing a persistent dry cough"",""labels"":[""Acute Assessment""]},{""start"":321,""end"":404,""text"":""Recent x-rays are reviewed and demonstrated evidence of mild radiation pneumonitis."",""labels"":[""Acute Assessment""]},{""start"":406,""end"":540,""text"":""3. Painful swallowing.\\n- Medical Reasoning: The patient is experiencing painful swallowing secondary to inflammation of the esophagus."",""labels"":[""Acute Assessment""]}]",100.401,ASSESSMENT,D2N081_2,2025-06-25T13:08:18.913378Z,"{""Intent"": ""<b>ASSESSMENT</b><br><span style='color:#D84315; font-size:15px; margin-right:10px;'>Acute Assessment</span><span style='color:#689F38; font-size:15px; margin-right:10px;'>Reassessment</span><span style='color:#1E88E5; font-size:15px; margin-right:10px;'>Medications</span><span style='color:#9C27B0; font-size:15px; margin-right:10px;'>Diagnostic Testing</span><span style='color:#F06292; font-size:15px; margin-right:10px;'>Other Treatments</span><span style='color:#00897B; font-size:15px; margin-right:10px;'>Follow-up</span><span style='color:#C62828; font-size:15px; margin-right:10px;'>Discussion</span><span style='color:#6A1B9A; font-size:15px; margin-right:10px;'>Referral</span><span style='color:#C2185B; font-size:15px; margin-right:10px;'>Acute Symptoms</span><span style='color:#0288D1; font-size:15px; margin-right:10px;'>Personal Information</span><span style='color:#673AB7; font-size:15px; margin-right:10px;'>Personal History</span><span style='color:#EF6C00; font-size:15px; margin-right:10px;'>Family History</span><span style='color:#009688; font-size:15px; margin-right:10px;'>Drug History</span><span style='color:#303F9F; font-size:15px; margin-right:10px;'>Theraputic History</span><span style='color:#E91E63; font-size:15px; margin-right:10px;'>Vegetative History</span><span style='color:#26C6DA; font-size:15px; margin-right:10px;'>Other Social</span><span style='color:#00796B; font-size:15px; margin-right:10px;'>Physical Examination</span><span style='color:#5D4037; font-size:15px; margin-right:10px;'>Radiology Examination</span><span style='color:#F44336; font-size:15px; margin-right:10px;'>Lab Examination</span>"", ""Note"": ""<ol><li><span style='color:#D84315;' data-toggle='tooltip' data-html='true' title='Acute Assessment'>1. Stage III non-small cell lung cancer.\n- Medical Reasoning: The patient has a recent diagnosis of stage III non-small cell lung cancer</span> <span style='color:#D84315; font-size:14px;'>(<b>Acute Assessment</b>)</span></li><li><span style='color:#D84315;' data-toggle='tooltip' data-html='true' title='Acute Assessment'>Biopsy was positive for adenocarcinoma</span> <span style='color:#D84315; font-size:14px;'>(<b>Acute Assessment</b>)</span></li><li><span style='color:#9C27B0;' data-toggle='tooltip' data-html='true' title='Diagnostic Testing'>Molecular testing is pending at this time.</span> <span style='color:#9C27B0; font-size:14px;'>(<b>Diagnostic Testing</b>)</span></li><li><span style='color:#D84315;' data-toggle='tooltip' data-html='true' title='Acute Assessment'>2. Radiation pneumonitis.\n- Medical Reasoning: The patient is experiencing a persistent dry cough</span> <span style='color:#D84315; font-size:14px;'>(<b>Acute Assessment</b>)</span></li><li><span style='color:#D84315;' data-toggle='tooltip' data-html='true' title='Acute Assessment'>Recent x-rays are reviewed and demonstrated evidence of mild radiation pneumonitis.</span> <span style='color:#D84315; font-size:14px;'>(<b>Acute Assessment</b>)</span></li><li><span style='color:#D84315;' data-toggle='tooltip' data-html='true' title='Acute Assessment'>3. Painful swallowing.\n- Medical Reasoning: The patient is experiencing painful swallowing secondary to inflammation of the esophagus.</span> <span style='color:#D84315; font-size:14px;'>(<b>Acute Assessment</b>)</span></li></ol>""}"
10728,3,"ASSESSMENT

IgA deficiency.",2025-06-25T13:13:28.974824Z,D2N082,11113,"[{""start"":12,""end"":27,""text"":""IgA deficiency."",""labels"":[""Acute Assessment""]}]",307.179,ASSESSMENT,D2N082_2,2025-06-25T13:13:28.974886Z,"{""Intent"": ""<b>ASSESSMENT</b><br><span style='color:#D84315; font-size:15px; margin-right:10px;'>Acute Assessment</span><span style='color:#689F38; font-size:15px; margin-right:10px;'>Reassessment</span><span style='color:#1E88E5; font-size:15px; margin-right:10px;'>Medications</span><span style='color:#9C27B0; font-size:15px; margin-right:10px;'>Diagnostic Testing</span><span style='color:#F06292; font-size:15px; margin-right:10px;'>Other Treatments</span><span style='color:#00897B; font-size:15px; margin-right:10px;'>Follow-up</span><span style='color:#C62828; font-size:15px; margin-right:10px;'>Discussion</span><span style='color:#6A1B9A; font-size:15px; margin-right:10px;'>Referral</span><span style='color:#C2185B; font-size:15px; margin-right:10px;'>Acute Symptoms</span><span style='color:#0288D1; font-size:15px; margin-right:10px;'>Personal Information</span><span style='color:#673AB7; font-size:15px; margin-right:10px;'>Personal History</span><span style='color:#EF6C00; font-size:15px; margin-right:10px;'>Family History</span><span style='color:#009688; font-size:15px; margin-right:10px;'>Drug History</span><span style='color:#303F9F; font-size:15px; margin-right:10px;'>Theraputic History</span><span style='color:#E91E63; font-size:15px; margin-right:10px;'>Vegetative History</span><span style='color:#26C6DA; font-size:15px; margin-right:10px;'>Other Social</span><span style='color:#00796B; font-size:15px; margin-right:10px;'>Physical Examination</span><span style='color:#5D4037; font-size:15px; margin-right:10px;'>Radiology Examination</span><span style='color:#F44336; font-size:15px; margin-right:10px;'>Lab Examination</span>"", ""Note"": ""<ol><li><span style='color:#D84315;' data-toggle='tooltip' data-html='true' title='Acute Assessment'>IgA deficiency.</span> <span style='color:#D84315; font-size:14px;'>(<b>Acute Assessment</b>)</span></li></ol>""}"
10729,3,"ASSESSMENT

Right medial epicondylitis.",2025-06-25T13:13:36.940285Z,D2N083,11114,"[{""start"":12,""end"":39,""text"":""Right medial epicondylitis."",""labels"":[""Acute Assessment""]}]",5.423,ASSESSMENT,D2N083_2,2025-06-25T13:13:36.940345Z,"{""Intent"": ""<b>ASSESSMENT</b><br><span style='color:#D84315; font-size:15px; margin-right:10px;'>Acute Assessment</span><span style='color:#689F38; font-size:15px; margin-right:10px;'>Reassessment</span><span style='color:#1E88E5; font-size:15px; margin-right:10px;'>Medications</span><span style='color:#9C27B0; font-size:15px; margin-right:10px;'>Diagnostic Testing</span><span style='color:#F06292; font-size:15px; margin-right:10px;'>Other Treatments</span><span style='color:#00897B; font-size:15px; margin-right:10px;'>Follow-up</span><span style='color:#C62828; font-size:15px; margin-right:10px;'>Discussion</span><span style='color:#6A1B9A; font-size:15px; margin-right:10px;'>Referral</span><span style='color:#C2185B; font-size:15px; margin-right:10px;'>Acute Symptoms</span><span style='color:#0288D1; font-size:15px; margin-right:10px;'>Personal Information</span><span style='color:#673AB7; font-size:15px; margin-right:10px;'>Personal History</span><span style='color:#EF6C00; font-size:15px; margin-right:10px;'>Family History</span><span style='color:#009688; font-size:15px; margin-right:10px;'>Drug History</span><span style='color:#303F9F; font-size:15px; margin-right:10px;'>Theraputic History</span><span style='color:#E91E63; font-size:15px; margin-right:10px;'>Vegetative History</span><span style='color:#26C6DA; font-size:15px; margin-right:10px;'>Other Social</span><span style='color:#00796B; font-size:15px; margin-right:10px;'>Physical Examination</span><span style='color:#5D4037; font-size:15px; margin-right:10px;'>Radiology Examination</span><span style='color:#F44336; font-size:15px; margin-right:10px;'>Lab Examination</span>"", ""Note"": ""<ol><li><span style='color:#D84315;' data-toggle='tooltip' data-html='true' title='Acute Assessment'>Right medial epicondylitis.</span> <span style='color:#D84315; font-size:14px;'>(<b>Acute Assessment</b>)</span></li></ol>""}"
10732,3,"1. CHF.
- Medical Reasoning: The patient’s recent epsiode resulting in the emergency room visit was likely caused by his dietary indiscretion and uncontrolled hypertension that we have been monitoring.

2. Hypertension.
- Medical Reasoning: This is currently uncontrolled.
3. Systolic ejection murmur.
- Medical Reasoning. Stable.",2025-06-25T13:16:03.759271Z,D2N084,11115,"[{""start"":0,""end"":201,""text"":""1. CHF.\\n- Medical Reasoning: The patient’s recent epsiode resulting in the emergency room visit was likely caused by his dietary indiscretion and uncontrolled hypertension that we have been monitoring.\\n"",""labels"":[""Reassessment""]},{""start"":203,""end"":272,""text"":""2. Hypertension.\\n- Medical Reasoning: This is currently uncontrolled."",""labels"":[""Reassessment""]},{""start"":273,""end"":330,""text"":""3. Systolic ejection murmur.\\n- Medical Reasoning. Stable."",""labels"":[""Reassessment""]}]",142.919,ASSESSMENT,D2N084_2,2025-06-25T13:16:03.759330Z,"{""Intent"": ""<b>ASSESSMENT</b><br><span style='color:#D84315; font-size:15px; margin-right:10px;'>Acute Assessment</span><span style='color:#689F38; font-size:15px; margin-right:10px;'>Reassessment</span><span style='color:#1E88E5; font-size:15px; margin-right:10px;'>Medications</span><span style='color:#9C27B0; font-size:15px; margin-right:10px;'>Diagnostic Testing</span><span style='color:#F06292; font-size:15px; margin-right:10px;'>Other Treatments</span><span style='color:#00897B; font-size:15px; margin-right:10px;'>Follow-up</span><span style='color:#C62828; font-size:15px; margin-right:10px;'>Discussion</span><span style='color:#6A1B9A; font-size:15px; margin-right:10px;'>Referral</span><span style='color:#C2185B; font-size:15px; margin-right:10px;'>Acute Symptoms</span><span style='color:#0288D1; font-size:15px; margin-right:10px;'>Personal Information</span><span style='color:#673AB7; font-size:15px; margin-right:10px;'>Personal History</span><span style='color:#EF6C00; font-size:15px; margin-right:10px;'>Family History</span><span style='color:#009688; font-size:15px; margin-right:10px;'>Drug History</span><span style='color:#303F9F; font-size:15px; margin-right:10px;'>Theraputic History</span><span style='color:#E91E63; font-size:15px; margin-right:10px;'>Vegetative History</span><span style='color:#26C6DA; font-size:15px; margin-right:10px;'>Other Social</span><span style='color:#00796B; font-size:15px; margin-right:10px;'>Physical Examination</span><span style='color:#5D4037; font-size:15px; margin-right:10px;'>Radiology Examination</span><span style='color:#F44336; font-size:15px; margin-right:10px;'>Lab Examination</span>"", ""Note"": ""<ol><li><span style='color:#689F38;' data-toggle='tooltip' data-html='true' title='Reassessment'>1. CHF.\n- Medical Reasoning: The patient’s recent epsiode resulting in the emergency room visit was likely caused by his dietary indiscretion and uncontrolled hypertension that we have been monitoring.</span> <span style='color:#689F38; font-size:14px;'>(<b>Reassessment</b>)</span></li><li><span style='color:#689F38;' data-toggle='tooltip' data-html='true' title='Reassessment'>2. Hypertension.\n- Medical Reasoning: This is currently uncontrolled.</span> <span style='color:#689F38; font-size:14px;'>(<b>Reassessment</b>)</span></li><li><span style='color:#689F38;' data-toggle='tooltip' data-html='true' title='Reassessment'>3. Systolic ejection murmur.\n- Medical Reasoning. Stable.</span> <span style='color:#689F38; font-size:14px;'>(<b>Reassessment</b>)</span></li></ol>""}"
10734,3,"1. Acute nephrolithiasis.
- Medical Reasoning: The patient presents with complaints of right-sided abdominal pain. His previous CT scan was reviewed and demonstrates a 0.5 cm kidney stone located in the proximal right ureter without evidence of hydronephrosis.",2025-06-25T13:17:37.591092Z,D2N085,11116,"[{""start"":0,""end"":25,""text"":""1. Acute nephrolithiasis."",""labels"":[""Acute Assessment""]},{""start"":27,""end"":113,""text"":"" Medical Reasoning: The patient presents with complaints of right-sided abdominal pain"",""labels"":[""Acute Symptoms""]},{""start"":115,""end"":260,""text"":""His previous CT scan was reviewed and demonstrates a 0.5 cm kidney stone located in the proximal right ureter without evidence of hydronephrosis."",""labels"":[""Acute Assessment""]}]",89.602,ASSESSMENT,D2N085_2,2025-06-25T13:17:37.591157Z,"{""Intent"": ""<b>ASSESSMENT</b><br><span style='color:#D84315; font-size:15px; margin-right:10px;'>Acute Assessment</span><span style='color:#689F38; font-size:15px; margin-right:10px;'>Reassessment</span><span style='color:#1E88E5; font-size:15px; margin-right:10px;'>Medications</span><span style='color:#9C27B0; font-size:15px; margin-right:10px;'>Diagnostic Testing</span><span style='color:#F06292; font-size:15px; margin-right:10px;'>Other Treatments</span><span style='color:#00897B; font-size:15px; margin-right:10px;'>Follow-up</span><span style='color:#C62828; font-size:15px; margin-right:10px;'>Discussion</span><span style='color:#6A1B9A; font-size:15px; margin-right:10px;'>Referral</span><span style='color:#C2185B; font-size:15px; margin-right:10px;'>Acute Symptoms</span><span style='color:#0288D1; font-size:15px; margin-right:10px;'>Personal Information</span><span style='color:#673AB7; font-size:15px; margin-right:10px;'>Personal History</span><span style='color:#EF6C00; font-size:15px; margin-right:10px;'>Family History</span><span style='color:#009688; font-size:15px; margin-right:10px;'>Drug History</span><span style='color:#303F9F; font-size:15px; margin-right:10px;'>Theraputic History</span><span style='color:#E91E63; font-size:15px; margin-right:10px;'>Vegetative History</span><span style='color:#26C6DA; font-size:15px; margin-right:10px;'>Other Social</span><span style='color:#00796B; font-size:15px; margin-right:10px;'>Physical Examination</span><span style='color:#5D4037; font-size:15px; margin-right:10px;'>Radiology Examination</span><span style='color:#F44336; font-size:15px; margin-right:10px;'>Lab Examination</span>"", ""Note"": ""<ol><li><span style='color:#D84315;' data-toggle='tooltip' data-html='true' title='Acute Assessment'>1. Acute nephrolithiasis.</span> <span style='color:#D84315; font-size:14px;'>(<b>Acute Assessment</b>)</span></li><li><span style='color:#C2185B;' data-toggle='tooltip' data-html='true' title='Acute Symptoms'> Medical Reasoning: The patient presents with complaints of right-sided abdominal pain</span> <span style='color:#C2185B; font-size:14px;'>(<b>Acute Symptoms</b>)</span></li><li><span style='color:#D84315;' data-toggle='tooltip' data-html='true' title='Acute Assessment'>His previous CT scan was reviewed and demonstrates a 0.5 cm kidney stone located in the proximal right ureter without evidence of hydronephrosis.</span> <span style='color:#D84315; font-size:14px;'>(<b>Acute Assessment</b>)</span></li></ol>""}"
10736,3,"ASSESSMENT

Right non-healing diabetic foot ulcer.
Diabetes.",2025-06-25T13:19:03.450121Z,D2N086,11117,"[{""start"":12,""end"":50,""text"":""Right non-healing diabetic foot ulcer."",""labels"":[""Acute Assessment""]},{""start"":51,""end"":60,""text"":""Diabetes."",""labels"":[""Reassessment""]}]",80.156,ASSESSMENT,D2N086_2,2025-06-25T13:19:03.450205Z,"{""Intent"": ""<b>ASSESSMENT</b><br><span style='color:#D84315; font-size:15px; margin-right:10px;'>Acute Assessment</span><span style='color:#689F38; font-size:15px; margin-right:10px;'>Reassessment</span><span style='color:#1E88E5; font-size:15px; margin-right:10px;'>Medications</span><span style='color:#9C27B0; font-size:15px; margin-right:10px;'>Diagnostic Testing</span><span style='color:#F06292; font-size:15px; margin-right:10px;'>Other Treatments</span><span style='color:#00897B; font-size:15px; margin-right:10px;'>Follow-up</span><span style='color:#C62828; font-size:15px; margin-right:10px;'>Discussion</span><span style='color:#6A1B9A; font-size:15px; margin-right:10px;'>Referral</span><span style='color:#C2185B; font-size:15px; margin-right:10px;'>Acute Symptoms</span><span style='color:#0288D1; font-size:15px; margin-right:10px;'>Personal Information</span><span style='color:#673AB7; font-size:15px; margin-right:10px;'>Personal History</span><span style='color:#EF6C00; font-size:15px; margin-right:10px;'>Family History</span><span style='color:#009688; font-size:15px; margin-right:10px;'>Drug History</span><span style='color:#303F9F; font-size:15px; margin-right:10px;'>Theraputic History</span><span style='color:#E91E63; font-size:15px; margin-right:10px;'>Vegetative History</span><span style='color:#26C6DA; font-size:15px; margin-right:10px;'>Other Social</span><span style='color:#00796B; font-size:15px; margin-right:10px;'>Physical Examination</span><span style='color:#5D4037; font-size:15px; margin-right:10px;'>Radiology Examination</span><span style='color:#F44336; font-size:15px; margin-right:10px;'>Lab Examination</span>"", ""Note"": ""<ol><li><span style='color:#D84315;' data-toggle='tooltip' data-html='true' title='Acute Assessment'>Right non-healing diabetic foot ulcer.</span> <span style='color:#D84315; font-size:14px;'>(<b>Acute Assessment</b>)</span></li><li><span style='color:#689F38;' data-toggle='tooltip' data-html='true' title='Reassessment'>Diabetes.</span> <span style='color:#689F38; font-size:14px;'>(<b>Reassessment</b>)</span></li></ol>""}"
10738,3,"1. Tick bite.
- Medical Reasoning: My concern is that he might have Lyme disease based on the presentation of his right knee.

2. Hypertension.
- Medical Reasoning: This is well-controlled at this time.

3. Diabetes type 2.
- Medical Reasoning: He is doing a good job managing his diabetes since his blood sugars are running in the 120s. I do not think we need to make any adjustments, but we will see what the hemoglobin A1c shows as that gives us an idea of what his blood sugars are doing on a long-term basis.",2025-06-25T13:21:22.184522Z,D2N087,11118,"[{""start"":0,""end"":125,""text"":""1. Tick bite.\\n- Medical Reasoning: My concern is that he might have Lyme disease based on the presentation of his right knee."",""labels"":[""Acute Assessment""]},{""start"":127,""end"":202,""text"":""2. Hypertension.\\n- Medical Reasoning: This is well-controlled at this time.\\n"",""labels"":[""Reassessment""]},{""start"":204,""end"":337,""text"":""3. Diabetes type 2.\\n- Medical Reasoning: He is doing a good job managing his diabetes since his blood sugars are running in the 120s."",""labels"":[""Reassessment""]},{""start"":338,""end"":513,""text"":""I do not think we need to make any adjustments, but we will see what the hemoglobin A1c shows as that gives us an idea of what his blood sugars are doing on a long-term basis."",""labels"":[""Discussion""]}]",135.3,ASSESSMENT,D2N087_2,2025-06-25T13:21:22.184566Z,"{""Intent"": ""<b>ASSESSMENT</b><br><span style='color:#D84315; font-size:15px; margin-right:10px;'>Acute Assessment</span><span style='color:#689F38; font-size:15px; margin-right:10px;'>Reassessment</span><span style='color:#1E88E5; font-size:15px; margin-right:10px;'>Medications</span><span style='color:#9C27B0; font-size:15px; margin-right:10px;'>Diagnostic Testing</span><span style='color:#F06292; font-size:15px; margin-right:10px;'>Other Treatments</span><span style='color:#00897B; font-size:15px; margin-right:10px;'>Follow-up</span><span style='color:#C62828; font-size:15px; margin-right:10px;'>Discussion</span><span style='color:#6A1B9A; font-size:15px; margin-right:10px;'>Referral</span><span style='color:#C2185B; font-size:15px; margin-right:10px;'>Acute Symptoms</span><span style='color:#0288D1; font-size:15px; margin-right:10px;'>Personal Information</span><span style='color:#673AB7; font-size:15px; margin-right:10px;'>Personal History</span><span style='color:#EF6C00; font-size:15px; margin-right:10px;'>Family History</span><span style='color:#009688; font-size:15px; margin-right:10px;'>Drug History</span><span style='color:#303F9F; font-size:15px; margin-right:10px;'>Theraputic History</span><span style='color:#E91E63; font-size:15px; margin-right:10px;'>Vegetative History</span><span style='color:#26C6DA; font-size:15px; margin-right:10px;'>Other Social</span><span style='color:#00796B; font-size:15px; margin-right:10px;'>Physical Examination</span><span style='color:#5D4037; font-size:15px; margin-right:10px;'>Radiology Examination</span><span style='color:#F44336; font-size:15px; margin-right:10px;'>Lab Examination</span>"", ""Note"": ""<ol><li><span style='color:#D84315;' data-toggle='tooltip' data-html='true' title='Acute Assessment'>1. Tick bite.\n- Medical Reasoning: My concern is that he might have Lyme disease based on the presentation of his right knee.</span> <span style='color:#D84315; font-size:14px;'>(<b>Acute Assessment</b>)</span></li><li><span style='color:#689F38;' data-toggle='tooltip' data-html='true' title='Reassessment'>2. Hypertension.\n- Medical Reasoning: This is well-controlled at this time.</span> <span style='color:#689F38; font-size:14px;'>(<b>Reassessment</b>)</span></li><li><span style='color:#689F38;' data-toggle='tooltip' data-html='true' title='Reassessment'>3. Diabetes type 2.\n- Medical Reasoning: He is doing a good job managing his diabetes since his blood sugars are running in the 120s.</span> <span style='color:#689F38; font-size:14px;'>(<b>Reassessment</b>)</span></li><li><span style='color:#C62828;' data-toggle='tooltip' data-html='true' title='Discussion'>I do not think we need to make any adjustments, but we will see what the hemoglobin A1c shows as that gives us an idea of what his blood sugars are doing on a long-term basis.</span> <span style='color:#C62828; font-size:14px;'>(<b>Discussion</b>)</span></li></ol>""}"
